--------------------------------------------------------
--  File created - Sunday-February-23-2025   
--------------------------------------------------------

--------------------------------------------------------
--  DDL for Table CATEGORIA
--------------------------------------------------------

  CREATE TABLE "USR_CLOTHES"."CATEGORIA" 
   (	"CATEGORIA_ID" NUMBER(11,0), 
	"NOMBRE_CATEGORIA" VARCHAR2(20 BYTE)
   ) SEGMENT CREATION IMMEDIATE 
  PCTFREE 10 PCTUSED 40 INITRANS 1 MAXTRANS 255 
 NOCOMPRESS LOGGING
  STORAGE(INITIAL 65536 NEXT 1048576 MINEXTENTS 1 MAXEXTENTS 2147483645
  PCTINCREASE 0 FREELISTS 1 FREELIST GROUPS 1
  BUFFER_POOL DEFAULT FLASH_CACHE DEFAULT CELL_FLASH_CACHE DEFAULT)
  TABLESPACE "TBS_CLOTHES" ;
--------------------------------------------------------
--  DDL for Table CATEGORIA_DEPARTAMENTO
--------------------------------------------------------

  CREATE TABLE "USR_CLOTHES"."CATEGORIA_DEPARTAMENTO" 
   (	"ID_CATEGORIA" NUMBER(2,0), 
	"DEPARTAMENTO_ID" NUMBER(2,0)
   ) SEGMENT CREATION IMMEDIATE 
  PCTFREE 10 PCTUSED 40 INITRANS 1 MAXTRANS 255 
 NOCOMPRESS LOGGING
  STORAGE(INITIAL 65536 NEXT 1048576 MINEXTENTS 1 MAXEXTENTS 2147483645
  PCTINCREASE 0 FREELISTS 1 FREELIST GROUPS 1
  BUFFER_POOL DEFAULT FLASH_CACHE DEFAULT CELL_FLASH_CACHE DEFAULT)
  TABLESPACE "TBS_CLOTHES" ;
--------------------------------------------------------
--  DDL for Table DEPARTAMENTO
--------------------------------------------------------

  CREATE TABLE "USR_CLOTHES"."DEPARTAMENTO" 
   (	"DEPARTAMENTO_ID" NUMBER(2,0), 
	"NOMBRE_DEPARTAMENTO" VARCHAR2(30 BYTE)
   ) SEGMENT CREATION IMMEDIATE 
  PCTFREE 10 PCTUSED 40 INITRANS 1 MAXTRANS 255 
 NOCOMPRESS LOGGING
  STORAGE(INITIAL 65536 NEXT 1048576 MINEXTENTS 1 MAXEXTENTS 2147483645
  PCTINCREASE 0 FREELISTS 1 FREELIST GROUPS 1
  BUFFER_POOL DEFAULT FLASH_CACHE DEFAULT CELL_FLASH_CACHE DEFAULT)
  TABLESPACE "TBS_CLOTHES" ;
--------------------------------------------------------
--  DDL for Table DETALLE_DEVOLUCION
--------------------------------------------------------

  CREATE TABLE "USR_CLOTHES"."DETALLE_DEVOLUCION" 
   (	"DETALLE_DEVOLUCION_ID" NUMBER(5,0), 
	"FECHA_DEVOLUCION" DATE, 
	"MOTIVO" VARCHAR2(50 BYTE), 
	"CANTIDAD" NUMBER(*,0), 
	"PRENDA_ID" NUMBER(5,0), 
	"DETALLE_VENTA_ID" NUMBER(5,0)
   ) SEGMENT CREATION IMMEDIATE 
  PCTFREE 10 PCTUSED 40 INITRANS 1 MAXTRANS 255 
 NOCOMPRESS LOGGING
  STORAGE(INITIAL 65536 NEXT 1048576 MINEXTENTS 1 MAXEXTENTS 2147483645
  PCTINCREASE 0 FREELISTS 1 FREELIST GROUPS 1
  BUFFER_POOL DEFAULT FLASH_CACHE DEFAULT CELL_FLASH_CACHE DEFAULT)
  TABLESPACE "TBS_CLOTHES" ;
--------------------------------------------------------
--  DDL for Table DETALLE_VENTA
--------------------------------------------------------

  CREATE TABLE "USR_CLOTHES"."DETALLE_VENTA" 
   (	"DETALLE_VENTA_ID" NUMBER(5,0), 
	"TOTAL" NUMBER(6,2), 
	"FECHA" DATE, 
	"EMPLEADO_ID" NUMBER(5,0)
   ) SEGMENT CREATION IMMEDIATE 
  PCTFREE 10 PCTUSED 40 INITRANS 1 MAXTRANS 255 
 NOCOMPRESS LOGGING
  STORAGE(INITIAL 65536 NEXT 1048576 MINEXTENTS 1 MAXEXTENTS 2147483645
  PCTINCREASE 0 FREELISTS 1 FREELIST GROUPS 1
  BUFFER_POOL DEFAULT FLASH_CACHE DEFAULT CELL_FLASH_CACHE DEFAULT)
  TABLESPACE "TBS_CLOTHES" ;
--------------------------------------------------------
--  DDL for Table EMPLEADO
--------------------------------------------------------

  CREATE TABLE "USR_CLOTHES"."EMPLEADO" 
   (	"EMPLEADO_ID" NUMBER(5,0), 
	"NOMBRE" VARCHAR2(15 BYTE), 
	"APELLIDO_PATERNO" VARCHAR2(15 BYTE), 
	"APELLIDO_MATERNO" VARCHAR2(15 BYTE), 
	"TELEFONO" NUMBER(10,0), 
	"EMAIL" VARCHAR2(30 BYTE), 
	"DIRECCION" VARCHAR2(40 BYTE), 
	"FECHA_CONTRATACION" DATE
   ) SEGMENT CREATION IMMEDIATE 
  PCTFREE 10 PCTUSED 40 INITRANS 1 MAXTRANS 255 
 NOCOMPRESS LOGGING
  STORAGE(INITIAL 65536 NEXT 1048576 MINEXTENTS 1 MAXEXTENTS 2147483645
  PCTINCREASE 0 FREELISTS 1 FREELIST GROUPS 1
  BUFFER_POOL DEFAULT FLASH_CACHE DEFAULT CELL_FLASH_CACHE DEFAULT)
  TABLESPACE "TBS_CLOTHES" ;
--------------------------------------------------------
--  DDL for Table MARCA
--------------------------------------------------------

  CREATE TABLE "USR_CLOTHES"."MARCA" 
   (	"MARCA_ID" NUMBER(2,0), 
	"NOMBRE_MARCA" VARCHAR2(15 BYTE)
   ) SEGMENT CREATION IMMEDIATE 
  PCTFREE 10 PCTUSED 40 INITRANS 1 MAXTRANS 255 
 NOCOMPRESS LOGGING
  STORAGE(INITIAL 65536 NEXT 1048576 MINEXTENTS 1 MAXEXTENTS 2147483645
  PCTINCREASE 0 FREELISTS 1 FREELIST GROUPS 1
  BUFFER_POOL DEFAULT FLASH_CACHE DEFAULT CELL_FLASH_CACHE DEFAULT)
  TABLESPACE "TBS_CLOTHES" ;
--------------------------------------------------------
--  DDL for Table MATERIAL
--------------------------------------------------------

  CREATE TABLE "USR_CLOTHES"."MATERIAL" 
   (	"MATERIAL_ID" NUMBER(2,0), 
	"NOMBRE_MATERIAL" VARCHAR2(15 BYTE)
   ) SEGMENT CREATION IMMEDIATE 
  PCTFREE 10 PCTUSED 40 INITRANS 1 MAXTRANS 255 
 NOCOMPRESS LOGGING
  STORAGE(INITIAL 65536 NEXT 1048576 MINEXTENTS 1 MAXEXTENTS 2147483645
  PCTINCREASE 0 FREELISTS 1 FREELIST GROUPS 1
  BUFFER_POOL DEFAULT FLASH_CACHE DEFAULT CELL_FLASH_CACHE DEFAULT)
  TABLESPACE "TBS_CLOTHES" ;
--------------------------------------------------------
--  DDL for Table PRENDA
--------------------------------------------------------

  CREATE TABLE "USR_CLOTHES"."PRENDA" 
   (	"PRENDA_ID" NUMBER(5,0), 
	"NOMBRE_PRENDA" VARCHAR2(30 BYTE), 
	"PRECIO" NUMBER(6,2), 
	"CATEGORIA_ID" NUMBER(11,0), 
	"MATERIAL_ID" NUMBER(2,0), 
	"MARCA_ID" NUMBER(2,0)
   ) SEGMENT CREATION IMMEDIATE 
  PCTFREE 10 PCTUSED 40 INITRANS 1 MAXTRANS 255 
 NOCOMPRESS LOGGING
  STORAGE(INITIAL 65536 NEXT 1048576 MINEXTENTS 1 MAXEXTENTS 2147483645
  PCTINCREASE 0 FREELISTS 1 FREELIST GROUPS 1
  BUFFER_POOL DEFAULT FLASH_CACHE DEFAULT CELL_FLASH_CACHE DEFAULT)
  TABLESPACE "TBS_CLOTHES" ;
--------------------------------------------------------
--  DDL for Table PRENDA_PROVEEDOR
--------------------------------------------------------

  CREATE TABLE "USR_CLOTHES"."PRENDA_PROVEEDOR" 
   (	"PRENDA_ID" NUMBER(5,0), 
	"PROVEEDOR_ID" NUMBER(*,0)
   ) SEGMENT CREATION IMMEDIATE 
  PCTFREE 10 PCTUSED 40 INITRANS 1 MAXTRANS 255 
 NOCOMPRESS LOGGING
  STORAGE(INITIAL 65536 NEXT 1048576 MINEXTENTS 1 MAXEXTENTS 2147483645
  PCTINCREASE 0 FREELISTS 1 FREELIST GROUPS 1
  BUFFER_POOL DEFAULT FLASH_CACHE DEFAULT CELL_FLASH_CACHE DEFAULT)
  TABLESPACE "TBS_CLOTHES" ;
--------------------------------------------------------
--  DDL for Table PRENDA_TALLA
--------------------------------------------------------

  CREATE TABLE "USR_CLOTHES"."PRENDA_TALLA" 
   (	"PRENDA_ID" NUMBER(5,0), 
	"TALLA_ID" NUMBER(2,0), 
	"STOCK" NUMBER(*,0)
   ) SEGMENT CREATION IMMEDIATE 
  PCTFREE 10 PCTUSED 40 INITRANS 1 MAXTRANS 255 
 NOCOMPRESS LOGGING
  STORAGE(INITIAL 65536 NEXT 1048576 MINEXTENTS 1 MAXEXTENTS 2147483645
  PCTINCREASE 0 FREELISTS 1 FREELIST GROUPS 1
  BUFFER_POOL DEFAULT FLASH_CACHE DEFAULT CELL_FLASH_CACHE DEFAULT)
  TABLESPACE "TBS_CLOTHES" ;
--------------------------------------------------------
--  DDL for Table PROVEEDOR
--------------------------------------------------------

  CREATE TABLE "USR_CLOTHES"."PROVEEDOR" 
   (	"PROVEEDOR_ID" NUMBER(*,0), 
	"NOMBRE_PROVEEDOR" VARCHAR2(30 BYTE), 
	"TELEFONO" NUMBER(10,0), 
	"EMAIL" VARCHAR2(30 BYTE), 
	"DIRECCION" VARCHAR2(50 BYTE)
   ) SEGMENT CREATION IMMEDIATE 
  PCTFREE 10 PCTUSED 40 INITRANS 1 MAXTRANS 255 
 NOCOMPRESS LOGGING
  STORAGE(INITIAL 65536 NEXT 1048576 MINEXTENTS 1 MAXEXTENTS 2147483645
  PCTINCREASE 0 FREELISTS 1 FREELIST GROUPS 1
  BUFFER_POOL DEFAULT FLASH_CACHE DEFAULT CELL_FLASH_CACHE DEFAULT)
  TABLESPACE "TBS_CLOTHES" ;
--------------------------------------------------------
--  DDL for Table TALLA
--------------------------------------------------------

  CREATE TABLE "USR_CLOTHES"."TALLA" 
   (	"TALLA_ID" NUMBER(2,0), 
	"NOMBRE_TALLA" VARCHAR2(5 BYTE)
   ) SEGMENT CREATION IMMEDIATE 
  PCTFREE 10 PCTUSED 40 INITRANS 1 MAXTRANS 255 
 NOCOMPRESS LOGGING
  STORAGE(INITIAL 65536 NEXT 1048576 MINEXTENTS 1 MAXEXTENTS 2147483645
  PCTINCREASE 0 FREELISTS 1 FREELIST GROUPS 1
  BUFFER_POOL DEFAULT FLASH_CACHE DEFAULT CELL_FLASH_CACHE DEFAULT)
  TABLESPACE "TBS_CLOTHES" ;
--------------------------------------------------------
--  DDL for Table VENTA_PRENDA
--------------------------------------------------------

  CREATE TABLE "USR_CLOTHES"."VENTA_PRENDA" 
   (	"PRENDA_ID" NUMBER(5,0), 
	"DETALLE_VENTA_ID" NUMBER(5,0), 
	"CANTIDAD" NUMBER(*,0), 
	"PRECIO_UNITARIO" NUMBER(6,2), 
	"SUBTOTAL" NUMBER(8,2)
   ) SEGMENT CREATION IMMEDIATE 
  PCTFREE 10 PCTUSED 40 INITRANS 1 MAXTRANS 255 
 NOCOMPRESS LOGGING
  STORAGE(INITIAL 65536 NEXT 1048576 MINEXTENTS 1 MAXEXTENTS 2147483645
  PCTINCREASE 0 FREELISTS 1 FREELIST GROUPS 1
  BUFFER_POOL DEFAULT FLASH_CACHE DEFAULT CELL_FLASH_CACHE DEFAULT)
  TABLESPACE "TBS_CLOTHES" ;
REM INSERTING into USR_CLOTHES.CATEGORIA
SET DEFINE OFF;
Insert into USR_CLOTHES.CATEGORIA (CATEGORIA_ID,NOMBRE_CATEGORIA) values (50,'test1');
Insert into USR_CLOTHES.CATEGORIA (CATEGORIA_ID,NOMBRE_CATEGORIA) values (1,'Camisetas');
Insert into USR_CLOTHES.CATEGORIA (CATEGORIA_ID,NOMBRE_CATEGORIA) values (2,'Pantalones');
Insert into USR_CLOTHES.CATEGORIA (CATEGORIA_ID,NOMBRE_CATEGORIA) values (3,'Zapatos');
Insert into USR_CLOTHES.CATEGORIA (CATEGORIA_ID,NOMBRE_CATEGORIA) values (4,'Accesorios');
Insert into USR_CLOTHES.CATEGORIA (CATEGORIA_ID,NOMBRE_CATEGORIA) values (5,'Abrigos');
Insert into USR_CLOTHES.CATEGORIA (CATEGORIA_ID,NOMBRE_CATEGORIA) values (6,'Ropa Interior');
Insert into USR_CLOTHES.CATEGORIA (CATEGORIA_ID,NOMBRE_CATEGORIA) values (7,'Blusas');
Insert into USR_CLOTHES.CATEGORIA (CATEGORIA_ID,NOMBRE_CATEGORIA) values (8,'Faldas');
Insert into USR_CLOTHES.CATEGORIA (CATEGORIA_ID,NOMBRE_CATEGORIA) values (9,'Sueteres');
Insert into USR_CLOTHES.CATEGORIA (CATEGORIA_ID,NOMBRE_CATEGORIA) values (10,'Chaquetas');
Insert into USR_CLOTHES.CATEGORIA (CATEGORIA_ID,NOMBRE_CATEGORIA) values (11,'Ropa Casual');
Insert into USR_CLOTHES.CATEGORIA (CATEGORIA_ID,NOMBRE_CATEGORIA) values (12,'Sudaderas');
Insert into USR_CLOTHES.CATEGORIA (CATEGORIA_ID,NOMBRE_CATEGORIA) values (13,'Kimonos');
Insert into USR_CLOTHES.CATEGORIA (CATEGORIA_ID,NOMBRE_CATEGORIA) values (14,'Chalecos');
Insert into USR_CLOTHES.CATEGORIA (CATEGORIA_ID,NOMBRE_CATEGORIA) values (15,'Túnicas');
Insert into USR_CLOTHES.CATEGORIA (CATEGORIA_ID,NOMBRE_CATEGORIA) values (16,'Leotardos');
Insert into USR_CLOTHES.CATEGORIA (CATEGORIA_ID,NOMBRE_CATEGORIA) values (17,'Ropa étnica');
Insert into USR_CLOTHES.CATEGORIA (CATEGORIA_ID,NOMBRE_CATEGORIA) values (18,'Ropa de Alta Costura');
Insert into USR_CLOTHES.CATEGORIA (CATEGORIA_ID,NOMBRE_CATEGORIA) values (19,'Ropa de Yoga');
Insert into USR_CLOTHES.CATEGORIA (CATEGORIA_ID,NOMBRE_CATEGORIA) values (20,'Ropa de Danza');
Insert into USR_CLOTHES.CATEGORIA (CATEGORIA_ID,NOMBRE_CATEGORIA) values (21,'Ropa para Mascotas');
Insert into USR_CLOTHES.CATEGORIA (CATEGORIA_ID,NOMBRE_CATEGORIA) values (22,'Uniformes Escolares');
Insert into USR_CLOTHES.CATEGORIA (CATEGORIA_ID,NOMBRE_CATEGORIA) values (23,'Mallas Deportivas');
Insert into USR_CLOTHES.CATEGORIA (CATEGORIA_ID,NOMBRE_CATEGORIA) values (24,'Ropa de Carnaval');
Insert into USR_CLOTHES.CATEGORIA (CATEGORIA_ID,NOMBRE_CATEGORIA) values (25,'Monos');
Insert into USR_CLOTHES.CATEGORIA (CATEGORIA_ID,NOMBRE_CATEGORIA) values (26,'Ropa de Gala');
Insert into USR_CLOTHES.CATEGORIA (CATEGORIA_ID,NOMBRE_CATEGORIA) values (27,'Ropa Vintage');
Insert into USR_CLOTHES.CATEGORIA (CATEGORIA_ID,NOMBRE_CATEGORIA) values (28,'Trajes Tradicionales');
Insert into USR_CLOTHES.CATEGORIA (CATEGORIA_ID,NOMBRE_CATEGORIA) values (29,'Ropa de Lactancia');
Insert into USR_CLOTHES.CATEGORIA (CATEGORIA_ID,NOMBRE_CATEGORIA) values (30,'Ropa de Maternidad');
Insert into USR_CLOTHES.CATEGORIA (CATEGORIA_ID,NOMBRE_CATEGORIA) values (31,'Ropa de Chef');
Insert into USR_CLOTHES.CATEGORIA (CATEGORIA_ID,NOMBRE_CATEGORIA) values (32,'Ropa de Laboratorio');
Insert into USR_CLOTHES.CATEGORIA (CATEGORIA_ID,NOMBRE_CATEGORIA) values (33,'Ropa para Ciclismo');
Insert into USR_CLOTHES.CATEGORIA (CATEGORIA_ID,NOMBRE_CATEGORIA) values (34,'Ropa de Montaña');
Insert into USR_CLOTHES.CATEGORIA (CATEGORIA_ID,NOMBRE_CATEGORIA) values (35,'Ropa de Piel');
Insert into USR_CLOTHES.CATEGORIA (CATEGORIA_ID,NOMBRE_CATEGORIA) values (36,'Ropa de Invierno');
Insert into USR_CLOTHES.CATEGORIA (CATEGORIA_ID,NOMBRE_CATEGORIA) values (37,'Ropa de Pesca');
Insert into USR_CLOTHES.CATEGORIA (CATEGORIA_ID,NOMBRE_CATEGORIA) values (38,'Ropa de Golf');
Insert into USR_CLOTHES.CATEGORIA (CATEGORIA_ID,NOMBRE_CATEGORIA) values (39,'Ropa de Camuflaje');
Insert into USR_CLOTHES.CATEGORIA (CATEGORIA_ID,NOMBRE_CATEGORIA) values (40,'Ropa de Camping');
Insert into USR_CLOTHES.CATEGORIA (CATEGORIA_ID,NOMBRE_CATEGORIA) values (41,'Ropa de Escalada');
Insert into USR_CLOTHES.CATEGORIA (CATEGORIA_ID,NOMBRE_CATEGORIA) values (42,'Ropa Bohemia');
Insert into USR_CLOTHES.CATEGORIA (CATEGORIA_ID,NOMBRE_CATEGORIA) values (43,'Ropa de Playa');
Insert into USR_CLOTHES.CATEGORIA (CATEGORIA_ID,NOMBRE_CATEGORIA) values (44,'Ropa Retro');
Insert into USR_CLOTHES.CATEGORIA (CATEGORIA_ID,NOMBRE_CATEGORIA) values (46,'Ropa de Patinaje');
Insert into USR_CLOTHES.CATEGORIA (CATEGORIA_ID,NOMBRE_CATEGORIA) values (47,'Ropa de Tiro');
Insert into USR_CLOTHES.CATEGORIA (CATEGORIA_ID,NOMBRE_CATEGORIA) values (48,'Ropa de Esquí');
Insert into USR_CLOTHES.CATEGORIA (CATEGORIA_ID,NOMBRE_CATEGORIA) values (49,'Ropa de Piloto');
REM INSERTING into USR_CLOTHES.CATEGORIA_DEPARTAMENTO
SET DEFINE OFF;
Insert into USR_CLOTHES.CATEGORIA_DEPARTAMENTO (ID_CATEGORIA,DEPARTAMENTO_ID) values (1,1);
Insert into USR_CLOTHES.CATEGORIA_DEPARTAMENTO (ID_CATEGORIA,DEPARTAMENTO_ID) values (2,1);
Insert into USR_CLOTHES.CATEGORIA_DEPARTAMENTO (ID_CATEGORIA,DEPARTAMENTO_ID) values (3,2);
Insert into USR_CLOTHES.CATEGORIA_DEPARTAMENTO (ID_CATEGORIA,DEPARTAMENTO_ID) values (4,3);
Insert into USR_CLOTHES.CATEGORIA_DEPARTAMENTO (ID_CATEGORIA,DEPARTAMENTO_ID) values (5,3);
Insert into USR_CLOTHES.CATEGORIA_DEPARTAMENTO (ID_CATEGORIA,DEPARTAMENTO_ID) values (6,1);
Insert into USR_CLOTHES.CATEGORIA_DEPARTAMENTO (ID_CATEGORIA,DEPARTAMENTO_ID) values (7,2);
Insert into USR_CLOTHES.CATEGORIA_DEPARTAMENTO (ID_CATEGORIA,DEPARTAMENTO_ID) values (8,3);
Insert into USR_CLOTHES.CATEGORIA_DEPARTAMENTO (ID_CATEGORIA,DEPARTAMENTO_ID) values (9,2);
Insert into USR_CLOTHES.CATEGORIA_DEPARTAMENTO (ID_CATEGORIA,DEPARTAMENTO_ID) values (10,1);
REM INSERTING into USR_CLOTHES.DEPARTAMENTO
SET DEFINE OFF;
Insert into USR_CLOTHES.DEPARTAMENTO (DEPARTAMENTO_ID,NOMBRE_DEPARTAMENTO) values (1,'Hombre');
Insert into USR_CLOTHES.DEPARTAMENTO (DEPARTAMENTO_ID,NOMBRE_DEPARTAMENTO) values (2,'Mujer');
Insert into USR_CLOTHES.DEPARTAMENTO (DEPARTAMENTO_ID,NOMBRE_DEPARTAMENTO) values (3,'Niños');
Insert into USR_CLOTHES.DEPARTAMENTO (DEPARTAMENTO_ID,NOMBRE_DEPARTAMENTO) values (4,'Calzado');
Insert into USR_CLOTHES.DEPARTAMENTO (DEPARTAMENTO_ID,NOMBRE_DEPARTAMENTO) values (5,'Accesorios');
Insert into USR_CLOTHES.DEPARTAMENTO (DEPARTAMENTO_ID,NOMBRE_DEPARTAMENTO) values (46,'test3');
Insert into USR_CLOTHES.DEPARTAMENTO (DEPARTAMENTO_ID,NOMBRE_DEPARTAMENTO) values (66,'dyrgkc');
REM INSERTING into USR_CLOTHES.DETALLE_DEVOLUCION
SET DEFINE OFF;
Insert into USR_CLOTHES.DETALLE_DEVOLUCION (DETALLE_DEVOLUCION_ID,FECHA_DEVOLUCION,MOTIVO,CANTIDAD,PRENDA_ID,DETALLE_VENTA_ID) values (1,to_date('25-OCT-24','DD-MON-RR'),'Producto defectuoso',2,1,101);
Insert into USR_CLOTHES.DETALLE_DEVOLUCION (DETALLE_DEVOLUCION_ID,FECHA_DEVOLUCION,MOTIVO,CANTIDAD,PRENDA_ID,DETALLE_VENTA_ID) values (2,to_date('26-OCT-24','DD-MON-RR'),'Talla incorrecta',1,4,104);
Insert into USR_CLOTHES.DETALLE_DEVOLUCION (DETALLE_DEVOLUCION_ID,FECHA_DEVOLUCION,MOTIVO,CANTIDAD,PRENDA_ID,DETALLE_VENTA_ID) values (3,to_date('27-OCT-24','DD-MON-RR'),'No gustó el color',1,10,110);
REM INSERTING into USR_CLOTHES.DETALLE_VENTA
SET DEFINE OFF;
Insert into USR_CLOTHES.DETALLE_VENTA (DETALLE_VENTA_ID,TOTAL,FECHA,EMPLEADO_ID) values (101,300,to_date('25-JAN-20','DD-MON-RR'),1);
Insert into USR_CLOTHES.DETALLE_VENTA (DETALLE_VENTA_ID,TOTAL,FECHA,EMPLEADO_ID) values (102,75,to_date('18-MAY-20','DD-MON-RR'),2);
Insert into USR_CLOTHES.DETALLE_VENTA (DETALLE_VENTA_ID,TOTAL,FECHA,EMPLEADO_ID) values (103,450,to_date('03-NOV-20','DD-MON-RR'),3);
Insert into USR_CLOTHES.DETALLE_VENTA (DETALLE_VENTA_ID,TOTAL,FECHA,EMPLEADO_ID) values (104,50,to_date('12-MAR-21','DD-MON-RR'),4);
Insert into USR_CLOTHES.DETALLE_VENTA (DETALLE_VENTA_ID,TOTAL,FECHA,EMPLEADO_ID) values (105,300,to_date('27-AUG-21','DD-MON-RR'),5);
Insert into USR_CLOTHES.DETALLE_VENTA (DETALLE_VENTA_ID,TOTAL,FECHA,EMPLEADO_ID) values (106,40,to_date('10-DEC-21','DD-MON-RR'),1);
Insert into USR_CLOTHES.DETALLE_VENTA (DETALLE_VENTA_ID,TOTAL,FECHA,EMPLEADO_ID) values (107,70,to_date('20-FEB-22','DD-MON-RR'),2);
Insert into USR_CLOTHES.DETALLE_VENTA (DETALLE_VENTA_ID,TOTAL,FECHA,EMPLEADO_ID) values (108,160,to_date('08-JUL-22','DD-MON-RR'),6);
Insert into USR_CLOTHES.DETALLE_VENTA (DETALLE_VENTA_ID,TOTAL,FECHA,EMPLEADO_ID) values (109,120,to_date('22-OCT-22','DD-MON-RR'),3);
Insert into USR_CLOTHES.DETALLE_VENTA (DETALLE_VENTA_ID,TOTAL,FECHA,EMPLEADO_ID) values (110,200,to_date('15-JAN-23','DD-MON-RR'),7);
Insert into USR_CLOTHES.DETALLE_VENTA (DETALLE_VENTA_ID,TOTAL,FECHA,EMPLEADO_ID) values (111,360,to_date('10-FEB-23','DD-MON-RR'),5);
Insert into USR_CLOTHES.DETALLE_VENTA (DETALLE_VENTA_ID,TOTAL,FECHA,EMPLEADO_ID) values (112,120,to_date('05-MAR-23','DD-MON-RR'),2);
Insert into USR_CLOTHES.DETALLE_VENTA (DETALLE_VENTA_ID,TOTAL,FECHA,EMPLEADO_ID) values (113,40,to_date('15-MAR-23','DD-MON-RR'),8);
Insert into USR_CLOTHES.DETALLE_VENTA (DETALLE_VENTA_ID,TOTAL,FECHA,EMPLEADO_ID) values (114,175,to_date('10-APR-23','DD-MON-RR'),7);
Insert into USR_CLOTHES.DETALLE_VENTA (DETALLE_VENTA_ID,TOTAL,FECHA,EMPLEADO_ID) values (115,20,to_date('01-MAY-23','DD-MON-RR'),3);
Insert into USR_CLOTHES.DETALLE_VENTA (DETALLE_VENTA_ID,TOTAL,FECHA,EMPLEADO_ID) values (116,1800,to_date('15-MAY-23','DD-MON-RR'),4);
Insert into USR_CLOTHES.DETALLE_VENTA (DETALLE_VENTA_ID,TOTAL,FECHA,EMPLEADO_ID) values (117,60,to_date('20-JUN-23','DD-MON-RR'),9);
Insert into USR_CLOTHES.DETALLE_VENTA (DETALLE_VENTA_ID,TOTAL,FECHA,EMPLEADO_ID) values (118,80,to_date('15-JUL-23','DD-MON-RR'),6);
Insert into USR_CLOTHES.DETALLE_VENTA (DETALLE_VENTA_ID,TOTAL,FECHA,EMPLEADO_ID) values (119,800,to_date('05-AUG-23','DD-MON-RR'),1);
Insert into USR_CLOTHES.DETALLE_VENTA (DETALLE_VENTA_ID,TOTAL,FECHA,EMPLEADO_ID) values (120,45,to_date('20-AUG-23','DD-MON-RR'),10);
Insert into USR_CLOTHES.DETALLE_VENTA (DETALLE_VENTA_ID,TOTAL,FECHA,EMPLEADO_ID) values (121,1250.5,to_date('15-JAN-23','DD-MON-RR'),21);
Insert into USR_CLOTHES.DETALLE_VENTA (DETALLE_VENTA_ID,TOTAL,FECHA,EMPLEADO_ID) values (122,980.75,to_date('20-FEB-23','DD-MON-RR'),22);
Insert into USR_CLOTHES.DETALLE_VENTA (DETALLE_VENTA_ID,TOTAL,FECHA,EMPLEADO_ID) values (123,1500,to_date('10-MAR-23','DD-MON-RR'),23);
Insert into USR_CLOTHES.DETALLE_VENTA (DETALLE_VENTA_ID,TOTAL,FECHA,EMPLEADO_ID) values (124,320.3,to_date('05-APR-23','DD-MON-RR'),24);
Insert into USR_CLOTHES.DETALLE_VENTA (DETALLE_VENTA_ID,TOTAL,FECHA,EMPLEADO_ID) values (125,780.25,to_date('15-MAY-23','DD-MON-RR'),25);
Insert into USR_CLOTHES.DETALLE_VENTA (DETALLE_VENTA_ID,TOTAL,FECHA,EMPLEADO_ID) values (126,2500.99,to_date('25-JUN-23','DD-MON-RR'),26);
Insert into USR_CLOTHES.DETALLE_VENTA (DETALLE_VENTA_ID,TOTAL,FECHA,EMPLEADO_ID) values (127,345.6,to_date('04-JUL-23','DD-MON-RR'),27);
Insert into USR_CLOTHES.DETALLE_VENTA (DETALLE_VENTA_ID,TOTAL,FECHA,EMPLEADO_ID) values (128,980.1,to_date('15-AUG-23','DD-MON-RR'),28);
Insert into USR_CLOTHES.DETALLE_VENTA (DETALLE_VENTA_ID,TOTAL,FECHA,EMPLEADO_ID) values (129,220.99,to_date('01-SEP-23','DD-MON-RR'),29);
Insert into USR_CLOTHES.DETALLE_VENTA (DETALLE_VENTA_ID,TOTAL,FECHA,EMPLEADO_ID) values (130,1120,to_date('10-OCT-23','DD-MON-RR'),30);
REM INSERTING into USR_CLOTHES.EMPLEADO
SET DEFINE OFF;
Insert into USR_CLOTHES.EMPLEADO (EMPLEADO_ID,NOMBRE,APELLIDO_PATERNO,APELLIDO_MATERNO,TELEFONO,EMAIL,DIRECCION,FECHA_CONTRATACION) values (79,'admintest2','test2','test2',5561403187,'test2@gmail.com','av simpre viva',to_date('05-JAN-25','DD-MON-RR'));
Insert into USR_CLOTHES.EMPLEADO (EMPLEADO_ID,NOMBRE,APELLIDO_PATERNO,APELLIDO_MATERNO,TELEFONO,EMAIL,DIRECCION,FECHA_CONTRATACION) values (1,'Juan','Pérez','Gómez',5551122334,'juan.perez@gmail.com','Av. Reforma #123, CDMX',to_date('15-JAN-20','DD-MON-RR'));
Insert into USR_CLOTHES.EMPLEADO (EMPLEADO_ID,NOMBRE,APELLIDO_PATERNO,APELLIDO_MATERNO,TELEFONO,EMAIL,DIRECCION,FECHA_CONTRATACION) values (2,'Alexa','Gonzáles','López',5552233445,'maria.gonzalez@gmail.com','Calle Juárez #456, CDMX',to_date('10-JUN-20','DD-MON-RR'));
Insert into USR_CLOTHES.EMPLEADO (EMPLEADO_ID,NOMBRE,APELLIDO_PATERNO,APELLIDO_MATERNO,TELEFONO,EMAIL,DIRECCION,FECHA_CONTRATACION) values (3,'Carlos','Ramírez','Hernández',5553344556,'carlos.ramirez@yahoo.com','Av. Insurgentes #789, CDMX',to_date('20-FEB-21','DD-MON-RR'));
Insert into USR_CLOTHES.EMPLEADO (EMPLEADO_ID,NOMBRE,APELLIDO_PATERNO,APELLIDO_MATERNO,TELEFONO,EMAIL,DIRECCION,FECHA_CONTRATACION) values (4,'Ana','Sánchez','Morales',5554455667,'ana.sanchez@hotmail.com','Calle Zaragoza #135, CDMX',to_date('05-AUG-21','DD-MON-RR'));
Insert into USR_CLOTHES.EMPLEADO (EMPLEADO_ID,NOMBRE,APELLIDO_PATERNO,APELLIDO_MATERNO,TELEFONO,EMAIL,DIRECCION,FECHA_CONTRATACION) values (5,'Luis','Fernández','Ortega',5555566778,'luis.fernandez@gmail.com','Av. Universidad #240, CDMX',to_date('15-MAR-22','DD-MON-RR'));
Insert into USR_CLOTHES.EMPLEADO (EMPLEADO_ID,NOMBRE,APELLIDO_PATERNO,APELLIDO_MATERNO,TELEFONO,EMAIL,DIRECCION,FECHA_CONTRATACION) values (6,'Laura','Martínez','Castillo',5556677889,'laura.martinez@yahoo.com','Calle Hidalgo #359, CDMX',to_date('25-JUL-22','DD-MON-RR'));
Insert into USR_CLOTHES.EMPLEADO (EMPLEADO_ID,NOMBRE,APELLIDO_PATERNO,APELLIDO_MATERNO,TELEFONO,EMAIL,DIRECCION,FECHA_CONTRATACION) values (7,'Pedro','García','Rodríguez',5557788990,'pedro.garcia@hotmail.com','Av. Revolución #460, CDMX',to_date('12-JAN-23','DD-MON-RR'));
Insert into USR_CLOTHES.EMPLEADO (EMPLEADO_ID,NOMBRE,APELLIDO_PATERNO,APELLIDO_MATERNO,TELEFONO,EMAIL,DIRECCION,FECHA_CONTRATACION) values (8,'Julia','Rivera','Soto',5558899001,'julia.rivera@gmail.com','Calle Morelos #579, CDMX',to_date('10-MAY-23','DD-MON-RR'));
Insert into USR_CLOTHES.EMPLEADO (EMPLEADO_ID,NOMBRE,APELLIDO_PATERNO,APELLIDO_MATERNO,TELEFONO,EMAIL,DIRECCION,FECHA_CONTRATACION) values (9,'Fernando','Torres','Lozano',5559900112,'fernando.torres@yahoo.com','Av. Tlalpan #670, CDMX',to_date('17-SEP-23','DD-MON-RR'));
Insert into USR_CLOTHES.EMPLEADO (EMPLEADO_ID,NOMBRE,APELLIDO_PATERNO,APELLIDO_MATERNO,TELEFONO,EMAIL,DIRECCION,FECHA_CONTRATACION) values (10,'Cecilia','	Jiménez','Delgado',5551011122,'cecilia.jimenez@gmail.com','Calle Allende #780, CDMX',to_date('03-APR-24','DD-MON-RR'));
Insert into USR_CLOTHES.EMPLEADO (EMPLEADO_ID,NOMBRE,APELLIDO_PATERNO,APELLIDO_MATERNO,TELEFONO,EMAIL,DIRECCION,FECHA_CONTRATACION) values (11,'Juan','Pérez','García',5551234567,'juan.perez@example.com','Calle Luna 123, CDMX',to_date('15-MAY-23','DD-MON-RR'));
Insert into USR_CLOTHES.EMPLEADO (EMPLEADO_ID,NOMBRE,APELLIDO_PATERNO,APELLIDO_MATERNO,TELEFONO,EMAIL,DIRECCION,FECHA_CONTRATACION) values (12,'María','Lopez','Hernández',5559876543,'maria.lopez@example.com','Av. Sol 45, Monterrey',to_date('10-NOV-22','DD-MON-RR'));
Insert into USR_CLOTHES.EMPLEADO (EMPLEADO_ID,NOMBRE,APELLIDO_PATERNO,APELLIDO_MATERNO,TELEFONO,EMAIL,DIRECCION,FECHA_CONTRATACION) values (13,'Luis','Martínez','Núñez',5554567890,'luis.martinez@example.com','Calle Estrella 89, Guadalajara',to_date('20-AUG-21','DD-MON-RR'));
Insert into USR_CLOTHES.EMPLEADO (EMPLEADO_ID,NOMBRE,APELLIDO_PATERNO,APELLIDO_MATERNO,TELEFONO,EMAIL,DIRECCION,FECHA_CONTRATACION) values (14,'Ana','Gómez','Rodríguez',5551122334,'ana.gomez@example.com','Av. Insurgentes 567, CDMX',to_date('01-FEB-23','DD-MON-RR'));
Insert into USR_CLOTHES.EMPLEADO (EMPLEADO_ID,NOMBRE,APELLIDO_PATERNO,APELLIDO_MATERNO,TELEFONO,EMAIL,DIRECCION,FECHA_CONTRATACION) values (15,'Carlos','Hernández','Díaz',5559988776,'carlos.hernandez@example.com','Blvd. Reforma 34, Puebla',to_date('25-MAR-20','DD-MON-RR'));
Insert into USR_CLOTHES.EMPLEADO (EMPLEADO_ID,NOMBRE,APELLIDO_PATERNO,APELLIDO_MATERNO,TELEFONO,EMAIL,DIRECCION,FECHA_CONTRATACION) values (16,'Sofía','Ramírez','Vega',5554433221,'sofia.ramirez@example.com','Calle Norte 77, Tijuana',to_date('15-DEC-21','DD-MON-RR'));
Insert into USR_CLOTHES.EMPLEADO (EMPLEADO_ID,NOMBRE,APELLIDO_PATERNO,APELLIDO_MATERNO,TELEFONO,EMAIL,DIRECCION,FECHA_CONTRATACION) values (17,'Diego','Fernández','Ruiz',5556677889,'diego.fernandez@example.com','Av. Centro 101, Mérida',to_date('20-JUL-23','DD-MON-RR'));
Insert into USR_CLOTHES.EMPLEADO (EMPLEADO_ID,NOMBRE,APELLIDO_PATERNO,APELLIDO_MATERNO,TELEFONO,EMAIL,DIRECCION,FECHA_CONTRATACION) values (18,'Laura','Torres','Morales',5553344556,'laura.torres@example.com','Calle Sur 9, León',to_date('05-JUN-22','DD-MON-RR'));
Insert into USR_CLOTHES.EMPLEADO (EMPLEADO_ID,NOMBRE,APELLIDO_PATERNO,APELLIDO_MATERNO,TELEFONO,EMAIL,DIRECCION,FECHA_CONTRATACION) values (19,'Miguel','Sánchez','Ortiz',5552211445,'miguel.sanchez@example.com','Blvd. Las Palmas 120, Veracruz',to_date('30-JAN-20','DD-MON-RR'));
Insert into USR_CLOTHES.EMPLEADO (EMPLEADO_ID,NOMBRE,APELLIDO_PATERNO,APELLIDO_MATERNO,TELEFONO,EMAIL,DIRECCION,FECHA_CONTRATACION) values (20,'Elena','Castro','Mendoza',5557788990,'elena.castro@example.com','Av. Primavera 77, Oaxaca',to_date('15-SEP-23','DD-MON-RR'));
Insert into USR_CLOTHES.EMPLEADO (EMPLEADO_ID,NOMBRE,APELLIDO_PATERNO,APELLIDO_MATERNO,TELEFONO,EMAIL,DIRECCION,FECHA_CONTRATACION) values (21,'Pedro','Mendoza','Gómez',5551001001,'pedro.mendoza@example.com','Calle Luna 101, CDMX',to_date('01-JUL-22','DD-MON-RR'));
Insert into USR_CLOTHES.EMPLEADO (EMPLEADO_ID,NOMBRE,APELLIDO_PATERNO,APELLIDO_MATERNO,TELEFONO,EMAIL,DIRECCION,FECHA_CONTRATACION) values (22,'Carla','González','Ruiz',5551001002,'carla.gonzalez@example.com','Av. Sol 202, Guadalajara',to_date('15-MAR-23','DD-MON-RR'));
Insert into USR_CLOTHES.EMPLEADO (EMPLEADO_ID,NOMBRE,APELLIDO_PATERNO,APELLIDO_MATERNO,TELEFONO,EMAIL,DIRECCION,FECHA_CONTRATACION) values (23,'Raúl','Hernández','Martínez',5551001003,'raul.hernandez@example.com','Calle Estrella 303, Monterrey',to_date('10-AUG-21','DD-MON-RR'));
Insert into USR_CLOTHES.EMPLEADO (EMPLEADO_ID,NOMBRE,APELLIDO_PATERNO,APELLIDO_MATERNO,TELEFONO,EMAIL,DIRECCION,FECHA_CONTRATACION) values (24,'Lucía','Torres','Vargas',5551001004,'lucia.torres@example.com','Blvd. Reforma 404, Puebla',to_date('20-MAY-20','DD-MON-RR'));
Insert into USR_CLOTHES.EMPLEADO (EMPLEADO_ID,NOMBRE,APELLIDO_PATERNO,APELLIDO_MATERNO,TELEFONO,EMAIL,DIRECCION,FECHA_CONTRATACION) values (25,'Daniel','Ramírez','Lopez',5551001005,'daniel.ramirez@example.com','Av. Centro 505, Mérida',to_date('12-JAN-23','DD-MON-RR'));
Insert into USR_CLOTHES.EMPLEADO (EMPLEADO_ID,NOMBRE,APELLIDO_PATERNO,APELLIDO_MATERNO,TELEFONO,EMAIL,DIRECCION,FECHA_CONTRATACION) values (26,'Sofía','Pérez','Núñez',5551001006,'sofia.perez@example.com','Calle Norte 606, Oaxaca',to_date('30-SEP-22','DD-MON-RR'));
Insert into USR_CLOTHES.EMPLEADO (EMPLEADO_ID,NOMBRE,APELLIDO_PATERNO,APELLIDO_MATERNO,TELEFONO,EMAIL,DIRECCION,FECHA_CONTRATACION) values (27,'José','Gómez','Hernández',5551001007,'jose.gomez@example.com','Blvd. Las Palmas 707, León',to_date('18-JUN-21','DD-MON-RR'));
Insert into USR_CLOTHES.EMPLEADO (EMPLEADO_ID,NOMBRE,APELLIDO_PATERNO,APELLIDO_MATERNO,TELEFONO,EMAIL,DIRECCION,FECHA_CONTRATACION) values (28,'Marta','Fernández','Rodríguez',5551001008,'marta.fernandez@example.com','Av. Primavera 808, Tijuana',to_date('22-FEB-20','DD-MON-RR'));
Insert into USR_CLOTHES.EMPLEADO (EMPLEADO_ID,NOMBRE,APELLIDO_PATERNO,APELLIDO_MATERNO,TELEFONO,EMAIL,DIRECCION,FECHA_CONTRATACION) values (29,'Juan','Castro','Díaz',5551001009,'juan.castro@example.com','Calle Luna 909, Veracruz',to_date('05-APR-22','DD-MON-RR'));
Insert into USR_CLOTHES.EMPLEADO (EMPLEADO_ID,NOMBRE,APELLIDO_PATERNO,APELLIDO_MATERNO,TELEFONO,EMAIL,DIRECCION,FECHA_CONTRATACION) values (30,'Paula','Lopez','García',5551001010,'paula.lopez@example.com','Av. Insurgentes 1010, Monterrey',to_date('13-OCT-23','DD-MON-RR'));
Insert into USR_CLOTHES.EMPLEADO (EMPLEADO_ID,NOMBRE,APELLIDO_PATERNO,APELLIDO_MATERNO,TELEFONO,EMAIL,DIRECCION,FECHA_CONTRATACION) values (31,'Miguel','Sánchez','Vega',5551001011,'miguel.sanchez@example.com','Blvd. Reforma 1111, CDMX',to_date('07-JUL-21','DD-MON-RR'));
Insert into USR_CLOTHES.EMPLEADO (EMPLEADO_ID,NOMBRE,APELLIDO_PATERNO,APELLIDO_MATERNO,TELEFONO,EMAIL,DIRECCION,FECHA_CONTRATACION) values (32,'Carolina','Martínez','Ortiz',5551001012,'carolina.martinez@example.com','Calle Sur 1212, Guadalajara',to_date('30-NOV-22','DD-MON-RR'));
Insert into USR_CLOTHES.EMPLEADO (EMPLEADO_ID,NOMBRE,APELLIDO_PATERNO,APELLIDO_MATERNO,TELEFONO,EMAIL,DIRECCION,FECHA_CONTRATACION) values (33,'Álvaro','Hernández','Morales',5551001013,'alvaro.hernandez@example.com','Av. Sol 1313, León',to_date('25-AUG-20','DD-MON-RR'));
Insert into USR_CLOTHES.EMPLEADO (EMPLEADO_ID,NOMBRE,APELLIDO_PATERNO,APELLIDO_MATERNO,TELEFONO,EMAIL,DIRECCION,FECHA_CONTRATACION) values (34,'Laura','Núñez','González',5551001014,'laura.nunez@example.com','Calle Norte 1414, Oaxaca',to_date('12-FEB-21','DD-MON-RR'));
Insert into USR_CLOTHES.EMPLEADO (EMPLEADO_ID,NOMBRE,APELLIDO_PATERNO,APELLIDO_MATERNO,TELEFONO,EMAIL,DIRECCION,FECHA_CONTRATACION) values (35,'Fernando','Vargas','Hernández',5551001015,'fernando.vargas@example.com','Blvd. Las Palmas 1515, Veracruz',to_date('03-MAR-23','DD-MON-RR'));
Insert into USR_CLOTHES.EMPLEADO (EMPLEADO_ID,NOMBRE,APELLIDO_PATERNO,APELLIDO_MATERNO,TELEFONO,EMAIL,DIRECCION,FECHA_CONTRATACION) values (36,'Andrea','Morales','Castro',5551001016,'andrea.morales@example.com','Av. Primavera 1616, Monterrey',to_date('09-SEP-20','DD-MON-RR'));
Insert into USR_CLOTHES.EMPLEADO (EMPLEADO_ID,NOMBRE,APELLIDO_PATERNO,APELLIDO_MATERNO,TELEFONO,EMAIL,DIRECCION,FECHA_CONTRATACION) values (37,'Manuel','Ortega','Ramírez',5551001017,'manuel.ortega@example.com','Calle Estrella 1717, Guadalajara',to_date('15-JUN-22','DD-MON-RR'));
Insert into USR_CLOTHES.EMPLEADO (EMPLEADO_ID,NOMBRE,APELLIDO_PATERNO,APELLIDO_MATERNO,TELEFONO,EMAIL,DIRECCION,FECHA_CONTRATACION) values (38,'Isabel','Rodríguez','Fernández',5551001018,'isabel.rodriguez@example.com','Av. Centro 1818, Tijuana',to_date('20-DEC-21','DD-MON-RR'));
Insert into USR_CLOTHES.EMPLEADO (EMPLEADO_ID,NOMBRE,APELLIDO_PATERNO,APELLIDO_MATERNO,TELEFONO,EMAIL,DIRECCION,FECHA_CONTRATACION) values (39,'test1_emp','test','test',5561403187,'test@django.com','simpre viva',to_date('05-JAN-25','DD-MON-RR'));
Insert into USR_CLOTHES.EMPLEADO (EMPLEADO_ID,NOMBRE,APELLIDO_PATERNO,APELLIDO_MATERNO,TELEFONO,EMAIL,DIRECCION,FECHA_CONTRATACION) values (80,'test3','test3','test3',0,'django@gmail.com','av simpre viva',to_date('05-JAN-25','DD-MON-RR'));
REM INSERTING into USR_CLOTHES.MARCA
SET DEFINE OFF;
Insert into USR_CLOTHES.MARCA (MARCA_ID,NOMBRE_MARCA) values (1,'Nike');
Insert into USR_CLOTHES.MARCA (MARCA_ID,NOMBRE_MARCA) values (2,'Adidas');
Insert into USR_CLOTHES.MARCA (MARCA_ID,NOMBRE_MARCA) values (3,'Zara');
Insert into USR_CLOTHES.MARCA (MARCA_ID,NOMBRE_MARCA) values (4,'Pull And Bear');
Insert into USR_CLOTHES.MARCA (MARCA_ID,NOMBRE_MARCA) values (5,'Puma');
Insert into USR_CLOTHES.MARCA (MARCA_ID,NOMBRE_MARCA) values (6,'Levis');
Insert into USR_CLOTHES.MARCA (MARCA_ID,NOMBRE_MARCA) values (7,'Under Armour');
Insert into USR_CLOTHES.MARCA (MARCA_ID,NOMBRE_MARCA) values (8,'GAP');
Insert into USR_CLOTHES.MARCA (MARCA_ID,NOMBRE_MARCA) values (9,'Converse');
Insert into USR_CLOTHES.MARCA (MARCA_ID,NOMBRE_MARCA) values (10,'Reebook');
Insert into USR_CLOTHES.MARCA (MARCA_ID,NOMBRE_MARCA) values (11,'Forever 21');
Insert into USR_CLOTHES.MARCA (MARCA_ID,NOMBRE_MARCA) values (12,'American Eagle');
Insert into USR_CLOTHES.MARCA (MARCA_ID,NOMBRE_MARCA) values (13,'Old Navy');
Insert into USR_CLOTHES.MARCA (MARCA_ID,NOMBRE_MARCA) values (14,'Aeropostale');
Insert into USR_CLOTHES.MARCA (MARCA_ID,NOMBRE_MARCA) values (15,'Uniqlo');
Insert into USR_CLOTHES.MARCA (MARCA_ID,NOMBRE_MARCA) values (16,'Hollister');
Insert into USR_CLOTHES.MARCA (MARCA_ID,NOMBRE_MARCA) values (18,'Banana Republic');
Insert into USR_CLOTHES.MARCA (MARCA_ID,NOMBRE_MARCA) values (19,'Express');
Insert into USR_CLOTHES.MARCA (MARCA_ID,NOMBRE_MARCA) values (20,'Guess');
Insert into USR_CLOTHES.MARCA (MARCA_ID,NOMBRE_MARCA) values (21,'admin_test1');
Insert into USR_CLOTHES.MARCA (MARCA_ID,NOMBRE_MARCA) values (22,'admin_test2');
REM INSERTING into USR_CLOTHES.MATERIAL
SET DEFINE OFF;
Insert into USR_CLOTHES.MATERIAL (MATERIAL_ID,NOMBRE_MATERIAL) values (1,'Algodón');
Insert into USR_CLOTHES.MATERIAL (MATERIAL_ID,NOMBRE_MATERIAL) values (2,'Poliéster');
Insert into USR_CLOTHES.MATERIAL (MATERIAL_ID,NOMBRE_MATERIAL) values (3,'Cuero');
Insert into USR_CLOTHES.MATERIAL (MATERIAL_ID,NOMBRE_MATERIAL) values (4,'Lana');
Insert into USR_CLOTHES.MATERIAL (MATERIAL_ID,NOMBRE_MATERIAL) values (5,'Sintético');
Insert into USR_CLOTHES.MATERIAL (MATERIAL_ID,NOMBRE_MATERIAL) values (6,'Seda');
Insert into USR_CLOTHES.MATERIAL (MATERIAL_ID,NOMBRE_MATERIAL) values (7,'Lino');
Insert into USR_CLOTHES.MATERIAL (MATERIAL_ID,NOMBRE_MATERIAL) values (8,'Spandex');
Insert into USR_CLOTHES.MATERIAL (MATERIAL_ID,NOMBRE_MATERIAL) values (9,'Gamuza');
Insert into USR_CLOTHES.MATERIAL (MATERIAL_ID,NOMBRE_MATERIAL) values (10,'Mezclilla');
Insert into USR_CLOTHES.MATERIAL (MATERIAL_ID,NOMBRE_MATERIAL) values (11,'admin_test1');
Insert into USR_CLOTHES.MATERIAL (MATERIAL_ID,NOMBRE_MATERIAL) values (12,'admin_test2');
REM INSERTING into USR_CLOTHES.PRENDA
SET DEFINE OFF;
Insert into USR_CLOTHES.PRENDA (PRENDA_ID,NOMBRE_PRENDA,PRECIO,CATEGORIA_ID,MATERIAL_ID,MARCA_ID) values (20,'test1',350,25,5,3);
Insert into USR_CLOTHES.PRENDA (PRENDA_ID,NOMBRE_PRENDA,PRECIO,CATEGORIA_ID,MATERIAL_ID,MARCA_ID) values (1,'Camiseta',150,1,1,1);
Insert into USR_CLOTHES.PRENDA (PRENDA_ID,NOMBRE_PRENDA,PRECIO,CATEGORIA_ID,MATERIAL_ID,MARCA_ID) values (2,'Pantalón',250,2,2,2);
Insert into USR_CLOTHES.PRENDA (PRENDA_ID,NOMBRE_PRENDA,PRECIO,CATEGORIA_ID,MATERIAL_ID,MARCA_ID) values (3,'Zapatos',500,3,3,3);
Insert into USR_CLOTHES.PRENDA (PRENDA_ID,NOMBRE_PRENDA,PRECIO,CATEGORIA_ID,MATERIAL_ID,MARCA_ID) values (4,'Bufanda',50,4,4,4);
Insert into USR_CLOTHES.PRENDA (PRENDA_ID,NOMBRE_PRENDA,PRECIO,CATEGORIA_ID,MATERIAL_ID,MARCA_ID) values (5,'Abrigo',300,5,5,5);
Insert into USR_CLOTHES.PRENDA (PRENDA_ID,NOMBRE_PRENDA,PRECIO,CATEGORIA_ID,MATERIAL_ID,MARCA_ID) values (6,'Ropa Interior',50,5,5,5);
Insert into USR_CLOTHES.PRENDA (PRENDA_ID,NOMBRE_PRENDA,PRECIO,CATEGORIA_ID,MATERIAL_ID,MARCA_ID) values (7,'Blusa',75,6,1,6);
Insert into USR_CLOTHES.PRENDA (PRENDA_ID,NOMBRE_PRENDA,PRECIO,CATEGORIA_ID,MATERIAL_ID,MARCA_ID) values (8,'Falda',80,7,2,7);
Insert into USR_CLOTHES.PRENDA (PRENDA_ID,NOMBRE_PRENDA,PRECIO,CATEGORIA_ID,MATERIAL_ID,MARCA_ID) values (9,'Suéter',100,9,1,9);
Insert into USR_CLOTHES.PRENDA (PRENDA_ID,NOMBRE_PRENDA,PRECIO,CATEGORIA_ID,MATERIAL_ID,MARCA_ID) values (10,'Chaqueta',200,10,6,10);
Insert into USR_CLOTHES.PRENDA (PRENDA_ID,NOMBRE_PRENDA,PRECIO,CATEGORIA_ID,MATERIAL_ID,MARCA_ID) values (11,'Chaleco',120,10,4,16);
Insert into USR_CLOTHES.PRENDA (PRENDA_ID,NOMBRE_PRENDA,PRECIO,CATEGORIA_ID,MATERIAL_ID,MARCA_ID) values (12,'Sombrero',60,4,5,18);
Insert into USR_CLOTHES.PRENDA (PRENDA_ID,NOMBRE_PRENDA,PRECIO,CATEGORIA_ID,MATERIAL_ID,MARCA_ID) values (13,'Cinturón',40,4,3,13);
Insert into USR_CLOTHES.PRENDA (PRENDA_ID,NOMBRE_PRENDA,PRECIO,CATEGORIA_ID,MATERIAL_ID,MARCA_ID) values (14,'Guantes',35,4,3,14);
Insert into USR_CLOTHES.PRENDA (PRENDA_ID,NOMBRE_PRENDA,PRECIO,CATEGORIA_ID,MATERIAL_ID,MARCA_ID) values (15,'Calcetines',20,6,1,15);
Insert into USR_CLOTHES.PRENDA (PRENDA_ID,NOMBRE_PRENDA,PRECIO,CATEGORIA_ID,MATERIAL_ID,MARCA_ID) values (16,'Tennis',600,3,5,9);
Insert into USR_CLOTHES.PRENDA (PRENDA_ID,NOMBRE_PRENDA,PRECIO,CATEGORIA_ID,MATERIAL_ID,MARCA_ID) values (17,'Corbata',30,4,2,3);
Insert into USR_CLOTHES.PRENDA (PRENDA_ID,NOMBRE_PRENDA,PRECIO,CATEGORIA_ID,MATERIAL_ID,MARCA_ID) values (18,'Pijama',80,6,6,3);
Insert into USR_CLOTHES.PRENDA (PRENDA_ID,NOMBRE_PRENDA,PRECIO,CATEGORIA_ID,MATERIAL_ID,MARCA_ID) values (19,'Vestido',200,8,1,11);
Insert into USR_CLOTHES.PRENDA (PRENDA_ID,NOMBRE_PRENDA,PRECIO,CATEGORIA_ID,MATERIAL_ID,MARCA_ID) values (40,'prueba2',600,2,2,3);
Insert into USR_CLOTHES.PRENDA (PRENDA_ID,NOMBRE_PRENDA,PRECIO,CATEGORIA_ID,MATERIAL_ID,MARCA_ID) values (21,'test1',350,49,11,22);
Insert into USR_CLOTHES.PRENDA (PRENDA_ID,NOMBRE_PRENDA,PRECIO,CATEGORIA_ID,MATERIAL_ID,MARCA_ID) values (60,'prueba3',500,2,1,8);
REM INSERTING into USR_CLOTHES.PRENDA_PROVEEDOR
SET DEFINE OFF;
Insert into USR_CLOTHES.PRENDA_PROVEEDOR (PRENDA_ID,PROVEEDOR_ID) values (1,1);
Insert into USR_CLOTHES.PRENDA_PROVEEDOR (PRENDA_ID,PROVEEDOR_ID) values (2,2);
Insert into USR_CLOTHES.PRENDA_PROVEEDOR (PRENDA_ID,PROVEEDOR_ID) values (3,3);
Insert into USR_CLOTHES.PRENDA_PROVEEDOR (PRENDA_ID,PROVEEDOR_ID) values (4,4);
Insert into USR_CLOTHES.PRENDA_PROVEEDOR (PRENDA_ID,PROVEEDOR_ID) values (5,5);
Insert into USR_CLOTHES.PRENDA_PROVEEDOR (PRENDA_ID,PROVEEDOR_ID) values (6,6);
Insert into USR_CLOTHES.PRENDA_PROVEEDOR (PRENDA_ID,PROVEEDOR_ID) values (7,7);
Insert into USR_CLOTHES.PRENDA_PROVEEDOR (PRENDA_ID,PROVEEDOR_ID) values (8,8);
Insert into USR_CLOTHES.PRENDA_PROVEEDOR (PRENDA_ID,PROVEEDOR_ID) values (9,9);
Insert into USR_CLOTHES.PRENDA_PROVEEDOR (PRENDA_ID,PROVEEDOR_ID) values (10,10);
Insert into USR_CLOTHES.PRENDA_PROVEEDOR (PRENDA_ID,PROVEEDOR_ID) values (11,11);
Insert into USR_CLOTHES.PRENDA_PROVEEDOR (PRENDA_ID,PROVEEDOR_ID) values (12,12);
Insert into USR_CLOTHES.PRENDA_PROVEEDOR (PRENDA_ID,PROVEEDOR_ID) values (14,14);
Insert into USR_CLOTHES.PRENDA_PROVEEDOR (PRENDA_ID,PROVEEDOR_ID) values (16,16);
Insert into USR_CLOTHES.PRENDA_PROVEEDOR (PRENDA_ID,PROVEEDOR_ID) values (17,17);
Insert into USR_CLOTHES.PRENDA_PROVEEDOR (PRENDA_ID,PROVEEDOR_ID) values (18,18);
Insert into USR_CLOTHES.PRENDA_PROVEEDOR (PRENDA_ID,PROVEEDOR_ID) values (19,19);
REM INSERTING into USR_CLOTHES.PRENDA_TALLA
SET DEFINE OFF;
Insert into USR_CLOTHES.PRENDA_TALLA (PRENDA_ID,TALLA_ID,STOCK) values (1,1,10);
Insert into USR_CLOTHES.PRENDA_TALLA (PRENDA_ID,TALLA_ID,STOCK) values (2,2,20);
Insert into USR_CLOTHES.PRENDA_TALLA (PRENDA_ID,TALLA_ID,STOCK) values (3,3,15);
Insert into USR_CLOTHES.PRENDA_TALLA (PRENDA_ID,TALLA_ID,STOCK) values (4,4,8);
Insert into USR_CLOTHES.PRENDA_TALLA (PRENDA_ID,TALLA_ID,STOCK) values (5,5,5);
Insert into USR_CLOTHES.PRENDA_TALLA (PRENDA_ID,TALLA_ID,STOCK) values (6,1,12);
Insert into USR_CLOTHES.PRENDA_TALLA (PRENDA_ID,TALLA_ID,STOCK) values (7,2,14);
Insert into USR_CLOTHES.PRENDA_TALLA (PRENDA_ID,TALLA_ID,STOCK) values (8,3,9);
Insert into USR_CLOTHES.PRENDA_TALLA (PRENDA_ID,TALLA_ID,STOCK) values (9,4,6);
Insert into USR_CLOTHES.PRENDA_TALLA (PRENDA_ID,TALLA_ID,STOCK) values (10,5,4);
REM INSERTING into USR_CLOTHES.PROVEEDOR
SET DEFINE OFF;
Insert into USR_CLOTHES.PROVEEDOR (PROVEEDOR_ID,NOMBRE_PROVEEDOR,TELEFONO,EMAIL,DIRECCION) values (21,'admin_test1',5561403187,'test!@mail.com','av simpre viva');
Insert into USR_CLOTHES.PROVEEDOR (PROVEEDOR_ID,NOMBRE_PROVEEDOR,TELEFONO,EMAIL,DIRECCION) values (61,'prueba3',5561403187,'prueba@gmail.com','calle siempre viva');
Insert into USR_CLOTHES.PROVEEDOR (PROVEEDOR_ID,NOMBRE_PROVEEDOR,TELEFONO,EMAIL,DIRECCION) values (1,'Textiles y Suministros Norte',5527845123,'contacto@tsnorte.com.mx','Av. Insurgentes Sur #1234, CDMX');
Insert into USR_CLOTHES.PROVEEDOR (PROVEEDOR_ID,NOMBRE_PROVEEDOR,TELEFONO,EMAIL,DIRECCION) values (2,'Suministros Industriales S.A.',5582345671,'ventas@suministrosind.com.mx','Calle Juárez #56, Guadalajara');
Insert into USR_CLOTHES.PROVEEDOR (PROVEEDOR_ID,NOMBRE_PROVEEDOR,TELEFONO,EMAIL,DIRECCION) values (3,'Manufacturas del Bajío',5539876542,'contacto@corpmanbajo.com.mx','Av. Chapultepec #234, Monterrey');
Insert into USR_CLOTHES.PROVEEDOR (PROVEEDOR_ID,NOMBRE_PROVEEDOR,TELEFONO,EMAIL,DIRECCION) values (4,'Manufacturas Globales',5594356728,'info@manuglobal.com.mx','Blvd. Benito Juárez #789, Puebla');
Insert into USR_CLOTHES.PROVEEDOR (PROVEEDOR_ID,NOMBRE_PROVEEDOR,TELEFONO,EMAIL,DIRECCION) values (5,'Industrias del Tejido',5515673450,'ventas@indeltejido.com.mx','Calle Morelos #12, Toluca');
Insert into USR_CLOTHES.PROVEEDOR (PROVEEDOR_ID,NOMBRE_PROVEEDOR,TELEFONO,EMAIL,DIRECCION) values (6,'Distribuciones Nacionales',5546732891,'contacto@distnacional.com.mx','Av. Reforma #345, CDMX');
Insert into USR_CLOTHES.PROVEEDOR (PROVEEDOR_ID,NOMBRE_PROVEEDOR,TELEFONO,EMAIL,DIRECCION) values (7,'Confecciones de Querétaro',5562345987,'ventas@confeccionesqro.com.mx','Calle Hidalgo #90, Querétaro');
Insert into USR_CLOTHES.PROVEEDOR (PROVEEDOR_ID,NOMBRE_PROVEEDOR,TELEFONO,EMAIL,DIRECCION) values (8,'Corporación Textil Mexicana',5579812365,'info@corptextil.com.mx','Av. Universidad #567, Mérida');
Insert into USR_CLOTHES.PROVEEDOR (PROVEEDOR_ID,NOMBRE_PROVEEDOR,TELEFONO,EMAIL,DIRECCION) values (9,'Grupo de Manufactura Exclusiva',5534567892,'contacto@grupoexclusivo.com.mx','Calle Independencia #678, León');
Insert into USR_CLOTHES.PROVEEDOR (PROVEEDOR_ID,NOMBRE_PROVEEDOR,TELEFONO,EMAIL,DIRECCION) values (10,'Premium Manufacturas S.A.',5591023456,'info@premiummanuf.com.mx','Av. Revolución #1001, CDMX');
Insert into USR_CLOTHES.PROVEEDOR (PROVEEDOR_ID,NOMBRE_PROVEEDOR,TELEFONO,EMAIL,DIRECCION) values (11,'Textiles del Sur',5587456123,'ventas@textilessur.com.mx','Calle Libertad #43, Oaxaca');
Insert into USR_CLOTHES.PROVEEDOR (PROVEEDOR_ID,NOMBRE_PROVEEDOR,TELEFONO,EMAIL,DIRECCION) values (12,'Materiales de Alta Calidad',5549832745,'contacto@materialesac.com.mx','Av. Hidalgo #34, Morelia');
Insert into USR_CLOTHES.PROVEEDOR (PROVEEDOR_ID,NOMBRE_PROVEEDOR,TELEFONO,EMAIL,DIRECCION) values (14,'Industrias del Norte',5592347812,'ventas@indelnorte.com.mx','Av. Patria #432, Tijuana');
Insert into USR_CLOTHES.PROVEEDOR (PROVEEDOR_ID,NOMBRE_PROVEEDOR,TELEFONO,EMAIL,DIRECCION) values (16,'Proveedora de Insumos Puebla',5587123490,'info@proveedorapuebla.com.mx','Calle Reforma #290, Puebla');
Insert into USR_CLOTHES.PROVEEDOR (PROVEEDOR_ID,NOMBRE_PROVEEDOR,TELEFONO,EMAIL,DIRECCION) values (17,'Distribuidora Maya',5567123845,'ventas@dismaya.com.mx','Av. Paseo Montejo #345, Mérida');
Insert into USR_CLOTHES.PROVEEDOR (PROVEEDOR_ID,NOMBRE_PROVEEDOR,TELEFONO,EMAIL,DIRECCION) values (18,'Insumos y Textiles Veracruz',5534982734,'contacto@insumosver.com.mx','Calle Independencia #12, Veracruz');
Insert into USR_CLOTHES.PROVEEDOR (PROVEEDOR_ID,NOMBRE_PROVEEDOR,TELEFONO,EMAIL,DIRECCION) values (19,'Insumos industriales',5578123945,'info@corpinsumosind.com.mx','Av. Cuauhtémoc #56, CDMX');
Insert into USR_CLOTHES.PROVEEDOR (PROVEEDOR_ID,NOMBRE_PROVEEDOR,TELEFONO,EMAIL,DIRECCION) values (20,'Manufacturas cmdx',5541237890,'contacto@mancentro.com.mx','Calle 5 de Mayo #321, San Luis Potosí');
Insert into USR_CLOTHES.PROVEEDOR (PROVEEDOR_ID,NOMBRE_PROVEEDOR,TELEFONO,EMAIL,DIRECCION) values (41,'prueba2',5561403187,'prov@mail.com','av siempre viva1');
REM INSERTING into USR_CLOTHES.TALLA
SET DEFINE OFF;
Insert into USR_CLOTHES.TALLA (TALLA_ID,NOMBRE_TALLA) values (7,'XXXL');
Insert into USR_CLOTHES.TALLA (TALLA_ID,NOMBRE_TALLA) values (1,'XS');
Insert into USR_CLOTHES.TALLA (TALLA_ID,NOMBRE_TALLA) values (2,'S');
Insert into USR_CLOTHES.TALLA (TALLA_ID,NOMBRE_TALLA) values (3,'M');
Insert into USR_CLOTHES.TALLA (TALLA_ID,NOMBRE_TALLA) values (4,'L');
Insert into USR_CLOTHES.TALLA (TALLA_ID,NOMBRE_TALLA) values (5,'XL');
Insert into USR_CLOTHES.TALLA (TALLA_ID,NOMBRE_TALLA) values (6,'XXL');
Insert into USR_CLOTHES.TALLA (TALLA_ID,NOMBRE_TALLA) values (27,'dl');
REM INSERTING into USR_CLOTHES.VENTA_PRENDA
SET DEFINE OFF;
Insert into USR_CLOTHES.VENTA_PRENDA (PRENDA_ID,DETALLE_VENTA_ID,CANTIDAD,PRECIO_UNITARIO,SUBTOTAL) values (1,101,2,150,300);
Insert into USR_CLOTHES.VENTA_PRENDA (PRENDA_ID,DETALLE_VENTA_ID,CANTIDAD,PRECIO_UNITARIO,SUBTOTAL) values (2,102,1,75,75);
Insert into USR_CLOTHES.VENTA_PRENDA (PRENDA_ID,DETALLE_VENTA_ID,CANTIDAD,PRECIO_UNITARIO,SUBTOTAL) values (3,103,3,150,450);
Insert into USR_CLOTHES.VENTA_PRENDA (PRENDA_ID,DETALLE_VENTA_ID,CANTIDAD,PRECIO_UNITARIO,SUBTOTAL) values (4,104,1,50,50);
Insert into USR_CLOTHES.VENTA_PRENDA (PRENDA_ID,DETALLE_VENTA_ID,CANTIDAD,PRECIO_UNITARIO,SUBTOTAL) values (5,105,2,150,300);
Insert into USR_CLOTHES.VENTA_PRENDA (PRENDA_ID,DETALLE_VENTA_ID,CANTIDAD,PRECIO_UNITARIO,SUBTOTAL) values (6,106,1,50,50);
Insert into USR_CLOTHES.VENTA_PRENDA (PRENDA_ID,DETALLE_VENTA_ID,CANTIDAD,PRECIO_UNITARIO,SUBTOTAL) values (7,107,1,70,70);
Insert into USR_CLOTHES.VENTA_PRENDA (PRENDA_ID,DETALLE_VENTA_ID,CANTIDAD,PRECIO_UNITARIO,SUBTOTAL) values (8,108,2,80,160);
Insert into USR_CLOTHES.VENTA_PRENDA (PRENDA_ID,DETALLE_VENTA_ID,CANTIDAD,PRECIO_UNITARIO,SUBTOTAL) values (9,109,1,120,120);
Insert into USR_CLOTHES.VENTA_PRENDA (PRENDA_ID,DETALLE_VENTA_ID,CANTIDAD,PRECIO_UNITARIO,SUBTOTAL) values (10,110,4,50,200);
Insert into USR_CLOTHES.VENTA_PRENDA (PRENDA_ID,DETALLE_VENTA_ID,CANTIDAD,PRECIO_UNITARIO,SUBTOTAL) values (11,111,3,120,360);
Insert into USR_CLOTHES.VENTA_PRENDA (PRENDA_ID,DETALLE_VENTA_ID,CANTIDAD,PRECIO_UNITARIO,SUBTOTAL) values (12,112,2,60,120);
Insert into USR_CLOTHES.VENTA_PRENDA (PRENDA_ID,DETALLE_VENTA_ID,CANTIDAD,PRECIO_UNITARIO,SUBTOTAL) values (13,113,1,40,40);
Insert into USR_CLOTHES.VENTA_PRENDA (PRENDA_ID,DETALLE_VENTA_ID,CANTIDAD,PRECIO_UNITARIO,SUBTOTAL) values (14,114,5,35,175);
Insert into USR_CLOTHES.VENTA_PRENDA (PRENDA_ID,DETALLE_VENTA_ID,CANTIDAD,PRECIO_UNITARIO,SUBTOTAL) values (15,115,1,20,20);
Insert into USR_CLOTHES.VENTA_PRENDA (PRENDA_ID,DETALLE_VENTA_ID,CANTIDAD,PRECIO_UNITARIO,SUBTOTAL) values (16,116,3,600,1800);
Insert into USR_CLOTHES.VENTA_PRENDA (PRENDA_ID,DETALLE_VENTA_ID,CANTIDAD,PRECIO_UNITARIO,SUBTOTAL) values (17,117,2,30,60);
Insert into USR_CLOTHES.VENTA_PRENDA (PRENDA_ID,DETALLE_VENTA_ID,CANTIDAD,PRECIO_UNITARIO,SUBTOTAL) values (18,118,1,80,80);
Insert into USR_CLOTHES.VENTA_PRENDA (PRENDA_ID,DETALLE_VENTA_ID,CANTIDAD,PRECIO_UNITARIO,SUBTOTAL) values (19,119,4,200,800);
