--------------------------------------------------------
--  File created - Sunday-February-23-2025   
--------------------------------------------------------
--------------------------------------------------------
--  DDL for Sequence CATEGORIA_ID_SEQ
--------------------------------------------------------

   CREATE SEQUENCE  "USR_CLOTHES"."CATEGORIA_ID_SEQ"  MINVALUE 1 MAXVALUE 9999999999999999999999999999 INCREMENT BY 1 START WITH 90 CACHE 20 NOORDER  NOCYCLE  NOKEEP  NOSCALE  GLOBAL ;
--------------------------------------------------------
--  DDL for Sequence DEPARTAMENTO_ID_SEQ
--------------------------------------------------------

   CREATE SEQUENCE  "USR_CLOTHES"."DEPARTAMENTO_ID_SEQ"  MINVALUE 1 MAXVALUE 9999999999999999999999999999 INCREMENT BY 1 START WITH 106 CACHE 20 NOORDER  NOCYCLE  NOKEEP  NOSCALE  GLOBAL ;
--------------------------------------------------------
--  DDL for Sequence DETALLE_DEVOLUCION_SEQ
--------------------------------------------------------

   CREATE SEQUENCE  "USR_CLOTHES"."DETALLE_DEVOLUCION_SEQ"  MINVALUE 1 MAXVALUE 9999999999999999999999999999 INCREMENT BY 1 START WITH 24 CACHE 20 NOORDER  NOCYCLE  NOKEEP  NOSCALE  GLOBAL ;
--------------------------------------------------------
--  DDL for Sequence DETALLE_VENTA_ID_SEQ
--------------------------------------------------------

   CREATE SEQUENCE  "USR_CLOTHES"."DETALLE_VENTA_ID_SEQ"  MINVALUE 1 MAXVALUE 9999999999999999999999999999 INCREMENT BY 1 START WITH 151 CACHE 20 NOORDER  NOCYCLE  NOKEEP  NOSCALE  GLOBAL ;
--------------------------------------------------------
--  DDL for Sequence EMPLEADO_ID_SEQ
--------------------------------------------------------

   CREATE SEQUENCE  "USR_CLOTHES"."EMPLEADO_ID_SEQ"  MINVALUE 1 MAXVALUE 9999999999999999999999999999 INCREMENT BY 1 START WITH 119 CACHE 20 NOORDER  NOCYCLE  NOKEEP  NOSCALE  GLOBAL ;
--------------------------------------------------------
--  DDL for Sequence MARCA_ID_SEQ
--------------------------------------------------------

   CREATE SEQUENCE  "USR_CLOTHES"."MARCA_ID_SEQ"  MINVALUE 1 MAXVALUE 9999999999999999999999999999 INCREMENT BY 1 START WITH 81 CACHE 20 NOORDER  NOCYCLE  NOKEEP  NOSCALE  GLOBAL ;
--------------------------------------------------------
--  DDL for Sequence MATERIAL_ID_SEQ
--------------------------------------------------------

   CREATE SEQUENCE  "USR_CLOTHES"."MATERIAL_ID_SEQ"  MINVALUE 1 MAXVALUE 9999999999999999999999999999 INCREMENT BY 1 START WITH 71 CACHE 20 NOORDER  NOCYCLE  NOKEEP  NOSCALE  GLOBAL ;
--------------------------------------------------------
--  DDL for Sequence PRENDA_ID_SEQ
--------------------------------------------------------

   CREATE SEQUENCE  "USR_CLOTHES"."PRENDA_ID_SEQ"  MINVALUE 1 MAXVALUE 9999999999999999999999999999 INCREMENT BY 1 START WITH 80 CACHE 20 NOORDER  NOCYCLE  NOKEEP  NOSCALE  GLOBAL ;
--------------------------------------------------------
--  DDL for Sequence PROVEEDOR_ID_SEQ
--------------------------------------------------------

   CREATE SEQUENCE  "USR_CLOTHES"."PROVEEDOR_ID_SEQ"  MINVALUE 1 MAXVALUE 9999999999999999999999999999 INCREMENT BY 1 START WITH 81 CACHE 20 NOORDER  NOCYCLE  NOKEEP  NOSCALE  GLOBAL ;
--------------------------------------------------------
--  DDL for Sequence TALLA_ID_SEQ
--------------------------------------------------------

   CREATE SEQUENCE  "USR_CLOTHES"."TALLA_ID_SEQ"  MINVALUE 1 MAXVALUE 9999999999999999999999999999 INCREMENT BY 1 START WITH 47 CACHE 20 NOORDER  NOCYCLE  NOKEEP  NOSCALE  GLOBAL ;
--------------------------------------------------------
--  DDL for Table AUTH_GROUP
--------------------------------------------------------

  CREATE TABLE "USR_CLOTHES"."AUTH_GROUP" 
   (	"ID" NUMBER(11,0) GENERATED BY DEFAULT ON NULL AS IDENTITY MINVALUE 1 MAXVALUE 9999999999999999999999999999 INCREMENT BY 1 START WITH 1 CACHE 20 NOORDER  NOCYCLE  NOKEEP  NOSCALE , 
	"NAME" NVARCHAR2(150)
   ) SEGMENT CREATION DEFERRED 
  PCTFREE 10 PCTUSED 40 INITRANS 1 MAXTRANS 255 
 NOCOMPRESS LOGGING
  TABLESPACE "TBS_CLOTHES" ;
--------------------------------------------------------
--  DDL for Table AUTH_GROUP_PERMISSIONS
--------------------------------------------------------

  CREATE TABLE "USR_CLOTHES"."AUTH_GROUP_PERMISSIONS" 
   (	"ID" NUMBER(19,0) GENERATED BY DEFAULT ON NULL AS IDENTITY MINVALUE 1 MAXVALUE 9999999999999999999999999999 INCREMENT BY 1 START WITH 1 CACHE 20 NOORDER  NOCYCLE  NOKEEP  NOSCALE , 
	"GROUP_ID" NUMBER(11,0), 
	"PERMISSION_ID" NUMBER(11,0)
   ) SEGMENT CREATION DEFERRED 
  PCTFREE 10 PCTUSED 40 INITRANS 1 MAXTRANS 255 
 NOCOMPRESS LOGGING
  TABLESPACE "TBS_CLOTHES" ;
--------------------------------------------------------
--  DDL for Table AUTH_PERMISSION
--------------------------------------------------------

  CREATE TABLE "USR_CLOTHES"."AUTH_PERMISSION" 
   (	"ID" NUMBER(11,0) GENERATED BY DEFAULT ON NULL AS IDENTITY MINVALUE 1 MAXVALUE 9999999999999999999999999999 INCREMENT BY 1 START WITH 1 CACHE 20 NOORDER  NOCYCLE  NOKEEP  NOSCALE , 
	"NAME" NVARCHAR2(255), 
	"CONTENT_TYPE_ID" NUMBER(11,0), 
	"CODENAME" NVARCHAR2(100)
   ) SEGMENT CREATION IMMEDIATE 
  PCTFREE 10 PCTUSED 40 INITRANS 1 MAXTRANS 255 
 NOCOMPRESS LOGGING
  STORAGE(INITIAL 65536 NEXT 1048576 MINEXTENTS 1 MAXEXTENTS 2147483645
  PCTINCREASE 0 FREELISTS 1 FREELIST GROUPS 1
  BUFFER_POOL DEFAULT FLASH_CACHE DEFAULT CELL_FLASH_CACHE DEFAULT)
  TABLESPACE "TBS_CLOTHES" ;
--------------------------------------------------------
--  DDL for Table AUTH_USER
--------------------------------------------------------

  CREATE TABLE "USR_CLOTHES"."AUTH_USER" 
   (	"ID" NUMBER(11,0) GENERATED BY DEFAULT ON NULL AS IDENTITY MINVALUE 1 MAXVALUE 9999999999999999999999999999 INCREMENT BY 1 START WITH 1 CACHE 20 NOORDER  NOCYCLE  NOKEEP  NOSCALE , 
	"PASSWORD" NVARCHAR2(128), 
	"LAST_LOGIN" TIMESTAMP (6), 
	"IS_SUPERUSER" NUMBER(1,0), 
	"USERNAME" NVARCHAR2(150), 
	"FIRST_NAME" NVARCHAR2(150), 
	"LAST_NAME" NVARCHAR2(150), 
	"EMAIL" NVARCHAR2(254), 
	"IS_STAFF" NUMBER(1,0), 
	"IS_ACTIVE" NUMBER(1,0), 
	"DATE_JOINED" TIMESTAMP (6)
   ) SEGMENT CREATION IMMEDIATE 
  PCTFREE 10 PCTUSED 40 INITRANS 1 MAXTRANS 255 
 NOCOMPRESS LOGGING
  STORAGE(INITIAL 65536 NEXT 1048576 MINEXTENTS 1 MAXEXTENTS 2147483645
  PCTINCREASE 0 FREELISTS 1 FREELIST GROUPS 1
  BUFFER_POOL DEFAULT FLASH_CACHE DEFAULT CELL_FLASH_CACHE DEFAULT)
  TABLESPACE "TBS_CLOTHES" ;
--------------------------------------------------------
--  DDL for Table AUTH_USER_GROUPS
--------------------------------------------------------

  CREATE TABLE "USR_CLOTHES"."AUTH_USER_GROUPS" 
   (	"ID" NUMBER(19,0) GENERATED BY DEFAULT ON NULL AS IDENTITY MINVALUE 1 MAXVALUE 9999999999999999999999999999 INCREMENT BY 1 START WITH 1 CACHE 20 NOORDER  NOCYCLE  NOKEEP  NOSCALE , 
	"USER_ID" NUMBER(11,0), 
	"GROUP_ID" NUMBER(11,0)
   ) SEGMENT CREATION DEFERRED 
  PCTFREE 10 PCTUSED 40 INITRANS 1 MAXTRANS 255 
 NOCOMPRESS LOGGING
  TABLESPACE "TBS_CLOTHES" ;
--------------------------------------------------------
--  DDL for Table AUTH_USER_USER_PERMISSIONS
--------------------------------------------------------

  CREATE TABLE "USR_CLOTHES"."AUTH_USER_USER_PERMISSIONS" 
   (	"ID" NUMBER(19,0) GENERATED BY DEFAULT ON NULL AS IDENTITY MINVALUE 1 MAXVALUE 9999999999999999999999999999 INCREMENT BY 1 START WITH 1 CACHE 20 NOORDER  NOCYCLE  NOKEEP  NOSCALE , 
	"USER_ID" NUMBER(11,0), 
	"PERMISSION_ID" NUMBER(11,0)
   ) SEGMENT CREATION DEFERRED 
  PCTFREE 10 PCTUSED 40 INITRANS 1 MAXTRANS 255 
 NOCOMPRESS LOGGING
  TABLESPACE "TBS_CLOTHES" ;
--------------------------------------------------------
--  DDL for Table CATEGORIA
--------------------------------------------------------

  CREATE TABLE "USR_CLOTHES"."CATEGORIA" 
   (	"CATEGORIA_ID" NUMBER(11,0), 
	"NOMBRE_CATEGORIA" VARCHAR2(20 BYTE)
   ) SEGMENT CREATION IMMEDIATE 
  PCTFREE 10 PCTUSED 40 INITRANS 1 MAXTRANS 255 
 NOCOMPRESS LOGGING
  STORAGE(INITIAL 65536 NEXT 1048576 MINEXTENTS 1 MAXEXTENTS 2147483645
  PCTINCREASE 0 FREELISTS 1 FREELIST GROUPS 1
  BUFFER_POOL DEFAULT FLASH_CACHE DEFAULT CELL_FLASH_CACHE DEFAULT)
  TABLESPACE "TBS_CLOTHES" ;
--------------------------------------------------------
--  DDL for Table CATEGORIA_DEPARTAMENTO
--------------------------------------------------------

  CREATE TABLE "USR_CLOTHES"."CATEGORIA_DEPARTAMENTO" 
   (	"ID_CATEGORIA" NUMBER(2,0), 
	"DEPARTAMENTO_ID" NUMBER(2,0)
   ) SEGMENT CREATION IMMEDIATE 
  PCTFREE 10 PCTUSED 40 INITRANS 1 MAXTRANS 255 
 NOCOMPRESS LOGGING
  STORAGE(INITIAL 65536 NEXT 1048576 MINEXTENTS 1 MAXEXTENTS 2147483645
  PCTINCREASE 0 FREELISTS 1 FREELIST GROUPS 1
  BUFFER_POOL DEFAULT FLASH_CACHE DEFAULT CELL_FLASH_CACHE DEFAULT)
  TABLESPACE "TBS_CLOTHES" ;
--------------------------------------------------------
--  DDL for Table DEPARTAMENTO
--------------------------------------------------------

  CREATE TABLE "USR_CLOTHES"."DEPARTAMENTO" 
   (	"DEPARTAMENTO_ID" NUMBER(2,0), 
	"NOMBRE_DEPARTAMENTO" VARCHAR2(30 BYTE)
   ) SEGMENT CREATION IMMEDIATE 
  PCTFREE 10 PCTUSED 40 INITRANS 1 MAXTRANS 255 
 NOCOMPRESS LOGGING
  STORAGE(INITIAL 65536 NEXT 1048576 MINEXTENTS 1 MAXEXTENTS 2147483645
  PCTINCREASE 0 FREELISTS 1 FREELIST GROUPS 1
  BUFFER_POOL DEFAULT FLASH_CACHE DEFAULT CELL_FLASH_CACHE DEFAULT)
  TABLESPACE "TBS_CLOTHES" ;
--------------------------------------------------------
--  DDL for Table DETALLE_DEVOLUCION
--------------------------------------------------------

  CREATE TABLE "USR_CLOTHES"."DETALLE_DEVOLUCION" 
   (	"DETALLE_DEVOLUCION_ID" NUMBER(5,0), 
	"FECHA_DEVOLUCION" DATE, 
	"MOTIVO" VARCHAR2(50 BYTE), 
	"CANTIDAD" NUMBER(*,0), 
	"PRENDA_ID" NUMBER(5,0), 
	"DETALLE_VENTA_ID" NUMBER(5,0)
   ) SEGMENT CREATION IMMEDIATE 
  PCTFREE 10 PCTUSED 40 INITRANS 1 MAXTRANS 255 
 NOCOMPRESS LOGGING
  STORAGE(INITIAL 65536 NEXT 1048576 MINEXTENTS 1 MAXEXTENTS 2147483645
  PCTINCREASE 0 FREELISTS 1 FREELIST GROUPS 1
  BUFFER_POOL DEFAULT FLASH_CACHE DEFAULT CELL_FLASH_CACHE DEFAULT)
  TABLESPACE "TBS_CLOTHES" ;
--------------------------------------------------------
--  DDL for Table DETALLE_VENTA
--------------------------------------------------------

  CREATE TABLE "USR_CLOTHES"."DETALLE_VENTA" 
   (	"DETALLE_VENTA_ID" NUMBER(5,0), 
	"TOTAL" NUMBER(6,2), 
	"FECHA" DATE, 
	"EMPLEADO_ID" NUMBER(5,0)
   ) SEGMENT CREATION IMMEDIATE 
  PCTFREE 10 PCTUSED 40 INITRANS 1 MAXTRANS 255 
 NOCOMPRESS LOGGING
  STORAGE(INITIAL 65536 NEXT 1048576 MINEXTENTS 1 MAXEXTENTS 2147483645
  PCTINCREASE 0 FREELISTS 1 FREELIST GROUPS 1
  BUFFER_POOL DEFAULT FLASH_CACHE DEFAULT CELL_FLASH_CACHE DEFAULT)
  TABLESPACE "TBS_CLOTHES" ;
--------------------------------------------------------
--  DDL for Table DJANGO_ADMIN_LOG
--------------------------------------------------------

  CREATE TABLE "USR_CLOTHES"."DJANGO_ADMIN_LOG" 
   (	"ID" NUMBER(11,0) GENERATED BY DEFAULT ON NULL AS IDENTITY MINVALUE 1 MAXVALUE 9999999999999999999999999999 INCREMENT BY 1 START WITH 1 CACHE 20 NOORDER  NOCYCLE  NOKEEP  NOSCALE , 
	"ACTION_TIME" TIMESTAMP (6), 
	"OBJECT_ID" NCLOB, 
	"OBJECT_REPR" NVARCHAR2(200), 
	"ACTION_FLAG" NUMBER(11,0), 
	"CHANGE_MESSAGE" NCLOB, 
	"CONTENT_TYPE_ID" NUMBER(11,0), 
	"USER_ID" NUMBER(11,0)
   ) SEGMENT CREATION IMMEDIATE 
  PCTFREE 10 PCTUSED 40 INITRANS 1 MAXTRANS 255 
 NOCOMPRESS LOGGING
  STORAGE(INITIAL 65536 NEXT 1048576 MINEXTENTS 1 MAXEXTENTS 2147483645
  PCTINCREASE 0 FREELISTS 1 FREELIST GROUPS 1
  BUFFER_POOL DEFAULT FLASH_CACHE DEFAULT CELL_FLASH_CACHE DEFAULT)
  TABLESPACE "TBS_CLOTHES" 
 LOB ("OBJECT_ID") STORE AS SECUREFILE (
  TABLESPACE "TBS_CLOTHES" ENABLE STORAGE IN ROW 4000 CHUNK 8192
  NOCACHE LOGGING  NOCOMPRESS  KEEP_DUPLICATES 
  STORAGE(INITIAL 262144 NEXT 1048576 MINEXTENTS 1 MAXEXTENTS 2147483645
  PCTINCREASE 0
  BUFFER_POOL DEFAULT FLASH_CACHE DEFAULT CELL_FLASH_CACHE DEFAULT)) 
 LOB ("CHANGE_MESSAGE") STORE AS SECUREFILE (
  TABLESPACE "TBS_CLOTHES" ENABLE STORAGE IN ROW 4000 CHUNK 8192
  NOCACHE LOGGING  NOCOMPRESS  KEEP_DUPLICATES 
  STORAGE(INITIAL 262144 NEXT 1048576 MINEXTENTS 1 MAXEXTENTS 2147483645
  PCTINCREASE 0
  BUFFER_POOL DEFAULT FLASH_CACHE DEFAULT CELL_FLASH_CACHE DEFAULT)) ;
--------------------------------------------------------
--  DDL for Table DJANGO_CONTENT_TYPE
--------------------------------------------------------

  CREATE TABLE "USR_CLOTHES"."DJANGO_CONTENT_TYPE" 
   (	"ID" NUMBER(11,0) GENERATED BY DEFAULT ON NULL AS IDENTITY MINVALUE 1 MAXVALUE 9999999999999999999999999999 INCREMENT BY 1 START WITH 1 CACHE 20 NOORDER  NOCYCLE  NOKEEP  NOSCALE , 
	"APP_LABEL" NVARCHAR2(100), 
	"MODEL" NVARCHAR2(100)
   ) SEGMENT CREATION IMMEDIATE 
  PCTFREE 10 PCTUSED 40 INITRANS 1 MAXTRANS 255 
 NOCOMPRESS LOGGING
  STORAGE(INITIAL 65536 NEXT 1048576 MINEXTENTS 1 MAXEXTENTS 2147483645
  PCTINCREASE 0 FREELISTS 1 FREELIST GROUPS 1
  BUFFER_POOL DEFAULT FLASH_CACHE DEFAULT CELL_FLASH_CACHE DEFAULT)
  TABLESPACE "TBS_CLOTHES" ;
--------------------------------------------------------
--  DDL for Table DJANGO_MIGRATIONS
--------------------------------------------------------

  CREATE TABLE "USR_CLOTHES"."DJANGO_MIGRATIONS" 
   (	"ID" NUMBER(19,0) GENERATED BY DEFAULT ON NULL AS IDENTITY MINVALUE 1 MAXVALUE 9999999999999999999999999999 INCREMENT BY 1 START WITH 1 CACHE 20 NOORDER  NOCYCLE  NOKEEP  NOSCALE , 
	"APP" NVARCHAR2(255), 
	"NAME" NVARCHAR2(255), 
	"APPLIED" TIMESTAMP (6)
   ) SEGMENT CREATION IMMEDIATE 
  PCTFREE 10 PCTUSED 40 INITRANS 1 MAXTRANS 255 
 NOCOMPRESS LOGGING
  STORAGE(INITIAL 65536 NEXT 1048576 MINEXTENTS 1 MAXEXTENTS 2147483645
  PCTINCREASE 0 FREELISTS 1 FREELIST GROUPS 1
  BUFFER_POOL DEFAULT FLASH_CACHE DEFAULT CELL_FLASH_CACHE DEFAULT)
  TABLESPACE "TBS_CLOTHES" ;
--------------------------------------------------------
--  DDL for Table DJANGO_SESSION
--------------------------------------------------------

  CREATE TABLE "USR_CLOTHES"."DJANGO_SESSION" 
   (	"SESSION_KEY" NVARCHAR2(40), 
	"SESSION_DATA" NCLOB, 
	"EXPIRE_DATE" TIMESTAMP (6)
   ) SEGMENT CREATION IMMEDIATE 
  PCTFREE 10 PCTUSED 40 INITRANS 1 MAXTRANS 255 
 NOCOMPRESS LOGGING
  STORAGE(INITIAL 65536 NEXT 1048576 MINEXTENTS 1 MAXEXTENTS 2147483645
  PCTINCREASE 0 FREELISTS 1 FREELIST GROUPS 1
  BUFFER_POOL DEFAULT FLASH_CACHE DEFAULT CELL_FLASH_CACHE DEFAULT)
  TABLESPACE "TBS_CLOTHES" 
 LOB ("SESSION_DATA") STORE AS SECUREFILE (
  TABLESPACE "TBS_CLOTHES" ENABLE STORAGE IN ROW 4000 CHUNK 8192
  NOCACHE LOGGING  NOCOMPRESS  KEEP_DUPLICATES 
  STORAGE(INITIAL 262144 NEXT 1048576 MINEXTENTS 1 MAXEXTENTS 2147483645
  PCTINCREASE 0
  BUFFER_POOL DEFAULT FLASH_CACHE DEFAULT CELL_FLASH_CACHE DEFAULT)) ;
--------------------------------------------------------
--  DDL for Table EMPLEADO
--------------------------------------------------------

  CREATE TABLE "USR_CLOTHES"."EMPLEADO" 
   (	"EMPLEADO_ID" NUMBER(5,0), 
	"NOMBRE" VARCHAR2(15 BYTE), 
	"APELLIDO_PATERNO" VARCHAR2(15 BYTE), 
	"APELLIDO_MATERNO" VARCHAR2(15 BYTE), 
	"TELEFONO" NUMBER(10,0), 
	"EMAIL" VARCHAR2(30 BYTE), 
	"DIRECCION" VARCHAR2(40 BYTE), 
	"FECHA_CONTRATACION" DATE
   ) SEGMENT CREATION IMMEDIATE 
  PCTFREE 10 PCTUSED 40 INITRANS 1 MAXTRANS 255 
 NOCOMPRESS LOGGING
  STORAGE(INITIAL 65536 NEXT 1048576 MINEXTENTS 1 MAXEXTENTS 2147483645
  PCTINCREASE 0 FREELISTS 1 FREELIST GROUPS 1
  BUFFER_POOL DEFAULT FLASH_CACHE DEFAULT CELL_FLASH_CACHE DEFAULT)
  TABLESPACE "TBS_CLOTHES" ;
--------------------------------------------------------
--  DDL for Table MARCA
--------------------------------------------------------

  CREATE TABLE "USR_CLOTHES"."MARCA" 
   (	"MARCA_ID" NUMBER(2,0), 
	"NOMBRE_MARCA" VARCHAR2(15 BYTE)
   ) SEGMENT CREATION IMMEDIATE 
  PCTFREE 10 PCTUSED 40 INITRANS 1 MAXTRANS 255 
 NOCOMPRESS LOGGING
  STORAGE(INITIAL 65536 NEXT 1048576 MINEXTENTS 1 MAXEXTENTS 2147483645
  PCTINCREASE 0 FREELISTS 1 FREELIST GROUPS 1
  BUFFER_POOL DEFAULT FLASH_CACHE DEFAULT CELL_FLASH_CACHE DEFAULT)
  TABLESPACE "TBS_CLOTHES" ;
--------------------------------------------------------
--  DDL for Table MATERIAL
--------------------------------------------------------

  CREATE TABLE "USR_CLOTHES"."MATERIAL" 
   (	"MATERIAL_ID" NUMBER(2,0), 
	"NOMBRE_MATERIAL" VARCHAR2(15 BYTE)
   ) SEGMENT CREATION IMMEDIATE 
  PCTFREE 10 PCTUSED 40 INITRANS 1 MAXTRANS 255 
 NOCOMPRESS LOGGING
  STORAGE(INITIAL 65536 NEXT 1048576 MINEXTENTS 1 MAXEXTENTS 2147483645
  PCTINCREASE 0 FREELISTS 1 FREELIST GROUPS 1
  BUFFER_POOL DEFAULT FLASH_CACHE DEFAULT CELL_FLASH_CACHE DEFAULT)
  TABLESPACE "TBS_CLOTHES" ;
--------------------------------------------------------
--  DDL for Table MD_ADDITIONAL_PROPERTIES
--------------------------------------------------------

  CREATE TABLE "USR_CLOTHES"."MD_ADDITIONAL_PROPERTIES" 
   (	"ID" NUMBER, 
	"CONNECTION_ID_FK" NUMBER, 
	"REF_ID_FK" NUMBER, 
	"REF_TYPE" VARCHAR2(4000 BYTE), 
	"PROPERTY_ORDER" NUMBER, 
	"PROP_KEY" VARCHAR2(4000 BYTE), 
	"VALUE" VARCHAR2(4000 BYTE), 
	"SECURITY_GROUP_ID" NUMBER DEFAULT 0, 
	"CREATED_ON" DATE DEFAULT sysdate, 
	"CREATED_BY" VARCHAR2(255 BYTE), 
	"LAST_UPDATED_ON" DATE, 
	"LAST_UPDATED_BY" VARCHAR2(255 BYTE)
   ) SEGMENT CREATION DEFERRED 
  PCTFREE 10 PCTUSED 40 INITRANS 1 MAXTRANS 255 
 NOCOMPRESS LOGGING
  TABLESPACE "TBS_CLOTHES" ;

   COMMENT ON COLUMN "USR_CLOTHES"."MD_ADDITIONAL_PROPERTIES"."ID" IS 'Primary Key';
   COMMENT ON COLUMN "USR_CLOTHES"."MD_ADDITIONAL_PROPERTIES"."CONNECTION_ID_FK" IS 'Connection to which this belongs //PARENTFIELD';
   COMMENT ON COLUMN "USR_CLOTHES"."MD_ADDITIONAL_PROPERTIES"."REF_ID_FK" IS 'The object to which this property blongs';
   COMMENT ON COLUMN "USR_CLOTHES"."MD_ADDITIONAL_PROPERTIES"."REF_TYPE" IS 'Type of object that this property belongs to';
   COMMENT ON COLUMN "USR_CLOTHES"."MD_ADDITIONAL_PROPERTIES"."PROPERTY_ORDER" IS 'This is to handle a situation where multiple properties have a relevant order, or multiple properties have multiple values';
   COMMENT ON COLUMN "USR_CLOTHES"."MD_ADDITIONAL_PROPERTIES"."PROP_KEY" IS 'The keyname for this property';
   COMMENT ON COLUMN "USR_CLOTHES"."MD_ADDITIONAL_PROPERTIES"."VALUE" IS 'The value for this property';
   COMMENT ON TABLE "USR_CLOTHES"."MD_ADDITIONAL_PROPERTIES"  IS 'This table is used to store additional properties in key-value pairs.  It is designed to store "other information" that is not supported in the main database object table.';
--------------------------------------------------------
--  DDL for Table MD_APPLICATIONFILES
--------------------------------------------------------

  CREATE TABLE "USR_CLOTHES"."MD_APPLICATIONFILES" 
   (	"ID" NUMBER, 
	"APPLICATIONS_ID_FK" NUMBER, 
	"NAME" VARCHAR2(200 BYTE), 
	"URI" VARCHAR2(4000 BYTE), 
	"TYPE" VARCHAR2(100 BYTE), 
	"STATE" VARCHAR2(100 BYTE), 
	"LANGUAGE" VARCHAR2(100 BYTE), 
	"LOC" NUMBER, 
	"SECURITY_GROUP_ID" NUMBER DEFAULT 0, 
	"CREATED_ON" DATE DEFAULT sysdate, 
	"CREATED_BY" VARCHAR2(4000 BYTE), 
	"UPDATED_ON" DATE, 
	"UPDATED_BY" VARCHAR2(4000 BYTE)
   ) SEGMENT CREATION DEFERRED 
  PCTFREE 10 PCTUSED 40 INITRANS 1 MAXTRANS 255 
 NOCOMPRESS LOGGING
  TABLESPACE "TBS_CLOTHES" ;

   COMMENT ON COLUMN "USR_CLOTHES"."MD_APPLICATIONFILES"."NAME" IS 'file name  //OBJECTNAME';
   COMMENT ON COLUMN "USR_CLOTHES"."MD_APPLICATIONFILES"."URI" IS 'The uri is the part of the file url after the base dir has been removed.  See MD_APPLICATION for base dir';
   COMMENT ON COLUMN "USR_CLOTHES"."MD_APPLICATIONFILES"."TYPE" IS 'This will denote the type of file we have, including DIR, FILE (text), BINARY, IGNORE (where we choose to ignore files)';
   COMMENT ON COLUMN "USR_CLOTHES"."MD_APPLICATIONFILES"."STATE" IS 'State will be how this file is operated on.  For example. it will be OPEN, NEW, FIXED, IGNORED, REVIEWED, COMPLETE';
   COMMENT ON COLUMN "USR_CLOTHES"."MD_APPLICATIONFILES"."LANGUAGE" IS 'Language of the file that has been processed.';
   COMMENT ON COLUMN "USR_CLOTHES"."MD_APPLICATIONFILES"."SECURITY_GROUP_ID" IS 'APEX';
   COMMENT ON COLUMN "USR_CLOTHES"."MD_APPLICATIONFILES"."CREATED_ON" IS 'APEX';
   COMMENT ON COLUMN "USR_CLOTHES"."MD_APPLICATIONFILES"."CREATED_BY" IS 'APEX';
   COMMENT ON COLUMN "USR_CLOTHES"."MD_APPLICATIONFILES"."UPDATED_ON" IS 'APEX';
   COMMENT ON COLUMN "USR_CLOTHES"."MD_APPLICATIONFILES"."UPDATED_BY" IS 'APEX';
   COMMENT ON TABLE "USR_CLOTHES"."MD_APPLICATIONFILES"  IS 'Holds a tuple for each file that is being processed whether it is changed or not.';
--------------------------------------------------------
--  DDL for Table MD_APPLICATIONS
--------------------------------------------------------

  CREATE TABLE "USR_CLOTHES"."MD_APPLICATIONS" 
   (	"ID" NUMBER, 
	"NAME" VARCHAR2(4000 BYTE), 
	"DESCRIPTION" VARCHAR2(4000 BYTE), 
	"BASE_DIR" VARCHAR2(4000 BYTE), 
	"OUTPUT_DIR" VARCHAR2(4000 BYTE), 
	"BACKUP_DIR" VARCHAR2(4000 BYTE), 
	"INPLACE" NUMBER, 
	"PROJECT_ID_FK" NUMBER, 
	"SECURITY_GROUP_ID" NUMBER DEFAULT 0, 
	"CREATED_ON" DATE DEFAULT sysdate, 
	"CREATED_BY" VARCHAR2(255 BYTE), 
	"LAST_UPDATED_ON" DATE, 
	"LAST_UPDATED_BY" VARCHAR2(255 BYTE)
   ) SEGMENT CREATION DEFERRED 
  PCTFREE 10 PCTUSED 40 INITRANS 1 MAXTRANS 255 
 NOCOMPRESS LOGGING
  TABLESPACE "TBS_CLOTHES" ;

   COMMENT ON COLUMN "USR_CLOTHES"."MD_APPLICATIONS"."ID" IS 'Primary Key';
   COMMENT ON COLUMN "USR_CLOTHES"."MD_APPLICATIONS"."NAME" IS 'Name of the application suite  //OBJECTNAME';
   COMMENT ON COLUMN "USR_CLOTHES"."MD_APPLICATIONS"."DESCRIPTION" IS 'Overview of what the application does.';
   COMMENT ON COLUMN "USR_CLOTHES"."MD_APPLICATIONS"."BASE_DIR" IS 'This is the base src directory for the application.  It could be an svn checkout, a clearcase view or something similar';
   COMMENT ON COLUMN "USR_CLOTHES"."MD_APPLICATIONS"."OUTPUT_DIR" IS 'This is the output directory where the scanner will present the converted files, if there are converted or modified.';
   COMMENT ON COLUMN "USR_CLOTHES"."MD_APPLICATIONS"."BACKUP_DIR" IS 'This is the directory in which the application files are backed up if a backp is chosen';
   COMMENT ON COLUMN "USR_CLOTHES"."MD_APPLICATIONS"."INPLACE" IS 'Designates whether the changes have been made inplace, in the source directory or not';
   COMMENT ON COLUMN "USR_CLOTHES"."MD_APPLICATIONS"."PROJECT_ID_FK" IS 'project of the database(s) this application relates to';
   COMMENT ON TABLE "USR_CLOTHES"."MD_APPLICATIONS"  IS 'This is the base table for application projects.  It holds the base information for applications associated with a database';
--------------------------------------------------------
--  DDL for Table MD_CATALOGS
--------------------------------------------------------

  CREATE TABLE "USR_CLOTHES"."MD_CATALOGS" 
   (	"ID" NUMBER, 
	"CONNECTION_ID_FK" NUMBER, 
	"CATALOG_NAME" VARCHAR2(4000 BYTE), 
	"DUMMY_FLAG" CHAR(1 BYTE) DEFAULT 'N', 
	"NATIVE_SQL" CLOB, 
	"NATIVE_KEY" VARCHAR2(4000 BYTE), 
	"COMMENTS" VARCHAR2(4000 BYTE), 
	"SECURITY_GROUP_ID" NUMBER DEFAULT 0, 
	"CREATED_ON" DATE DEFAULT sysdate, 
	"CREATED_BY" VARCHAR2(255 BYTE), 
	"LAST_UPDATED_ON" DATE, 
	"LAST_UPDATED_BY" VARCHAR2(255 BYTE)
   ) SEGMENT CREATION DEFERRED 
  PCTFREE 10 PCTUSED 40 INITRANS 1 MAXTRANS 255 
 NOCOMPRESS LOGGING
  TABLESPACE "TBS_CLOTHES" 
 LOB ("NATIVE_SQL") STORE AS BASICFILE (
  TABLESPACE "TBS_CLOTHES" ENABLE STORAGE IN ROW 4000 CHUNK 8192 RETENTION 
  CACHE ) ;

   COMMENT ON COLUMN "USR_CLOTHES"."MD_CATALOGS"."CONNECTION_ID_FK" IS 'Foreign key into the connections table - Shows what connection this catalog belongs to //PARENTFIELD';
   COMMENT ON COLUMN "USR_CLOTHES"."MD_CATALOGS"."CATALOG_NAME" IS 'Name of the catalog //OBJECTNAME';
   COMMENT ON COLUMN "USR_CLOTHES"."MD_CATALOGS"."DUMMY_FLAG" IS 'Flag to show if this catalog is a "dummy" catalog which is used as a placeholder for those platforms that do not support catalogs.  ''N'' signifies that this is NOT a dummy catalog, while ''Y'' signifies that it is.';
   COMMENT ON COLUMN "USR_CLOTHES"."MD_CATALOGS"."NATIVE_SQL" IS 'THe SQL used to create this catalog';
   COMMENT ON COLUMN "USR_CLOTHES"."MD_CATALOGS"."NATIVE_KEY" IS 'A unique identifier used to identify the catalog at source.';
   COMMENT ON TABLE "USR_CLOTHES"."MD_CATALOGS"  IS 'Store catalogs in this table.';
--------------------------------------------------------
--  DDL for Table MD_COLUMNS
--------------------------------------------------------

  CREATE TABLE "USR_CLOTHES"."MD_COLUMNS" 
   (	"ID" NUMBER, 
	"TABLE_ID_FK" NUMBER, 
	"COLUMN_NAME" VARCHAR2(4000 BYTE), 
	"COLUMN_ORDER" NUMBER, 
	"COLUMN_TYPE" VARCHAR2(4000 BYTE), 
	"PRECISION" NUMBER, 
	"SCALE" NUMBER, 
	"NULLABLE" CHAR(1 BYTE), 
	"DEFAULT_VALUE" VARCHAR2(4000 BYTE), 
	"NATIVE_SQL" CLOB, 
	"NATIVE_KEY" VARCHAR2(4000 BYTE), 
	"DATATYPE_TRANSFORMED_FLAG" CHAR(1 BYTE), 
	"COMMENTS" VARCHAR2(4000 BYTE), 
	"SECURITY_GROUP_ID" NUMBER DEFAULT 0, 
	"CREATED_BY" VARCHAR2(255 BYTE), 
	"CREATED_ON" DATE DEFAULT sysdate, 
	"LAST_UPDATED_BY" VARCHAR2(255 BYTE), 
	"LAST_UPDATED_ON" DATE
   ) SEGMENT CREATION DEFERRED 
  PCTFREE 10 PCTUSED 40 INITRANS 1 MAXTRANS 255 
 NOCOMPRESS LOGGING
  TABLESPACE "TBS_CLOTHES" 
 LOB ("NATIVE_SQL") STORE AS BASICFILE (
  TABLESPACE "TBS_CLOTHES" ENABLE STORAGE IN ROW 4000 CHUNK 8192 RETENTION 
  CACHE READS LOGGING ) ;

   COMMENT ON COLUMN "USR_CLOTHES"."MD_COLUMNS"."ID" IS 'Primary Key';
   COMMENT ON COLUMN "USR_CLOTHES"."MD_COLUMNS"."TABLE_ID_FK" IS 'The table that this column is part of //PARENTFIELD';
   COMMENT ON COLUMN "USR_CLOTHES"."MD_COLUMNS"."COLUMN_NAME" IS 'The name of the column //OBJECTNAME';
   COMMENT ON COLUMN "USR_CLOTHES"."MD_COLUMNS"."COLUMN_ORDER" IS 'The order this appears in the table';
   COMMENT ON COLUMN "USR_CLOTHES"."MD_COLUMNS"."COLUMN_TYPE" IS 'The type of the column';
   COMMENT ON COLUMN "USR_CLOTHES"."MD_COLUMNS"."PRECISION" IS 'The precision on the column';
   COMMENT ON COLUMN "USR_CLOTHES"."MD_COLUMNS"."SCALE" IS 'The scale of the column';
   COMMENT ON COLUMN "USR_CLOTHES"."MD_COLUMNS"."NULLABLE" IS 'Yes or No.  Null signifies NO';
   COMMENT ON COLUMN "USR_CLOTHES"."MD_COLUMNS"."DEFAULT_VALUE" IS 'Default value on the column';
   COMMENT ON COLUMN "USR_CLOTHES"."MD_COLUMNS"."NATIVE_SQL" IS 'The SQL used to create this column at source';
   COMMENT ON COLUMN "USR_CLOTHES"."MD_COLUMNS"."NATIVE_KEY" IS 'Unique identifier for this object at source';
   COMMENT ON COLUMN "USR_CLOTHES"."MD_COLUMNS"."DATATYPE_TRANSFORMED_FLAG" IS 'This is set to ''Y'' to show if the data type was transformed.  This is useful so we don''t apply more than 1 datatype transformation to a column';
   COMMENT ON TABLE "USR_CLOTHES"."MD_COLUMNS"  IS 'Column information is stored in this table.';
--------------------------------------------------------
--  DDL for Table MD_CONNECTIONS
--------------------------------------------------------

  CREATE TABLE "USR_CLOTHES"."MD_CONNECTIONS" 
   (	"ID" NUMBER, 
	"PROJECT_ID_FK" NUMBER, 
	"TYPE" VARCHAR2(4000 BYTE), 
	"HOST" VARCHAR2(4000 BYTE), 
	"PORT" NUMBER, 
	"USERNAME" VARCHAR2(4000 BYTE), 
	"PASSWORD" VARCHAR2(4000 BYTE), 
	"DBURL" VARCHAR2(4000 BYTE), 
	"NAME" VARCHAR2(255 BYTE), 
	"NATIVE_SQL" CLOB, 
	"STATUS" VARCHAR2(30 BYTE), 
	"NUM_CATALOGS" NUMBER, 
	"NUM_COLUMNS" NUMBER, 
	"NUM_CONSTRAINTS" NUMBER, 
	"NUM_GROUPS" NUMBER, 
	"NUM_ROLES" NUMBER, 
	"NUM_INDEXES" NUMBER, 
	"NUM_OTHER_OBJECTS" NUMBER, 
	"NUM_PACKAGES" NUMBER, 
	"NUM_PRIVILEGES" NUMBER, 
	"NUM_SCHEMAS" NUMBER, 
	"NUM_SEQUENCES" NUMBER, 
	"NUM_STORED_PROGRAMS" NUMBER, 
	"NUM_SYNONYMS" NUMBER, 
	"NUM_TABLES" NUMBER, 
	"NUM_TABLESPACES" NUMBER, 
	"NUM_TRIGGERS" NUMBER, 
	"NUM_USER_DEFINED_DATA_TYPES" NUMBER, 
	"NUM_USERS" NUMBER, 
	"NUM_VIEWS" NUMBER, 
	"COMMENTS" VARCHAR2(4000 BYTE), 
	"SECURITY_GROUP_ID" NUMBER DEFAULT 0, 
	"CREATED_ON" DATE DEFAULT sysdate, 
	"CREATED_BY" VARCHAR2(255 BYTE), 
	"LAST_UPDATED_ON" DATE, 
	"LAST_UPDATED_BY" VARCHAR2(255 BYTE)
   ) SEGMENT CREATION DEFERRED 
  PCTFREE 10 PCTUSED 40 INITRANS 1 MAXTRANS 255 
 NOCOMPRESS LOGGING
  TABLESPACE "TBS_CLOTHES" 
 LOB ("NATIVE_SQL") STORE AS BASICFILE (
  TABLESPACE "TBS_CLOTHES" ENABLE STORAGE IN ROW 4000 CHUNK 8192 RETENTION 
  CACHE READS LOGGING ) ;

   COMMENT ON COLUMN "USR_CLOTHES"."MD_CONNECTIONS"."ID" IS 'Primary key';
   COMMENT ON COLUMN "USR_CLOTHES"."MD_CONNECTIONS"."PROJECT_ID_FK" IS 'The project to which this connection belongs //PARENTFIELD';
   COMMENT ON COLUMN "USR_CLOTHES"."MD_CONNECTIONS"."TYPE" IS 'The type of the connection - For example it could be used to store "ORACLE" or "MYSQL"';
   COMMENT ON COLUMN "USR_CLOTHES"."MD_CONNECTIONS"."HOST" IS 'The host to which this connection connects.';
   COMMENT ON COLUMN "USR_CLOTHES"."MD_CONNECTIONS"."PORT" IS 'The port to which this connection connects';
   COMMENT ON COLUMN "USR_CLOTHES"."MD_CONNECTIONS"."USERNAME" IS 'The username used to make the connection';
   COMMENT ON COLUMN "USR_CLOTHES"."MD_CONNECTIONS"."PASSWORD" IS 'The password used to make this connection';
   COMMENT ON COLUMN "USR_CLOTHES"."MD_CONNECTIONS"."DBURL" IS 'The database url used to make this connection';
   COMMENT ON COLUMN "USR_CLOTHES"."MD_CONNECTIONS"."NAME" IS '//OBJECTNAME';
   COMMENT ON COLUMN "USR_CLOTHES"."MD_CONNECTIONS"."NATIVE_SQL" IS 'The native sql used to create this connection';
   COMMENT ON COLUMN "USR_CLOTHES"."MD_CONNECTIONS"."STATUS" IS 'Status of Migration, = captured,converted,generated,datamoved';
   COMMENT ON TABLE "USR_CLOTHES"."MD_CONNECTIONS"  IS 'This table is used to store connection information.  For example, in migrations, we could be carrying out a consolidation which occurs across many connections.';
--------------------------------------------------------
--  DDL for Table MD_CONSTRAINTS
--------------------------------------------------------

  CREATE TABLE "USR_CLOTHES"."MD_CONSTRAINTS" 
   (	"ID" NUMBER, 
	"DELETE_CLAUSE" VARCHAR2(4000 BYTE), 
	"NAME" VARCHAR2(4000 BYTE), 
	"CONSTRAINT_TYPE" VARCHAR2(4000 BYTE), 
	"TABLE_ID_FK" NUMBER, 
	"REFTABLE_ID_FK" NUMBER, 
	"CONSTRAINT_TEXT" CLOB, 
	"LANGUAGE" VARCHAR2(40 BYTE), 
	"COMMENTS" VARCHAR2(4000 BYTE), 
	"SECURITY_GROUP_ID" NUMBER DEFAULT 0, 
	"CREATED_ON" DATE DEFAULT sysdate, 
	"CREATED_BY" VARCHAR2(255 BYTE), 
	"LAST_UPDATED_ON" DATE, 
	"LAST_UPDATED_BY" VARCHAR2(255 BYTE)
   ) SEGMENT CREATION DEFERRED 
  PCTFREE 10 PCTUSED 40 INITRANS 1 MAXTRANS 255 
 NOCOMPRESS LOGGING
  TABLESPACE "TBS_CLOTHES" 
 LOB ("CONSTRAINT_TEXT") STORE AS BASICFILE (
  TABLESPACE "TBS_CLOTHES" ENABLE STORAGE IN ROW 4000 CHUNK 8192 RETENTION 
  CACHE READS LOGGING ) ;

   COMMENT ON COLUMN "USR_CLOTHES"."MD_CONSTRAINTS"."ID" IS 'Primary Key';
   COMMENT ON COLUMN "USR_CLOTHES"."MD_CONSTRAINTS"."DELETE_CLAUSE" IS 'delete option , can be either CASCADE, RESTRICT or NULL';
   COMMENT ON COLUMN "USR_CLOTHES"."MD_CONSTRAINTS"."NAME" IS 'Name of the constraint //OBJECTNAME';
   COMMENT ON COLUMN "USR_CLOTHES"."MD_CONSTRAINTS"."CONSTRAINT_TYPE" IS 'Type of the constraint (e.g. CHECK)';
   COMMENT ON COLUMN "USR_CLOTHES"."MD_CONSTRAINTS"."TABLE_ID_FK" IS 'Table on which this constraint exists //PARENTFIELD';
   COMMENT ON COLUMN "USR_CLOTHES"."MD_CONSTRAINTS"."REFTABLE_ID_FK" IS 'Used in foreign keys - this gives the table that we refer to.';
   COMMENT ON COLUMN "USR_CLOTHES"."MD_CONSTRAINTS"."CONSTRAINT_TEXT" IS 'The text of the constraint';
   COMMENT ON COLUMN "USR_CLOTHES"."MD_CONSTRAINTS"."LANGUAGE" IS '//PUBLIC';
   COMMENT ON TABLE "USR_CLOTHES"."MD_CONSTRAINTS"  IS 'Table for storing information about a constraint';
--------------------------------------------------------
--  DDL for Table MD_CONSTRAINT_DETAILS
--------------------------------------------------------

  CREATE TABLE "USR_CLOTHES"."MD_CONSTRAINT_DETAILS" 
   (	"ID" NUMBER, 
	"REF_FLAG" CHAR(1 BYTE) DEFAULT 'N', 
	"CONSTRAINT_ID_FK" NUMBER, 
	"COLUMN_ID_FK" NUMBER, 
	"COLUMN_PORTION" NUMBER, 
	"CONSTRAINT_TEXT" CLOB, 
	"DETAIL_ORDER" NUMBER, 
	"SECURITY_GROUP_ID" NUMBER DEFAULT 0, 
	"CREATED_ON" DATE DEFAULT sysdate, 
	"CREATED_BY" VARCHAR2(255 BYTE), 
	"LAST_UPDATED_ON" DATE, 
	"LAST_UPDATED_BY" VARCHAR2(255 BYTE)
   ) SEGMENT CREATION DEFERRED 
  PCTFREE 10 PCTUSED 40 INITRANS 1 MAXTRANS 255 
 NOCOMPRESS LOGGING
  TABLESPACE "TBS_CLOTHES" 
 LOB ("CONSTRAINT_TEXT") STORE AS BASICFILE (
  TABLESPACE "TBS_CLOTHES" ENABLE STORAGE IN ROW 4000 CHUNK 8192 RETENTION 
  CACHE READS LOGGING ) ;

   COMMENT ON COLUMN "USR_CLOTHES"."MD_CONSTRAINT_DETAILS"."ID" IS 'Primary Key';
   COMMENT ON COLUMN "USR_CLOTHES"."MD_CONSTRAINT_DETAILS"."REF_FLAG" IS '"N" or Null signify that this column is the colum that is used in the constraint.  A flag of Y signifies that the colum is a referenced column (i.e. part of a foreign key constraint)';
   COMMENT ON COLUMN "USR_CLOTHES"."MD_CONSTRAINT_DETAILS"."CONSTRAINT_ID_FK" IS 'Constraint that this detail belongs to //PARENTFIELD';
   COMMENT ON COLUMN "USR_CLOTHES"."MD_CONSTRAINT_DETAILS"."COLUMN_PORTION" IS 'The portion of a column this detail belongs (e.g. for constrints on substrings)';
   COMMENT ON COLUMN "USR_CLOTHES"."MD_CONSTRAINT_DETAILS"."CONSTRAINT_TEXT" IS 'The text of the constraint';
   COMMENT ON TABLE "USR_CLOTHES"."MD_CONSTRAINT_DETAILS"  IS 'Constraint details show what columns are "involved" in a constraint.';
--------------------------------------------------------
--  DDL for Table MD_DERIVATIVES
--------------------------------------------------------

  CREATE TABLE "USR_CLOTHES"."MD_DERIVATIVES" 
   (	"ID" NUMBER, 
	"SRC_ID" NUMBER, 
	"SRC_TYPE" VARCHAR2(4000 BYTE), 
	"DERIVED_ID" NUMBER, 
	"DERIVED_TYPE" VARCHAR2(4000 BYTE), 
	"DERIVED_CONNECTION_ID_FK" NUMBER, 
	"TRANSFORMED" CHAR(1 BYTE), 
	"ORIGINAL_IDENTIFIER" VARCHAR2(4000 BYTE), 
	"NEW_IDENTIFIER" VARCHAR2(4000 BYTE), 
	"DERIVED_OBJECT_NAMESPACE" VARCHAR2(40 BYTE), 
	"DERIVATIVE_REASON" VARCHAR2(10 BYTE), 
	"SECURITY_GROUP_ID" NUMBER DEFAULT 0, 
	"CREATED_ON" DATE DEFAULT sysdate, 
	"CREATED_BY" VARCHAR2(255 BYTE), 
	"LAST_UPDATED_ON" DATE, 
	"LAST_UPDATED_BY" VARCHAR2(255 BYTE), 
	"ENABLED" CHAR(1 BYTE) DEFAULT 'Y'
   ) SEGMENT CREATION DEFERRED 
  PCTFREE 10 PCTUSED 40 INITRANS 1 MAXTRANS 255 
 NOCOMPRESS LOGGING
  TABLESPACE "TBS_CLOTHES" ;

   COMMENT ON COLUMN "USR_CLOTHES"."MD_DERIVATIVES"."TRANSFORMED" IS 'Set this field to ''Y'' if we carry out any sort of transformation on teh derived object.';
   COMMENT ON TABLE "USR_CLOTHES"."MD_DERIVATIVES"  IS 'This table is used to store objects that are derived from each other.  For example in a migration an auto-increment column in a source model could be mapped to a primary key, and a sequence, and a trigger.  The MD_DERIVATIVES table would store the fact that these 3 objects are derived from the auto-increment column.';
--------------------------------------------------------
--  DDL for Table MD_FILE_ARTIFACTS
--------------------------------------------------------

  CREATE TABLE "USR_CLOTHES"."MD_FILE_ARTIFACTS" 
   (	"ID" NUMBER, 
	"APPLICATIONFILES_ID" NUMBER, 
	"PATTERN" VARCHAR2(4000 BYTE), 
	"STRING_FOUND" VARCHAR2(4000 BYTE), 
	"STRING_REPLACED" VARCHAR2(4000 BYTE), 
	"TYPE" VARCHAR2(200 BYTE), 
	"STATUS" VARCHAR2(4000 BYTE), 
	"LINE" NUMBER, 
	"PATTERN_START" NUMBER, 
	"PATTERN_END" NUMBER, 
	"DUE_DATE" DATE, 
	"DB_TYPE" VARCHAR2(100 BYTE), 
	"CODE_TYPE" VARCHAR2(1000 BYTE), 
	"DESCRIPTION" VARCHAR2(4000 BYTE), 
	"PRIORITY" NUMBER(*,0), 
	"SECURITY_GROUP_ID" VARCHAR2(20 BYTE) DEFAULT '0', 
	"CREATED_ON" DATE DEFAULT sysdate, 
	"CREATED_BY" VARCHAR2(4000 BYTE), 
	"LAST_UPDATED" DATE, 
	"LAST_UPDATED_BY" VARCHAR2(4000 BYTE)
   ) SEGMENT CREATION DEFERRED 
  PCTFREE 10 PCTUSED 40 INITRANS 1 MAXTRANS 255 
 NOCOMPRESS LOGGING
  TABLESPACE "TBS_CLOTHES" ;

   COMMENT ON COLUMN "USR_CLOTHES"."MD_FILE_ARTIFACTS"."PATTERN" IS 'Pattern used to search source file for interesting artifiacts';
   COMMENT ON COLUMN "USR_CLOTHES"."MD_FILE_ARTIFACTS"."STRING_FOUND" IS 'String found in source from the pattern supplied';
   COMMENT ON COLUMN "USR_CLOTHES"."MD_FILE_ARTIFACTS"."STRING_REPLACED" IS 'This is the string which replace the string found if it was replaced.';
   COMMENT ON COLUMN "USR_CLOTHES"."MD_FILE_ARTIFACTS"."TYPE" IS 'This is the type of the replacement.  It could be a straight replace from a replacement pattern, or we could have passed the string to a translator which would change the string depending on the database.';
   COMMENT ON COLUMN "USR_CLOTHES"."MD_FILE_ARTIFACTS"."STATUS" IS 'Pattern used to search source file for interesting artifiacts';
   COMMENT ON COLUMN "USR_CLOTHES"."MD_FILE_ARTIFACTS"."DUE_DATE" IS 'Due date is used by the TODO mechanism to manage the validation and work to complete this change';
   COMMENT ON COLUMN "USR_CLOTHES"."MD_FILE_ARTIFACTS"."DB_TYPE" IS 'Source database calls type';
   COMMENT ON COLUMN "USR_CLOTHES"."MD_FILE_ARTIFACTS"."CODE_TYPE" IS 'Source code db api, like dblib, jdbc';
   COMMENT ON COLUMN "USR_CLOTHES"."MD_FILE_ARTIFACTS"."DESCRIPTION" IS 'This is a description of the artifact which will have a default generated by the scanner and then can be modified by the user to be more appropriate for their use';
   COMMENT ON COLUMN "USR_CLOTHES"."MD_FILE_ARTIFACTS"."PRIORITY" IS 'The priority is set for the TODOs so they can be managed by the user';
   COMMENT ON TABLE "USR_CLOTHES"."MD_FILE_ARTIFACTS"  IS 'Holds a tuple for each interesting thing the scanner finds in a file';
--------------------------------------------------------
--  DDL for Table MD_GROUPS
--------------------------------------------------------

  CREATE TABLE "USR_CLOTHES"."MD_GROUPS" 
   (	"ID" NUMBER, 
	"SCHEMA_ID_FK" NUMBER, 
	"GROUP_NAME" VARCHAR2(4000 BYTE), 
	"GROUP_FLAG" CHAR(1 BYTE), 
	"NATIVE_SQL" CLOB, 
	"NATIVE_KEY" VARCHAR2(4000 BYTE), 
	"COMMENTS" VARCHAR2(4000 BYTE), 
	"SECURITY_GROUP_ID" NUMBER DEFAULT 0, 
	"CREATED_ON" DATE DEFAULT sysdate, 
	"CREATED_BY" VARCHAR2(255 BYTE), 
	"LAST_UPDATED_ON" DATE, 
	"LAST_UPDATED_BY" VARCHAR2(255 BYTE)
   ) SEGMENT CREATION DEFERRED 
  PCTFREE 10 PCTUSED 40 INITRANS 1 MAXTRANS 255 
 NOCOMPRESS LOGGING
  TABLESPACE "TBS_CLOTHES" 
 LOB ("NATIVE_SQL") STORE AS BASICFILE (
  TABLESPACE "TBS_CLOTHES" ENABLE STORAGE IN ROW 4000 CHUNK 8192 RETENTION 
  CACHE READS LOGGING ) ;

   COMMENT ON COLUMN "USR_CLOTHES"."MD_GROUPS"."ID" IS 'Primary Key';
   COMMENT ON COLUMN "USR_CLOTHES"."MD_GROUPS"."SCHEMA_ID_FK" IS 'Schema in which this object belongs //PARENTFIELD';
   COMMENT ON COLUMN "USR_CLOTHES"."MD_GROUPS"."GROUP_NAME" IS 'Name of the group //OBJECTNAME';
   COMMENT ON COLUMN "USR_CLOTHES"."MD_GROUPS"."GROUP_FLAG" IS 'This is a flag to signify a group or a role.  If this is ''R'' it means the group is known as a Role.  Any other value means it is known as a group.';
   COMMENT ON COLUMN "USR_CLOTHES"."MD_GROUPS"."NATIVE_SQL" IS 'SQL Used to generate this object at source';
   COMMENT ON COLUMN "USR_CLOTHES"."MD_GROUPS"."NATIVE_KEY" IS 'Unique id for this object at source';
   COMMENT ON TABLE "USR_CLOTHES"."MD_GROUPS"  IS 'Groups of users in a schema';
--------------------------------------------------------
--  DDL for Table MD_GROUP_MEMBERS
--------------------------------------------------------

  CREATE TABLE "USR_CLOTHES"."MD_GROUP_MEMBERS" 
   (	"ID" NUMBER, 
	"GROUP_ID_FK" NUMBER, 
	"USER_ID_FK" NUMBER, 
	"GROUP_MEMBER_ID_FK" NUMBER, 
	"SECURITY_GROUP_ID" NUMBER DEFAULT 0, 
	"CREATED_ON" DATE DEFAULT sysdate, 
	"CREATED_BY" VARCHAR2(255 BYTE), 
	"LAST_UPDATED_ON" DATE, 
	"LAST_UPDATED_BY" VARCHAR2(255 BYTE)
   ) SEGMENT CREATION DEFERRED 
  PCTFREE 10 PCTUSED 40 INITRANS 1 MAXTRANS 255 
 NOCOMPRESS LOGGING
  TABLESPACE "TBS_CLOTHES" ;

   COMMENT ON COLUMN "USR_CLOTHES"."MD_GROUP_MEMBERS"."ID" IS 'Primary Key';
   COMMENT ON COLUMN "USR_CLOTHES"."MD_GROUP_MEMBERS"."USER_ID_FK" IS 'Id of member';
   COMMENT ON COLUMN "USR_CLOTHES"."MD_GROUP_MEMBERS"."GROUP_MEMBER_ID_FK" IS 'groups can be members of groups';
   COMMENT ON TABLE "USR_CLOTHES"."MD_GROUP_MEMBERS"  IS 'This table is used to store the members of a group.';
--------------------------------------------------------
--  DDL for Table MD_GROUP_PRIVILEGES
--------------------------------------------------------

  CREATE TABLE "USR_CLOTHES"."MD_GROUP_PRIVILEGES" 
   (	"ID" NUMBER, 
	"GROUP_ID_FK" NUMBER, 
	"PRIVILEGE_ID_FK" NUMBER, 
	"SECURITY_GROUP_ID" NUMBER DEFAULT 0, 
	"CREATED_ON" DATE DEFAULT sysdate, 
	"CREATED_BY" VARCHAR2(255 BYTE), 
	"LAST_UPDATED_ON" DATE, 
	"LAST_UPDATED_BY" VARCHAR2(255 BYTE)
   ) SEGMENT CREATION DEFERRED 
  PCTFREE 10 PCTUSED 40 INITRANS 1 MAXTRANS 255 
 NOCOMPRESS LOGGING
  TABLESPACE "TBS_CLOTHES" ;

   COMMENT ON TABLE "USR_CLOTHES"."MD_GROUP_PRIVILEGES"  IS 'This table stores the privileges granted to a group (or role)';
--------------------------------------------------------
--  DDL for Table MD_INDEXES
--------------------------------------------------------

  CREATE TABLE "USR_CLOTHES"."MD_INDEXES" 
   (	"ID" NUMBER, 
	"INDEX_TYPE" VARCHAR2(4000 BYTE), 
	"TABLE_ID_FK" NUMBER, 
	"INDEX_NAME" VARCHAR2(4000 BYTE), 
	"NATIVE_SQL" CLOB, 
	"NATIVE_KEY" VARCHAR2(4000 BYTE), 
	"COMMENTS" VARCHAR2(4000 BYTE), 
	"SECURITY_GROUP_ID" NUMBER DEFAULT 0, 
	"CREATED_ON" DATE DEFAULT sysdate, 
	"CREATED_BY" VARCHAR2(255 BYTE), 
	"LAST_UPDATED_ON" DATE, 
	"LAST_UPDATED_BY" VARCHAR2(4000 BYTE)
   ) SEGMENT CREATION DEFERRED 
  PCTFREE 10 PCTUSED 40 INITRANS 1 MAXTRANS 255 
 NOCOMPRESS LOGGING
  TABLESPACE "TBS_CLOTHES" 
 LOB ("NATIVE_SQL") STORE AS BASICFILE (
  TABLESPACE "TBS_CLOTHES" ENABLE STORAGE IN ROW 4000 CHUNK 8192 RETENTION 
  CACHE READS LOGGING ) ;

   COMMENT ON COLUMN "USR_CLOTHES"."MD_INDEXES"."ID" IS 'Primary Key';
   COMMENT ON COLUMN "USR_CLOTHES"."MD_INDEXES"."INDEX_TYPE" IS 'Type of the index e.g. PRIMARY';
   COMMENT ON COLUMN "USR_CLOTHES"."MD_INDEXES"."TABLE_ID_FK" IS 'Table that this index is on //PARENTFIELD';
   COMMENT ON COLUMN "USR_CLOTHES"."MD_INDEXES"."INDEX_NAME" IS 'Name of the index //OBJECTNAME';
   COMMENT ON COLUMN "USR_CLOTHES"."MD_INDEXES"."NATIVE_SQL" IS 'SQL used to create the index at source';
   COMMENT ON COLUMN "USR_CLOTHES"."MD_INDEXES"."NATIVE_KEY" IS 'A unique identifier for this object at the source';
   COMMENT ON TABLE "USR_CLOTHES"."MD_INDEXES"  IS 'This table is used to store information about the indexes in a schema';
--------------------------------------------------------
--  DDL for Table MD_INDEX_DETAILS
--------------------------------------------------------

  CREATE TABLE "USR_CLOTHES"."MD_INDEX_DETAILS" 
   (	"ID" NUMBER, 
	"INDEX_ID_FK" NUMBER, 
	"COLUMN_ID_FK" NUMBER, 
	"INDEX_PORTION" NUMBER, 
	"DETAIL_ORDER" NUMBER, 
	"SECURITY_GROUP_ID" NUMBER DEFAULT 0, 
	"CREATED_ON" DATE DEFAULT sysdate, 
	"CREATED_BY" VARCHAR2(255 BYTE), 
	"LAST_UPDATED_ON" DATE, 
	"LAST_UPDATED_BY" VARCHAR2(255 BYTE)
   ) SEGMENT CREATION DEFERRED 
  PCTFREE 10 PCTUSED 40 INITRANS 1 MAXTRANS 255 
 NOCOMPRESS LOGGING
  TABLESPACE "TBS_CLOTHES" ;

   COMMENT ON COLUMN "USR_CLOTHES"."MD_INDEX_DETAILS"."INDEX_ID_FK" IS 'The index to which this detail belongs. //PARENTFIELD';
   COMMENT ON COLUMN "USR_CLOTHES"."MD_INDEX_DETAILS"."INDEX_PORTION" IS 'To support indexing on part of a field';
   COMMENT ON TABLE "USR_CLOTHES"."MD_INDEX_DETAILS"  IS 'This table stores the details of an index.  It shows what columns are "part" of the index.';
--------------------------------------------------------
--  DDL for Table MD_MIGR_DEPENDENCY
--------------------------------------------------------

  CREATE TABLE "USR_CLOTHES"."MD_MIGR_DEPENDENCY" 
   (	"ID" NUMBER, 
	"CONNECTION_ID_FK" NUMBER, 
	"PARENT_ID" NUMBER, 
	"CHILD_ID" NUMBER, 
	"PARENT_OBJECT_TYPE" VARCHAR2(4000 BYTE), 
	"CHILD_OBJECT_TYPE" VARCHAR2(4000 BYTE), 
	"SECURITY_GROUP_ID" NUMBER DEFAULT 0, 
	"CREATED_ON" DATE DEFAULT sysdate, 
	"CREATED_BY" VARCHAR2(255 BYTE), 
	"LAST_UPDATED_ON" DATE, 
	"LAST_UPDATED_BY" VARCHAR2(255 BYTE)
   ) SEGMENT CREATION DEFERRED 
  PCTFREE 10 PCTUSED 40 INITRANS 1 MAXTRANS 255 
 NOCOMPRESS LOGGING
  TABLESPACE "TBS_CLOTHES" ;

   COMMENT ON COLUMN "USR_CLOTHES"."MD_MIGR_DEPENDENCY"."CONNECTION_ID_FK" IS 'The connection that this exists in //PARENTFIELD';
--------------------------------------------------------
--  DDL for Table MD_MIGR_PARAMETER
--------------------------------------------------------

  CREATE TABLE "USR_CLOTHES"."MD_MIGR_PARAMETER" 
   (	"ID" NUMBER, 
	"CONNECTION_ID_FK" NUMBER, 
	"OBJECT_ID" NUMBER, 
	"OBJECT_TYPE" VARCHAR2(4000 BYTE), 
	"PARAM_EXISTING" NUMBER, 
	"PARAM_ORDER" NUMBER, 
	"PARAM_NAME" VARCHAR2(4000 BYTE), 
	"PARAM_TYPE" VARCHAR2(4000 BYTE), 
	"PARAM_DATA_TYPE" VARCHAR2(4000 BYTE), 
	"PERCISION" NUMBER, 
	"SCALE" NUMBER, 
	"NULLABLE" CHAR(1 BYTE), 
	"DEFAULT_VALUE" VARCHAR2(4000 BYTE), 
	"SECURITY_GROUP_ID" NUMBER DEFAULT 0, 
	"CREATED_ON" DATE DEFAULT sysdate, 
	"CREATED_BY" VARCHAR2(255 BYTE), 
	"LAST_UPDATED_ON" DATE, 
	"LAST_UPDATED_BY" VARCHAR2(255 BYTE)
   ) SEGMENT CREATION DEFERRED 
  PCTFREE 10 PCTUSED 40 INITRANS 1 MAXTRANS 255 
 NOCOMPRESS LOGGING
  TABLESPACE "TBS_CLOTHES" ;

   COMMENT ON COLUMN "USR_CLOTHES"."MD_MIGR_PARAMETER"."CONNECTION_ID_FK" IS 'the connection in which this belongs //PARENTFIELD';
   COMMENT ON COLUMN "USR_CLOTHES"."MD_MIGR_PARAMETER"."PARAM_EXISTING" IS '1 represents a new parameter for PL/SQL that was not present in the origional. 0 represents a n existing parameter that was present in the origional';
   COMMENT ON COLUMN "USR_CLOTHES"."MD_MIGR_PARAMETER"."PARAM_ORDER" IS 'IF -1 THEN THIS PARAM IS A RETURN PARAMETER. 1 WILL BE THE FIRST PARAMETER IN THE PARAMETER LIST';
--------------------------------------------------------
--  DDL for Table MD_MIGR_WEAKDEP
--------------------------------------------------------

  CREATE TABLE "USR_CLOTHES"."MD_MIGR_WEAKDEP" 
   (	"ID" NUMBER, 
	"CONNECTION_ID_FK" NUMBER, 
	"SCHEMA_ID_FK" NUMBER, 
	"PARENT_ID" NUMBER, 
	"CHILD_NAME" VARCHAR2(4000 BYTE), 
	"PARENT_TYPE" VARCHAR2(4000 BYTE), 
	"CHILD_TYPE" VARCHAR2(4000 BYTE), 
	"SECURITY_GROUP_ID" NUMBER DEFAULT 0, 
	"CREATED_ON" DATE DEFAULT sysdate, 
	"CREATED_BY" VARCHAR2(255 BYTE), 
	"LAST_UPDATED_ON" DATE, 
	"LAST_UPDATED_BY" VARCHAR2(255 BYTE)
   ) SEGMENT CREATION DEFERRED 
  PCTFREE 10 PCTUSED 40 INITRANS 1 MAXTRANS 255 
 NOCOMPRESS LOGGING
  TABLESPACE "TBS_CLOTHES" ;

   COMMENT ON COLUMN "USR_CLOTHES"."MD_MIGR_WEAKDEP"."CHILD_NAME" IS 'name of the child,  as weak dependencies dont have reference to child id';
   COMMENT ON COLUMN "USR_CLOTHES"."MD_MIGR_WEAKDEP"."PARENT_TYPE" IS 'MD_<tablename>';
   COMMENT ON COLUMN "USR_CLOTHES"."MD_MIGR_WEAKDEP"."CHILD_TYPE" IS 'Generic Type (not MD_<tablename>)';
--------------------------------------------------------
--  DDL for Table MD_NUMROW$SOURCE
--------------------------------------------------------

  CREATE TABLE "USR_CLOTHES"."MD_NUMROW$SOURCE" 
   (	"NUMROWS" NUMBER(10,0), 
	"NAME" VARCHAR2(4000 BYTE), 
	"OBJID" NUMBER(10,0)
   ) SEGMENT CREATION DEFERRED 
  PCTFREE 10 PCTUSED 40 INITRANS 1 MAXTRANS 255 
 NOCOMPRESS LOGGING
  TABLESPACE "TBS_CLOTHES" ;
--------------------------------------------------------
--  DDL for Table MD_NUMROW$TARGET
--------------------------------------------------------

  CREATE TABLE "USR_CLOTHES"."MD_NUMROW$TARGET" 
   (	"NUMROWS" NUMBER(10,0), 
	"NAME" VARCHAR2(4000 BYTE), 
	"OBJID" NUMBER(10,0)
   ) SEGMENT CREATION DEFERRED 
  PCTFREE 10 PCTUSED 40 INITRANS 1 MAXTRANS 255 
 NOCOMPRESS LOGGING
  TABLESPACE "TBS_CLOTHES" ;
--------------------------------------------------------
--  DDL for Table MD_OTHER_OBJECTS
--------------------------------------------------------

  CREATE TABLE "USR_CLOTHES"."MD_OTHER_OBJECTS" 
   (	"ID" NUMBER, 
	"SCHEMA_ID_FK" NUMBER, 
	"NAME" VARCHAR2(4000 BYTE), 
	"NATIVE_SQL" CLOB, 
	"NATIVE_KEY" VARCHAR2(4000 BYTE), 
	"COMMENTS" VARCHAR2(4000 BYTE), 
	"SECURITY_GROUP_ID" NUMBER DEFAULT 0, 
	"CREATED_ON" DATE DEFAULT sysdate, 
	"CREATED_BY" VARCHAR2(255 BYTE), 
	"LAST_UPDATED_ON" DATE, 
	"LAST_UPDATED_BY" VARCHAR2(255 BYTE)
   ) SEGMENT CREATION DEFERRED 
  PCTFREE 10 PCTUSED 40 INITRANS 1 MAXTRANS 255 
 NOCOMPRESS LOGGING
  TABLESPACE "TBS_CLOTHES" 
 LOB ("NATIVE_SQL") STORE AS BASICFILE (
  TABLESPACE "TBS_CLOTHES" ENABLE STORAGE IN ROW 4000 CHUNK 8192 RETENTION 
  CACHE READS LOGGING ) ;

   COMMENT ON COLUMN "USR_CLOTHES"."MD_OTHER_OBJECTS"."ID" IS 'Primary Key';
   COMMENT ON COLUMN "USR_CLOTHES"."MD_OTHER_OBJECTS"."SCHEMA_ID_FK" IS 'Schema to which this object blongs. //PARENTFIELD';
   COMMENT ON COLUMN "USR_CLOTHES"."MD_OTHER_OBJECTS"."NAME" IS 'Name of this object //OBJECTNAME';
   COMMENT ON COLUMN "USR_CLOTHES"."MD_OTHER_OBJECTS"."NATIVE_SQL" IS 'The native SQL used to create this object';
   COMMENT ON COLUMN "USR_CLOTHES"."MD_OTHER_OBJECTS"."NATIVE_KEY" IS 'A key that identifies this object at source.';
   COMMENT ON TABLE "USR_CLOTHES"."MD_OTHER_OBJECTS"  IS 'For storing objects that don''''t belong anywhere else';
--------------------------------------------------------
--  DDL for Table MD_PACKAGES
--------------------------------------------------------

  CREATE TABLE "USR_CLOTHES"."MD_PACKAGES" 
   (	"ID" NUMBER, 
	"SCHEMA_ID_FK" NUMBER, 
	"NAME" VARCHAR2(4000 BYTE), 
	"PACKAGE_HEADER" CLOB, 
	"NATIVE_SQL" CLOB, 
	"NATIVE_KEY" VARCHAR2(4000 BYTE), 
	"LANGUAGE" VARCHAR2(40 BYTE), 
	"COMMENTS" VARCHAR2(4000 BYTE), 
	"SECURITY_GROUP_ID" NUMBER DEFAULT 0, 
	"CREATED_ON" DATE DEFAULT sysdate, 
	"CREATED_BY" VARCHAR2(255 BYTE), 
	"LAST_UPDATED_ON" DATE, 
	"LAST_UPDATED_BY" VARCHAR2(255 BYTE)
   ) SEGMENT CREATION DEFERRED 
  PCTFREE 10 PCTUSED 40 INITRANS 1 MAXTRANS 255 
 NOCOMPRESS LOGGING
  TABLESPACE "TBS_CLOTHES" 
 LOB ("PACKAGE_HEADER") STORE AS SECUREFILE (
  TABLESPACE "TBS_CLOTHES" ENABLE STORAGE IN ROW 4000 CHUNK 8192
  NOCACHE LOGGING  NOCOMPRESS  KEEP_DUPLICATES ) 
 LOB ("NATIVE_SQL") STORE AS BASICFILE (
  TABLESPACE "TBS_CLOTHES" ENABLE STORAGE IN ROW 4000 CHUNK 8192 RETENTION 
  CACHE READS LOGGING ) ;

   COMMENT ON COLUMN "USR_CLOTHES"."MD_PACKAGES"."ID" IS 'Primary Key';
   COMMENT ON COLUMN "USR_CLOTHES"."MD_PACKAGES"."SCHEMA_ID_FK" IS 'the schema in which this package resides //PARENTFIELD';
   COMMENT ON COLUMN "USR_CLOTHES"."MD_PACKAGES"."NAME" IS 'Name of this package //OBJECTNAME';
   COMMENT ON COLUMN "USR_CLOTHES"."MD_PACKAGES"."NATIVE_SQL" IS 'The SQL used to create this package at source';
   COMMENT ON COLUMN "USR_CLOTHES"."MD_PACKAGES"."NATIVE_KEY" IS 'A unique identifer for this object at source.';
   COMMENT ON COLUMN "USR_CLOTHES"."MD_PACKAGES"."LANGUAGE" IS '//PUBLIC';
   COMMENT ON TABLE "USR_CLOTHES"."MD_PACKAGES"  IS 'For storing packages';
--------------------------------------------------------
--  DDL for Table MD_PARTITIONS
--------------------------------------------------------

  CREATE TABLE "USR_CLOTHES"."MD_PARTITIONS" 
   (	"ID" NUMBER, 
	"TABLE_ID_FK" NUMBER, 
	"NATIVE_SQL" CLOB, 
	"PARTITION_EXPRESSION" VARCHAR2(4000 BYTE), 
	"COMMENTS" VARCHAR2(4000 BYTE), 
	"SECURITY_GROUP_ID" NUMBER DEFAULT 0, 
	"CREATED_BY" VARCHAR2(255 BYTE), 
	"CREATED_ON" DATE DEFAULT sysdate, 
	"LAST_UPDATED_BY" VARCHAR2(255 BYTE), 
	"LAST_UPDATED_ON" DATE
   ) SEGMENT CREATION DEFERRED 
  PCTFREE 10 PCTUSED 40 INITRANS 1 MAXTRANS 255 
 NOCOMPRESS LOGGING
  TABLESPACE "TBS_CLOTHES" 
 LOB ("NATIVE_SQL") STORE AS BASICFILE (
  TABLESPACE "TBS_CLOTHES" ENABLE STORAGE IN ROW 4000 CHUNK 8192 RETENTION 
  CACHE READS LOGGING ) ;

   COMMENT ON COLUMN "USR_CLOTHES"."MD_PARTITIONS"."ID" IS 'Primary Key';
   COMMENT ON COLUMN "USR_CLOTHES"."MD_PARTITIONS"."TABLE_ID_FK" IS 'The table that this partition refers to //PARENTFIELD';
   COMMENT ON COLUMN "USR_CLOTHES"."MD_PARTITIONS"."NATIVE_SQL" IS 'The SQL used to create this partition at source';
   COMMENT ON COLUMN "USR_CLOTHES"."MD_PARTITIONS"."PARTITION_EXPRESSION" IS 'The partition expression';
   COMMENT ON TABLE "USR_CLOTHES"."MD_PARTITIONS"  IS 'Partition information is stored in this table.';
--------------------------------------------------------
--  DDL for Table MD_PRIVILEGES
--------------------------------------------------------

  CREATE TABLE "USR_CLOTHES"."MD_PRIVILEGES" 
   (	"ID" NUMBER, 
	"SCHEMA_ID_FK" NUMBER, 
	"PRIVILEGE_NAME" VARCHAR2(4000 BYTE), 
	"PRIVELEGE_OBJECT_ID" NUMBER, 
	"PRIVELEGEOBJECTTYPE" VARCHAR2(4000 BYTE), 
	"PRIVELEGE_TYPE" VARCHAR2(4000 BYTE), 
	"ADMIN_OPTION" CHAR(1 BYTE), 
	"NATIVE_SQL" CLOB, 
	"NATIVE_KEY" VARCHAR2(4000 BYTE), 
	"COMMENTS" VARCHAR2(4000 BYTE), 
	"SECURITY_GROUP_ID" NUMBER DEFAULT 0, 
	"CREATED_ON" DATE DEFAULT sysdate, 
	"CREATED_BY" VARCHAR2(255 BYTE), 
	"LAST_UPDATED_ON" DATE, 
	"LAST_UPDATED_BY" VARCHAR2(255 BYTE)
   ) SEGMENT CREATION DEFERRED 
  PCTFREE 10 PCTUSED 40 INITRANS 1 MAXTRANS 255 
 NOCOMPRESS LOGGING
  TABLESPACE "TBS_CLOTHES" 
 LOB ("NATIVE_SQL") STORE AS BASICFILE (
  TABLESPACE "TBS_CLOTHES" ENABLE STORAGE IN ROW 4000 CHUNK 8192 RETENTION 
  CACHE READS LOGGING ) ;

   COMMENT ON COLUMN "USR_CLOTHES"."MD_PRIVILEGES"."ID" IS 'Primary Key';
   COMMENT ON COLUMN "USR_CLOTHES"."MD_PRIVILEGES"."SCHEMA_ID_FK" IS 'The schema to which this object belongs //PARENTFIELD';
   COMMENT ON COLUMN "USR_CLOTHES"."MD_PRIVILEGES"."PRIVILEGE_NAME" IS 'The name of the privilege //OBJECTNAME';
   COMMENT ON COLUMN "USR_CLOTHES"."MD_PRIVILEGES"."PRIVELEGE_OBJECT_ID" IS 'This references the table, view, etc on which the privelege exists.  This can be NULL for things like system wide privileges';
   COMMENT ON COLUMN "USR_CLOTHES"."MD_PRIVILEGES"."PRIVELEGEOBJECTTYPE" IS 'The type the privelege is on (e.g. INDEX)';
   COMMENT ON COLUMN "USR_CLOTHES"."MD_PRIVILEGES"."PRIVELEGE_TYPE" IS 'e.g.select';
   COMMENT ON COLUMN "USR_CLOTHES"."MD_PRIVILEGES"."ADMIN_OPTION" IS 'Flag to show if this was granted with admin option.  ''Y'' means it was granted with admin option ''N'' means it was NOT granted with admin option.  NULL means not applicable (e.g. not known, not supported by source platform, etc.)';
   COMMENT ON COLUMN "USR_CLOTHES"."MD_PRIVILEGES"."NATIVE_SQL" IS 'The SQL used to create this privilege at source';
   COMMENT ON COLUMN "USR_CLOTHES"."MD_PRIVILEGES"."NATIVE_KEY" IS 'An identifier for this object at source.';
   COMMENT ON TABLE "USR_CLOTHES"."MD_PRIVILEGES"  IS 'This table stores privilege information';
--------------------------------------------------------
--  DDL for Table MD_PROJECTS
--------------------------------------------------------

  CREATE TABLE "USR_CLOTHES"."MD_PROJECTS" 
   (	"ID" NUMBER, 
	"PROJECT_NAME" VARCHAR2(4000 BYTE), 
	"COMMENTS" VARCHAR2(4000 BYTE), 
	"SECURITY_GROUP_ID" NUMBER DEFAULT 0, 
	"CREATED_ON" DATE DEFAULT sysdate, 
	"CREATED_BY" VARCHAR2(255 BYTE), 
	"LAST_UPDATED_ON" DATE, 
	"LAST_UPDATED_BY" VARCHAR2(255 BYTE)
   ) SEGMENT CREATION DEFERRED 
  PCTFREE 10 PCTUSED 40 INITRANS 1 MAXTRANS 255 
 NOCOMPRESS LOGGING
  TABLESPACE "TBS_CLOTHES" ;

   COMMENT ON COLUMN "USR_CLOTHES"."MD_PROJECTS"."ID" IS 'Primary key';
   COMMENT ON COLUMN "USR_CLOTHES"."MD_PROJECTS"."PROJECT_NAME" IS 'Name of the project //OBJECTNAME';
   COMMENT ON TABLE "USR_CLOTHES"."MD_PROJECTS"  IS 'This is a top level container for a set of connections.';
--------------------------------------------------------
--  DDL for Table MD_REGISTRY
--------------------------------------------------------

  CREATE TABLE "USR_CLOTHES"."MD_REGISTRY" 
   (	"OBJECT_TYPE" VARCHAR2(30 BYTE), 
	"OBJECT_NAME" VARCHAR2(30 BYTE), 
	"DESC_OBJECT_NAME" VARCHAR2(30 BYTE)
   ) SEGMENT CREATION DEFERRED 
  PCTFREE 10 PCTUSED 40 INITRANS 1 MAXTRANS 255 
 NOCOMPRESS LOGGING
  TABLESPACE "TBS_CLOTHES" ;

   COMMENT ON TABLE "USR_CLOTHES"."MD_REGISTRY"  IS 'Table to store information on the MD_ repository.  This lists the objects to be dropped if you wish to remove the repository';
--------------------------------------------------------
--  DDL for Table MD_REPOVERSIONS
--------------------------------------------------------

  CREATE TABLE "USR_CLOTHES"."MD_REPOVERSIONS" 
   (	"REVISION" NUMBER
   ) SEGMENT CREATION DEFERRED 
  PCTFREE 10 PCTUSED 40 INITRANS 1 MAXTRANS 255 
 NOCOMPRESS LOGGING
  TABLESPACE "TBS_CLOTHES" ;

   COMMENT ON TABLE "USR_CLOTHES"."MD_REPOVERSIONS"  IS 'This table is used to version this schema for future requirements.';
--------------------------------------------------------
--  DDL for Table MD_SCHEMAS
--------------------------------------------------------

  CREATE TABLE "USR_CLOTHES"."MD_SCHEMAS" 
   (	"ID" NUMBER, 
	"CATALOG_ID_FK" NUMBER, 
	"NAME" VARCHAR2(4000 BYTE), 
	"TYPE" CHAR(1 BYTE), 
	"CHARACTER_SET" VARCHAR2(4000 BYTE), 
	"VERSION_TAG" VARCHAR2(40 BYTE), 
	"NATIVE_SQL" CLOB, 
	"NATIVE_KEY" VARCHAR2(4000 BYTE), 
	"COMMENTS" VARCHAR2(4000 BYTE), 
	"SECURITY_GROUP_ID" NUMBER DEFAULT 0, 
	"CREATED_ON" DATE DEFAULT sysdate, 
	"CREATED_BY" VARCHAR2(255 BYTE), 
	"LAST_UPDATED_ON" DATE, 
	"LAST_UPDATED_BY" VARCHAR2(255 BYTE)
   ) SEGMENT CREATION DEFERRED 
  PCTFREE 10 PCTUSED 40 INITRANS 1 MAXTRANS 255 
 NOCOMPRESS LOGGING
  TABLESPACE "TBS_CLOTHES" 
 LOB ("NATIVE_SQL") STORE AS BASICFILE (
  TABLESPACE "TBS_CLOTHES" ENABLE STORAGE IN ROW 4000 CHUNK 8192 RETENTION 
  CACHE READS LOGGING ) ;

   COMMENT ON COLUMN "USR_CLOTHES"."MD_SCHEMAS"."ID" IS 'Primary Key';
   COMMENT ON COLUMN "USR_CLOTHES"."MD_SCHEMAS"."CATALOG_ID_FK" IS 'Catalog to which this schema blongs //PARENTFIELD';
   COMMENT ON COLUMN "USR_CLOTHES"."MD_SCHEMAS"."NAME" IS 'Name of the schema //OBJECTNAME';
   COMMENT ON COLUMN "USR_CLOTHES"."MD_SCHEMAS"."TYPE" IS 'Type of this schema.  Eaxamples are ''CAPTURED'' OR ''CONVERTED''';
   COMMENT ON COLUMN "USR_CLOTHES"."MD_SCHEMAS"."CHARACTER_SET" IS 'The characterset of this schema';
   COMMENT ON COLUMN "USR_CLOTHES"."MD_SCHEMAS"."VERSION_TAG" IS 'A version string that can be used for tagging/baseling a schema';
   COMMENT ON COLUMN "USR_CLOTHES"."MD_SCHEMAS"."NATIVE_SQL" IS 'The native SQL used to create this schema';
   COMMENT ON COLUMN "USR_CLOTHES"."MD_SCHEMAS"."NATIVE_KEY" IS 'A unique identifier that this schema is known as in its source state.';
   COMMENT ON TABLE "USR_CLOTHES"."MD_SCHEMAS"  IS 'This is the holder for schemas';
--------------------------------------------------------
--  DDL for Table MD_SEQUENCES
--------------------------------------------------------

  CREATE TABLE "USR_CLOTHES"."MD_SEQUENCES" 
   (	"ID" NUMBER, 
	"SCHEMA_ID_FK" NUMBER, 
	"NAME" VARCHAR2(4000 BYTE), 
	"SEQ_START" NUMBER, 
	"INCR" NUMBER DEFAULT 1, 
	"NATIVE_SQL" CLOB, 
	"NATIVE_KEY" VARCHAR2(4000 BYTE), 
	"COMMENTS" VARCHAR2(4000 BYTE), 
	"SECURITY_GROUP_ID" NUMBER DEFAULT 0, 
	"CREATED_ON" DATE DEFAULT sysdate, 
	"CREATED_BY" VARCHAR2(255 BYTE) DEFAULT '0', 
	"LAST_UPDATED_ON" DATE, 
	"LAST_UPDATED_BY" VARCHAR2(255 BYTE)
   ) SEGMENT CREATION DEFERRED 
  PCTFREE 10 PCTUSED 40 INITRANS 1 MAXTRANS 255 
 NOCOMPRESS LOGGING
  TABLESPACE "TBS_CLOTHES" 
 LOB ("NATIVE_SQL") STORE AS BASICFILE (
  TABLESPACE "TBS_CLOTHES" ENABLE STORAGE IN ROW 4000 CHUNK 8192 RETENTION 
  CACHE READS LOGGING ) ;

   COMMENT ON COLUMN "USR_CLOTHES"."MD_SEQUENCES"."ID" IS 'Primary Key';
   COMMENT ON COLUMN "USR_CLOTHES"."MD_SEQUENCES"."SCHEMA_ID_FK" IS 'The schema to which this object belongs. //PARENTFIELD';
   COMMENT ON COLUMN "USR_CLOTHES"."MD_SEQUENCES"."NAME" IS 'Name of this sequence //OBJECTNAME';
   COMMENT ON COLUMN "USR_CLOTHES"."MD_SEQUENCES"."SEQ_START" IS 'Starting point of the sequence';
   COMMENT ON COLUMN "USR_CLOTHES"."MD_SEQUENCES"."INCR" IS 'Increment value of the sequence';
   COMMENT ON COLUMN "USR_CLOTHES"."MD_SEQUENCES"."NATIVE_SQL" IS 'SQL used to create this object at source';
   COMMENT ON COLUMN "USR_CLOTHES"."MD_SEQUENCES"."NATIVE_KEY" IS 'Identifier for this object at source.';
   COMMENT ON TABLE "USR_CLOTHES"."MD_SEQUENCES"  IS 'For storing information on sequences.';
--------------------------------------------------------
--  DDL for Table MD_STORED_PROGRAMS
--------------------------------------------------------

  CREATE TABLE "USR_CLOTHES"."MD_STORED_PROGRAMS" 
   (	"ID" NUMBER, 
	"SCHEMA_ID_FK" NUMBER, 
	"PROGRAMTYPE" VARCHAR2(20 BYTE), 
	"NAME" VARCHAR2(4000 BYTE), 
	"PACKAGE_ID_FK" NUMBER, 
	"NATIVE_SQL" CLOB, 
	"NATIVE_KEY" VARCHAR2(4000 BYTE), 
	"LANGUAGE" VARCHAR2(40 BYTE), 
	"COMMENTS" VARCHAR2(4000 BYTE), 
	"LINECOUNT" NUMBER, 
	"SECURITY_GROUP_ID" NUMBER DEFAULT 0, 
	"CREATED_ON" DATE DEFAULT sysdate, 
	"CREATED_BY" VARCHAR2(255 BYTE), 
	"LAST_UPDATED_ON" DATE, 
	"LAST_UPDATED_BY" VARCHAR2(255 BYTE)
   ) SEGMENT CREATION DEFERRED 
  PCTFREE 10 PCTUSED 40 INITRANS 1 MAXTRANS 255 
 NOCOMPRESS LOGGING
  TABLESPACE "TBS_CLOTHES" 
 LOB ("NATIVE_SQL") STORE AS BASICFILE (
  TABLESPACE "TBS_CLOTHES" ENABLE STORAGE IN ROW 4000 CHUNK 8192 RETENTION 
  CACHE READS LOGGING ) ;

   COMMENT ON COLUMN "USR_CLOTHES"."MD_STORED_PROGRAMS"."ID" IS 'Primary Key';
   COMMENT ON COLUMN "USR_CLOTHES"."MD_STORED_PROGRAMS"."SCHEMA_ID_FK" IS 'Schema to which this object belongs.  Note that the PACKAGE_ID_FK (if present also leads us to the relevant schema), however a stored program may or may not belong in a package.  If it is in a package, then the SCHEMA_ID_FK and the SCHEME_ID_FK in the parent package should match //PARENTFIELD';
   COMMENT ON COLUMN "USR_CLOTHES"."MD_STORED_PROGRAMS"."PROGRAMTYPE" IS 'Java/TSQL/PLSQL, etc.';
   COMMENT ON COLUMN "USR_CLOTHES"."MD_STORED_PROGRAMS"."NAME" IS 'Name of the stored program //OBJECTNAME';
   COMMENT ON COLUMN "USR_CLOTHES"."MD_STORED_PROGRAMS"."PACKAGE_ID_FK" IS 'The package to which this object belongs';
   COMMENT ON COLUMN "USR_CLOTHES"."MD_STORED_PROGRAMS"."NATIVE_SQL" IS 'The SQL used to create this object at source';
   COMMENT ON COLUMN "USR_CLOTHES"."MD_STORED_PROGRAMS"."NATIVE_KEY" IS 'A unique indetifier for this object at source';
   COMMENT ON COLUMN "USR_CLOTHES"."MD_STORED_PROGRAMS"."LANGUAGE" IS '//PUBLIC';
   COMMENT ON TABLE "USR_CLOTHES"."MD_STORED_PROGRAMS"  IS 'Container for stored programs.';
--------------------------------------------------------
--  DDL for Table MD_SYNONYMS
--------------------------------------------------------

  CREATE TABLE "USR_CLOTHES"."MD_SYNONYMS" 
   (	"ID" NUMBER, 
	"SCHEMA_ID_FK" NUMBER, 
	"NAME" VARCHAR2(4000 BYTE), 
	"SYNONYM_FOR_ID" NUMBER, 
	"FOR_OBJECT_TYPE" VARCHAR2(4000 BYTE), 
	"PRIVATE_VISIBILITY" CHAR(1 BYTE), 
	"NATIVE_SQL" CLOB, 
	"NATIVE_KEY" VARCHAR2(4000 BYTE), 
	"COMMENTS" VARCHAR2(4000 BYTE), 
	"SECURITY_GROUP_ID" NUMBER DEFAULT 0, 
	"CREATED_ON" DATE DEFAULT sysdate, 
	"CREATED_BY" VARCHAR2(255 BYTE), 
	"LAST_UPDATED_ON" DATE, 
	"LAST_UPDATED_BY" VARCHAR2(255 BYTE)
   ) SEGMENT CREATION DEFERRED 
  PCTFREE 10 PCTUSED 40 INITRANS 1 MAXTRANS 255 
 NOCOMPRESS LOGGING
  TABLESPACE "TBS_CLOTHES" 
 LOB ("NATIVE_SQL") STORE AS BASICFILE (
  TABLESPACE "TBS_CLOTHES" ENABLE STORAGE IN ROW 4000 CHUNK 8192 RETENTION 
  CACHE READS LOGGING ) ;

   COMMENT ON COLUMN "USR_CLOTHES"."MD_SYNONYMS"."ID" IS 'Primary Key';
   COMMENT ON COLUMN "USR_CLOTHES"."MD_SYNONYMS"."SCHEMA_ID_FK" IS 'The schema to which this object belongs //PARENTFIELD';
   COMMENT ON COLUMN "USR_CLOTHES"."MD_SYNONYMS"."NAME" IS 'Synonym name //OBJECTNAME';
   COMMENT ON COLUMN "USR_CLOTHES"."MD_SYNONYMS"."SYNONYM_FOR_ID" IS 'What object this is a synonym for';
   COMMENT ON COLUMN "USR_CLOTHES"."MD_SYNONYMS"."FOR_OBJECT_TYPE" IS 'The type this is a synonym for (e.g. INDEX)';
   COMMENT ON COLUMN "USR_CLOTHES"."MD_SYNONYMS"."PRIVATE_VISIBILITY" IS 'Visibility - Private or Public.  If Private_visibility = ''Y'' means this is a private synonym.  Anything else means it is a public synonym';
   COMMENT ON COLUMN "USR_CLOTHES"."MD_SYNONYMS"."NATIVE_SQL" IS 'The SQL used to create this object at source';
   COMMENT ON COLUMN "USR_CLOTHES"."MD_SYNONYMS"."NATIVE_KEY" IS 'An identifier for this object at source.';
   COMMENT ON TABLE "USR_CLOTHES"."MD_SYNONYMS"  IS 'For storing synonym information.';
--------------------------------------------------------
--  DDL for Table MD_TABLES
--------------------------------------------------------

  CREATE TABLE "USR_CLOTHES"."MD_TABLES" 
   (	"ID" NUMBER, 
	"SCHEMA_ID_FK" NUMBER, 
	"TABLE_NAME" VARCHAR2(4000 BYTE), 
	"NATIVE_SQL" CLOB, 
	"NATIVE_KEY" VARCHAR2(4000 BYTE), 
	"QUALIFIED_NATIVE_NAME" VARCHAR2(4000 BYTE), 
	"COMMENTS" VARCHAR2(4000 BYTE), 
	"SECURITY_GROUP_ID" NUMBER DEFAULT 0, 
	"CREATED_ON" DATE DEFAULT sysdate, 
	"CREATED_BY" VARCHAR2(255 BYTE), 
	"LAST_UPDATED_ON" DATE, 
	"LAST_UPDATED_BY" VARCHAR2(255 BYTE)
   ) SEGMENT CREATION DEFERRED 
  PCTFREE 10 PCTUSED 40 INITRANS 1 MAXTRANS 255 
 NOCOMPRESS LOGGING
  TABLESPACE "TBS_CLOTHES" 
 LOB ("NATIVE_SQL") STORE AS BASICFILE (
  TABLESPACE "TBS_CLOTHES" ENABLE STORAGE IN ROW 4000 CHUNK 8192 RETENTION 
  CACHE READS LOGGING ) ;

   COMMENT ON COLUMN "USR_CLOTHES"."MD_TABLES"."ID" IS 'Primary Key';
   COMMENT ON COLUMN "USR_CLOTHES"."MD_TABLES"."SCHEMA_ID_FK" IS 'Schema in which this table resides //PARENTFIELD';
   COMMENT ON COLUMN "USR_CLOTHES"."MD_TABLES"."TABLE_NAME" IS 'Name of the table //OBJECTNAME';
   COMMENT ON COLUMN "USR_CLOTHES"."MD_TABLES"."NATIVE_SQL" IS 'SQL Used to create this table at soruce';
   COMMENT ON COLUMN "USR_CLOTHES"."MD_TABLES"."NATIVE_KEY" IS 'Unique identifier for this table at source';
   COMMENT ON TABLE "USR_CLOTHES"."MD_TABLES"  IS 'Table used to store information about tables.';
--------------------------------------------------------
--  DDL for Table MD_TABLESPACES
--------------------------------------------------------

  CREATE TABLE "USR_CLOTHES"."MD_TABLESPACES" 
   (	"ID" NUMBER, 
	"SCHEMA_ID_FK" NUMBER, 
	"TABLESPACE_NAME" VARCHAR2(4000 BYTE), 
	"NATIVE_SQL" CLOB, 
	"NATIVE_KEY" VARCHAR2(4000 BYTE), 
	"COMMENTS" VARCHAR2(4000 BYTE), 
	"SECURITY_GROUP_ID" NUMBER DEFAULT 0, 
	"CREATED_ON" DATE DEFAULT sysdate, 
	"CREATED_BY" VARCHAR2(255 BYTE), 
	"LAST_UPDATED_ON" DATE, 
	"LAST_UPDATED_BY" VARCHAR2(255 BYTE)
   ) SEGMENT CREATION DEFERRED 
  PCTFREE 10 PCTUSED 40 INITRANS 1 MAXTRANS 255 
 NOCOMPRESS LOGGING
  TABLESPACE "TBS_CLOTHES" 
 LOB ("NATIVE_SQL") STORE AS BASICFILE (
  TABLESPACE "TBS_CLOTHES" ENABLE STORAGE IN ROW 4000 CHUNK 8192 RETENTION 
  CACHE ) ;

   COMMENT ON COLUMN "USR_CLOTHES"."MD_TABLESPACES"."ID" IS 'Primary Key';
   COMMENT ON COLUMN "USR_CLOTHES"."MD_TABLESPACES"."SCHEMA_ID_FK" IS 'Schema to which this tablespace belongs //PARENTFIELD';
   COMMENT ON COLUMN "USR_CLOTHES"."MD_TABLESPACES"."TABLESPACE_NAME" IS 'Name of the table space //OBJECTNAME';
   COMMENT ON COLUMN "USR_CLOTHES"."MD_TABLESPACES"."NATIVE_SQL" IS 'The SQL used to create this tablespace';
   COMMENT ON COLUMN "USR_CLOTHES"."MD_TABLESPACES"."NATIVE_KEY" IS 'A unique identifier for this object at source';
   COMMENT ON TABLE "USR_CLOTHES"."MD_TABLESPACES"  IS 'For storing information about tablespaces.';
--------------------------------------------------------
--  DDL for Table PRENDA
--------------------------------------------------------

  CREATE TABLE "USR_CLOTHES"."PRENDA" 
   (	"PRENDA_ID" NUMBER(5,0), 
	"NOMBRE_PRENDA" VARCHAR2(30 BYTE), 
	"PRECIO" NUMBER(6,2), 
	"CATEGORIA_ID" NUMBER(11,0), 
	"MATERIAL_ID" NUMBER(2,0), 
	"MARCA_ID" NUMBER(2,0)
   ) SEGMENT CREATION IMMEDIATE 
  PCTFREE 10 PCTUSED 40 INITRANS 1 MAXTRANS 255 
 NOCOMPRESS LOGGING
  STORAGE(INITIAL 65536 NEXT 1048576 MINEXTENTS 1 MAXEXTENTS 2147483645
  PCTINCREASE 0 FREELISTS 1 FREELIST GROUPS 1
  BUFFER_POOL DEFAULT FLASH_CACHE DEFAULT CELL_FLASH_CACHE DEFAULT)
  TABLESPACE "TBS_CLOTHES" ;
--------------------------------------------------------
--  DDL for Table PRENDA_PROVEEDOR
--------------------------------------------------------

  CREATE TABLE "USR_CLOTHES"."PRENDA_PROVEEDOR" 
   (	"PRENDA_ID" NUMBER(5,0), 
	"PROVEEDOR_ID" NUMBER(*,0)
   ) SEGMENT CREATION IMMEDIATE 
  PCTFREE 10 PCTUSED 40 INITRANS 1 MAXTRANS 255 
 NOCOMPRESS LOGGING
  STORAGE(INITIAL 65536 NEXT 1048576 MINEXTENTS 1 MAXEXTENTS 2147483645
  PCTINCREASE 0 FREELISTS 1 FREELIST GROUPS 1
  BUFFER_POOL DEFAULT FLASH_CACHE DEFAULT CELL_FLASH_CACHE DEFAULT)
  TABLESPACE "TBS_CLOTHES" ;
--------------------------------------------------------
--  DDL for Table PRENDA_TALLA
--------------------------------------------------------

  CREATE TABLE "USR_CLOTHES"."PRENDA_TALLA" 
   (	"PRENDA_ID" NUMBER(5,0), 
	"TALLA_ID" NUMBER(2,0), 
	"STOCK" NUMBER(*,0)
   ) SEGMENT CREATION IMMEDIATE 
  PCTFREE 10 PCTUSED 40 INITRANS 1 MAXTRANS 255 
 NOCOMPRESS LOGGING
  STORAGE(INITIAL 65536 NEXT 1048576 MINEXTENTS 1 MAXEXTENTS 2147483645
  PCTINCREASE 0 FREELISTS 1 FREELIST GROUPS 1
  BUFFER_POOL DEFAULT FLASH_CACHE DEFAULT CELL_FLASH_CACHE DEFAULT)
  TABLESPACE "TBS_CLOTHES" ;
--------------------------------------------------------
--  DDL for Table PROVEEDOR
--------------------------------------------------------

  CREATE TABLE "USR_CLOTHES"."PROVEEDOR" 
   (	"PROVEEDOR_ID" NUMBER(*,0), 
	"NOMBRE_PROVEEDOR" VARCHAR2(30 BYTE), 
	"TELEFONO" NUMBER(10,0), 
	"EMAIL" VARCHAR2(30 BYTE), 
	"DIRECCION" VARCHAR2(50 BYTE)
   ) SEGMENT CREATION IMMEDIATE 
  PCTFREE 10 PCTUSED 40 INITRANS 1 MAXTRANS 255 
 NOCOMPRESS LOGGING
  STORAGE(INITIAL 65536 NEXT 1048576 MINEXTENTS 1 MAXEXTENTS 2147483645
  PCTINCREASE 0 FREELISTS 1 FREELIST GROUPS 1
  BUFFER_POOL DEFAULT FLASH_CACHE DEFAULT CELL_FLASH_CACHE DEFAULT)
  TABLESPACE "TBS_CLOTHES" ;
--------------------------------------------------------
--  DDL for Table TALLA
--------------------------------------------------------

  CREATE TABLE "USR_CLOTHES"."TALLA" 
   (	"TALLA_ID" NUMBER(2,0), 
	"NOMBRE_TALLA" VARCHAR2(5 BYTE)
   ) SEGMENT CREATION IMMEDIATE 
  PCTFREE 10 PCTUSED 40 INITRANS 1 MAXTRANS 255 
 NOCOMPRESS LOGGING
  STORAGE(INITIAL 65536 NEXT 1048576 MINEXTENTS 1 MAXEXTENTS 2147483645
  PCTINCREASE 0 FREELISTS 1 FREELIST GROUPS 1
  BUFFER_POOL DEFAULT FLASH_CACHE DEFAULT CELL_FLASH_CACHE DEFAULT)
  TABLESPACE "TBS_CLOTHES" ;
--------------------------------------------------------
--  DDL for Table VENTA_PRENDA
--------------------------------------------------------

  CREATE TABLE "USR_CLOTHES"."VENTA_PRENDA" 
   (	"PRENDA_ID" NUMBER(5,0), 
	"DETALLE_VENTA_ID" NUMBER(5,0), 
	"CANTIDAD" NUMBER(*,0), 
	"PRECIO_UNITARIO" NUMBER(6,2), 
	"SUBTOTAL" NUMBER(8,2)
   ) SEGMENT CREATION IMMEDIATE 
  PCTFREE 10 PCTUSED 40 INITRANS 1 MAXTRANS 255 
 NOCOMPRESS LOGGING
  STORAGE(INITIAL 65536 NEXT 1048576 MINEXTENTS 1 MAXEXTENTS 2147483645
  PCTINCREASE 0 FREELISTS 1 FREELIST GROUPS 1
  BUFFER_POOL DEFAULT FLASH_CACHE DEFAULT CELL_FLASH_CACHE DEFAULT)
  TABLESPACE "TBS_CLOTHES" ;
REM INSERTING into USR_CLOTHES.AUTH_GROUP
SET DEFINE OFF;
REM INSERTING into USR_CLOTHES.AUTH_GROUP_PERMISSIONS
SET DEFINE OFF;
REM INSERTING into USR_CLOTHES.AUTH_PERMISSION
SET DEFINE OFF;
Insert into USR_CLOTHES.AUTH_PERMISSION (ID,NAME,CONTENT_TYPE_ID,CODENAME) values (1,'Can add log entry',1,'add_logentry');
Insert into USR_CLOTHES.AUTH_PERMISSION (ID,NAME,CONTENT_TYPE_ID,CODENAME) values (2,'Can change log entry',1,'change_logentry');
Insert into USR_CLOTHES.AUTH_PERMISSION (ID,NAME,CONTENT_TYPE_ID,CODENAME) values (3,'Can delete log entry',1,'delete_logentry');
Insert into USR_CLOTHES.AUTH_PERMISSION (ID,NAME,CONTENT_TYPE_ID,CODENAME) values (4,'Can view log entry',1,'view_logentry');
Insert into USR_CLOTHES.AUTH_PERMISSION (ID,NAME,CONTENT_TYPE_ID,CODENAME) values (5,'Can add permission',2,'add_permission');
Insert into USR_CLOTHES.AUTH_PERMISSION (ID,NAME,CONTENT_TYPE_ID,CODENAME) values (6,'Can change permission',2,'change_permission');
Insert into USR_CLOTHES.AUTH_PERMISSION (ID,NAME,CONTENT_TYPE_ID,CODENAME) values (7,'Can delete permission',2,'delete_permission');
Insert into USR_CLOTHES.AUTH_PERMISSION (ID,NAME,CONTENT_TYPE_ID,CODENAME) values (8,'Can view permission',2,'view_permission');
Insert into USR_CLOTHES.AUTH_PERMISSION (ID,NAME,CONTENT_TYPE_ID,CODENAME) values (9,'Can add group',3,'add_group');
Insert into USR_CLOTHES.AUTH_PERMISSION (ID,NAME,CONTENT_TYPE_ID,CODENAME) values (10,'Can change group',3,'change_group');
Insert into USR_CLOTHES.AUTH_PERMISSION (ID,NAME,CONTENT_TYPE_ID,CODENAME) values (11,'Can delete group',3,'delete_group');
Insert into USR_CLOTHES.AUTH_PERMISSION (ID,NAME,CONTENT_TYPE_ID,CODENAME) values (12,'Can view group',3,'view_group');
Insert into USR_CLOTHES.AUTH_PERMISSION (ID,NAME,CONTENT_TYPE_ID,CODENAME) values (13,'Can add user',4,'add_user');
Insert into USR_CLOTHES.AUTH_PERMISSION (ID,NAME,CONTENT_TYPE_ID,CODENAME) values (14,'Can change user',4,'change_user');
Insert into USR_CLOTHES.AUTH_PERMISSION (ID,NAME,CONTENT_TYPE_ID,CODENAME) values (15,'Can delete user',4,'delete_user');
Insert into USR_CLOTHES.AUTH_PERMISSION (ID,NAME,CONTENT_TYPE_ID,CODENAME) values (16,'Can view user',4,'view_user');
Insert into USR_CLOTHES.AUTH_PERMISSION (ID,NAME,CONTENT_TYPE_ID,CODENAME) values (17,'Can add content type',5,'add_contenttype');
Insert into USR_CLOTHES.AUTH_PERMISSION (ID,NAME,CONTENT_TYPE_ID,CODENAME) values (18,'Can change content type',5,'change_contenttype');
Insert into USR_CLOTHES.AUTH_PERMISSION (ID,NAME,CONTENT_TYPE_ID,CODENAME) values (19,'Can delete content type',5,'delete_contenttype');
Insert into USR_CLOTHES.AUTH_PERMISSION (ID,NAME,CONTENT_TYPE_ID,CODENAME) values (20,'Can view content type',5,'view_contenttype');
Insert into USR_CLOTHES.AUTH_PERMISSION (ID,NAME,CONTENT_TYPE_ID,CODENAME) values (21,'Can add session',6,'add_session');
Insert into USR_CLOTHES.AUTH_PERMISSION (ID,NAME,CONTENT_TYPE_ID,CODENAME) values (22,'Can change session',6,'change_session');
Insert into USR_CLOTHES.AUTH_PERMISSION (ID,NAME,CONTENT_TYPE_ID,CODENAME) values (23,'Can delete session',6,'delete_session');
Insert into USR_CLOTHES.AUTH_PERMISSION (ID,NAME,CONTENT_TYPE_ID,CODENAME) values (24,'Can view session',6,'view_session');
Insert into USR_CLOTHES.AUTH_PERMISSION (ID,NAME,CONTENT_TYPE_ID,CODENAME) values (25,'Can add categoria',7,'add_categoria');
Insert into USR_CLOTHES.AUTH_PERMISSION (ID,NAME,CONTENT_TYPE_ID,CODENAME) values (26,'Can change categoria',7,'change_categoria');
Insert into USR_CLOTHES.AUTH_PERMISSION (ID,NAME,CONTENT_TYPE_ID,CODENAME) values (27,'Can delete categoria',7,'delete_categoria');
Insert into USR_CLOTHES.AUTH_PERMISSION (ID,NAME,CONTENT_TYPE_ID,CODENAME) values (28,'Can view categoria',7,'view_categoria');
Insert into USR_CLOTHES.AUTH_PERMISSION (ID,NAME,CONTENT_TYPE_ID,CODENAME) values (29,'Can add departamento',8,'add_departamento');
Insert into USR_CLOTHES.AUTH_PERMISSION (ID,NAME,CONTENT_TYPE_ID,CODENAME) values (30,'Can change departamento',8,'change_departamento');
Insert into USR_CLOTHES.AUTH_PERMISSION (ID,NAME,CONTENT_TYPE_ID,CODENAME) values (31,'Can delete departamento',8,'delete_departamento');
Insert into USR_CLOTHES.AUTH_PERMISSION (ID,NAME,CONTENT_TYPE_ID,CODENAME) values (32,'Can view departamento',8,'view_departamento');
Insert into USR_CLOTHES.AUTH_PERMISSION (ID,NAME,CONTENT_TYPE_ID,CODENAME) values (33,'Can add detalle venta',9,'add_detalleventa');
Insert into USR_CLOTHES.AUTH_PERMISSION (ID,NAME,CONTENT_TYPE_ID,CODENAME) values (34,'Can change detalle venta',9,'change_detalleventa');
Insert into USR_CLOTHES.AUTH_PERMISSION (ID,NAME,CONTENT_TYPE_ID,CODENAME) values (35,'Can delete detalle venta',9,'delete_detalleventa');
Insert into USR_CLOTHES.AUTH_PERMISSION (ID,NAME,CONTENT_TYPE_ID,CODENAME) values (36,'Can view detalle venta',9,'view_detalleventa');
Insert into USR_CLOTHES.AUTH_PERMISSION (ID,NAME,CONTENT_TYPE_ID,CODENAME) values (37,'Can add empleado',10,'add_empleado');
Insert into USR_CLOTHES.AUTH_PERMISSION (ID,NAME,CONTENT_TYPE_ID,CODENAME) values (38,'Can change empleado',10,'change_empleado');
Insert into USR_CLOTHES.AUTH_PERMISSION (ID,NAME,CONTENT_TYPE_ID,CODENAME) values (39,'Can delete empleado',10,'delete_empleado');
Insert into USR_CLOTHES.AUTH_PERMISSION (ID,NAME,CONTENT_TYPE_ID,CODENAME) values (40,'Can view empleado',10,'view_empleado');
Insert into USR_CLOTHES.AUTH_PERMISSION (ID,NAME,CONTENT_TYPE_ID,CODENAME) values (41,'Can add marca',11,'add_marca');
Insert into USR_CLOTHES.AUTH_PERMISSION (ID,NAME,CONTENT_TYPE_ID,CODENAME) values (42,'Can change marca',11,'change_marca');
Insert into USR_CLOTHES.AUTH_PERMISSION (ID,NAME,CONTENT_TYPE_ID,CODENAME) values (43,'Can delete marca',11,'delete_marca');
Insert into USR_CLOTHES.AUTH_PERMISSION (ID,NAME,CONTENT_TYPE_ID,CODENAME) values (44,'Can view marca',11,'view_marca');
Insert into USR_CLOTHES.AUTH_PERMISSION (ID,NAME,CONTENT_TYPE_ID,CODENAME) values (45,'Can add material',12,'add_material');
Insert into USR_CLOTHES.AUTH_PERMISSION (ID,NAME,CONTENT_TYPE_ID,CODENAME) values (46,'Can change material',12,'change_material');
Insert into USR_CLOTHES.AUTH_PERMISSION (ID,NAME,CONTENT_TYPE_ID,CODENAME) values (47,'Can delete material',12,'delete_material');
Insert into USR_CLOTHES.AUTH_PERMISSION (ID,NAME,CONTENT_TYPE_ID,CODENAME) values (48,'Can view material',12,'view_material');
Insert into USR_CLOTHES.AUTH_PERMISSION (ID,NAME,CONTENT_TYPE_ID,CODENAME) values (49,'Can add proveedor',13,'add_proveedor');
Insert into USR_CLOTHES.AUTH_PERMISSION (ID,NAME,CONTENT_TYPE_ID,CODENAME) values (50,'Can change proveedor',13,'change_proveedor');
Insert into USR_CLOTHES.AUTH_PERMISSION (ID,NAME,CONTENT_TYPE_ID,CODENAME) values (51,'Can delete proveedor',13,'delete_proveedor');
Insert into USR_CLOTHES.AUTH_PERMISSION (ID,NAME,CONTENT_TYPE_ID,CODENAME) values (52,'Can view proveedor',13,'view_proveedor');
Insert into USR_CLOTHES.AUTH_PERMISSION (ID,NAME,CONTENT_TYPE_ID,CODENAME) values (53,'Can add talla',14,'add_talla');
Insert into USR_CLOTHES.AUTH_PERMISSION (ID,NAME,CONTENT_TYPE_ID,CODENAME) values (54,'Can change talla',14,'change_talla');
Insert into USR_CLOTHES.AUTH_PERMISSION (ID,NAME,CONTENT_TYPE_ID,CODENAME) values (55,'Can delete talla',14,'delete_talla');
Insert into USR_CLOTHES.AUTH_PERMISSION (ID,NAME,CONTENT_TYPE_ID,CODENAME) values (56,'Can view talla',14,'view_talla');
Insert into USR_CLOTHES.AUTH_PERMISSION (ID,NAME,CONTENT_TYPE_ID,CODENAME) values (57,'Can add venta prenda',15,'add_ventaprenda');
Insert into USR_CLOTHES.AUTH_PERMISSION (ID,NAME,CONTENT_TYPE_ID,CODENAME) values (58,'Can change venta prenda',15,'change_ventaprenda');
Insert into USR_CLOTHES.AUTH_PERMISSION (ID,NAME,CONTENT_TYPE_ID,CODENAME) values (59,'Can delete venta prenda',15,'delete_ventaprenda');
Insert into USR_CLOTHES.AUTH_PERMISSION (ID,NAME,CONTENT_TYPE_ID,CODENAME) values (60,'Can view venta prenda',15,'view_ventaprenda');
Insert into USR_CLOTHES.AUTH_PERMISSION (ID,NAME,CONTENT_TYPE_ID,CODENAME) values (61,'Can add prenda',16,'add_prenda');
Insert into USR_CLOTHES.AUTH_PERMISSION (ID,NAME,CONTENT_TYPE_ID,CODENAME) values (62,'Can change prenda',16,'change_prenda');
Insert into USR_CLOTHES.AUTH_PERMISSION (ID,NAME,CONTENT_TYPE_ID,CODENAME) values (63,'Can delete prenda',16,'delete_prenda');
Insert into USR_CLOTHES.AUTH_PERMISSION (ID,NAME,CONTENT_TYPE_ID,CODENAME) values (64,'Can view prenda',16,'view_prenda');
Insert into USR_CLOTHES.AUTH_PERMISSION (ID,NAME,CONTENT_TYPE_ID,CODENAME) values (65,'Can add detalle devolucion',17,'add_detalledevolucion');
Insert into USR_CLOTHES.AUTH_PERMISSION (ID,NAME,CONTENT_TYPE_ID,CODENAME) values (66,'Can change detalle devolucion',17,'change_detalledevolucion');
Insert into USR_CLOTHES.AUTH_PERMISSION (ID,NAME,CONTENT_TYPE_ID,CODENAME) values (67,'Can delete detalle devolucion',17,'delete_detalledevolucion');
Insert into USR_CLOTHES.AUTH_PERMISSION (ID,NAME,CONTENT_TYPE_ID,CODENAME) values (68,'Can view detalle devolucion',17,'view_detalledevolucion');
Insert into USR_CLOTHES.AUTH_PERMISSION (ID,NAME,CONTENT_TYPE_ID,CODENAME) values (69,'Can add prenda talla',18,'add_prendatalla');
Insert into USR_CLOTHES.AUTH_PERMISSION (ID,NAME,CONTENT_TYPE_ID,CODENAME) values (70,'Can change prenda talla',18,'change_prendatalla');
Insert into USR_CLOTHES.AUTH_PERMISSION (ID,NAME,CONTENT_TYPE_ID,CODENAME) values (71,'Can delete prenda talla',18,'delete_prendatalla');
Insert into USR_CLOTHES.AUTH_PERMISSION (ID,NAME,CONTENT_TYPE_ID,CODENAME) values (72,'Can view prenda talla',18,'view_prendatalla');
Insert into USR_CLOTHES.AUTH_PERMISSION (ID,NAME,CONTENT_TYPE_ID,CODENAME) values (73,'Can add prenda proveedor',19,'add_prendaproveedor');
Insert into USR_CLOTHES.AUTH_PERMISSION (ID,NAME,CONTENT_TYPE_ID,CODENAME) values (74,'Can change prenda proveedor',19,'change_prendaproveedor');
Insert into USR_CLOTHES.AUTH_PERMISSION (ID,NAME,CONTENT_TYPE_ID,CODENAME) values (75,'Can delete prenda proveedor',19,'delete_prendaproveedor');
Insert into USR_CLOTHES.AUTH_PERMISSION (ID,NAME,CONTENT_TYPE_ID,CODENAME) values (76,'Can view prenda proveedor',19,'view_prendaproveedor');
Insert into USR_CLOTHES.AUTH_PERMISSION (ID,NAME,CONTENT_TYPE_ID,CODENAME) values (77,'Can add categoria departamento',20,'add_categoriadepartamento');
Insert into USR_CLOTHES.AUTH_PERMISSION (ID,NAME,CONTENT_TYPE_ID,CODENAME) values (78,'Can change categoria departamento',20,'change_categoriadepartamento');
Insert into USR_CLOTHES.AUTH_PERMISSION (ID,NAME,CONTENT_TYPE_ID,CODENAME) values (79,'Can delete categoria departamento',20,'delete_categoriadepartamento');
Insert into USR_CLOTHES.AUTH_PERMISSION (ID,NAME,CONTENT_TYPE_ID,CODENAME) values (80,'Can view categoria departamento',20,'view_categoriadepartamento');
REM INSERTING into USR_CLOTHES.AUTH_USER
SET DEFINE OFF;
Insert into USR_CLOTHES.AUTH_USER (ID,PASSWORD,LAST_LOGIN,IS_SUPERUSER,USERNAME,FIRST_NAME,LAST_NAME,EMAIL,IS_STAFF,IS_ACTIVE,DATE_JOINED) values (1,'pbkdf2_sha256$600000$q1qozeeu2q6ITBXT1hPDk8$cySkTUXF532ikDlpQYK9pV14s7SjG/hYToaRHwR407Y=',to_timestamp('01-FEB-25 05.20.58.554464000 AM','DD-MON-RR HH.MI.SSXFF AM'),1,'aheri',null,null,'ChristianEscalante1990@outlook.com',1,1,to_timestamp('02-JAN-25 11.07.45.630327000 PM','DD-MON-RR HH.MI.SSXFF AM'));
REM INSERTING into USR_CLOTHES.AUTH_USER_GROUPS
SET DEFINE OFF;
REM INSERTING into USR_CLOTHES.AUTH_USER_USER_PERMISSIONS
SET DEFINE OFF;
REM INSERTING into USR_CLOTHES.CATEGORIA
SET DEFINE OFF;
Insert into USR_CLOTHES.CATEGORIA (CATEGORIA_ID,NOMBRE_CATEGORIA) values (50,'test1');
Insert into USR_CLOTHES.CATEGORIA (CATEGORIA_ID,NOMBRE_CATEGORIA) values (1,'Camisetas');
Insert into USR_CLOTHES.CATEGORIA (CATEGORIA_ID,NOMBRE_CATEGORIA) values (2,'Pantalones');
Insert into USR_CLOTHES.CATEGORIA (CATEGORIA_ID,NOMBRE_CATEGORIA) values (3,'Zapatos');
Insert into USR_CLOTHES.CATEGORIA (CATEGORIA_ID,NOMBRE_CATEGORIA) values (4,'Accesorios');
Insert into USR_CLOTHES.CATEGORIA (CATEGORIA_ID,NOMBRE_CATEGORIA) values (5,'Abrigos');
Insert into USR_CLOTHES.CATEGORIA (CATEGORIA_ID,NOMBRE_CATEGORIA) values (6,'Ropa Interior');
Insert into USR_CLOTHES.CATEGORIA (CATEGORIA_ID,NOMBRE_CATEGORIA) values (7,'Blusas');
Insert into USR_CLOTHES.CATEGORIA (CATEGORIA_ID,NOMBRE_CATEGORIA) values (8,'Faldas');
Insert into USR_CLOTHES.CATEGORIA (CATEGORIA_ID,NOMBRE_CATEGORIA) values (9,'Sueteres');
Insert into USR_CLOTHES.CATEGORIA (CATEGORIA_ID,NOMBRE_CATEGORIA) values (10,'Chaquetas');
Insert into USR_CLOTHES.CATEGORIA (CATEGORIA_ID,NOMBRE_CATEGORIA) values (11,'Ropa Casual');
Insert into USR_CLOTHES.CATEGORIA (CATEGORIA_ID,NOMBRE_CATEGORIA) values (12,'Sudaderas');
Insert into USR_CLOTHES.CATEGORIA (CATEGORIA_ID,NOMBRE_CATEGORIA) values (13,'Kimonos');
Insert into USR_CLOTHES.CATEGORIA (CATEGORIA_ID,NOMBRE_CATEGORIA) values (14,'Chalecos');
Insert into USR_CLOTHES.CATEGORIA (CATEGORIA_ID,NOMBRE_CATEGORIA) values (15,'Tnicas');
Insert into USR_CLOTHES.CATEGORIA (CATEGORIA_ID,NOMBRE_CATEGORIA) values (16,'Leotardos');
Insert into USR_CLOTHES.CATEGORIA (CATEGORIA_ID,NOMBRE_CATEGORIA) values (17,'Ropa tnica');
Insert into USR_CLOTHES.CATEGORIA (CATEGORIA_ID,NOMBRE_CATEGORIA) values (18,'Ropa de Alta Costura');
Insert into USR_CLOTHES.CATEGORIA (CATEGORIA_ID,NOMBRE_CATEGORIA) values (19,'Ropa de Yoga');
Insert into USR_CLOTHES.CATEGORIA (CATEGORIA_ID,NOMBRE_CATEGORIA) values (20,'Ropa de Danza');
Insert into USR_CLOTHES.CATEGORIA (CATEGORIA_ID,NOMBRE_CATEGORIA) values (21,'Ropa para Mascotas');
Insert into USR_CLOTHES.CATEGORIA (CATEGORIA_ID,NOMBRE_CATEGORIA) values (22,'Uniformes Escolares');
Insert into USR_CLOTHES.CATEGORIA (CATEGORIA_ID,NOMBRE_CATEGORIA) values (23,'Mallas Deportivas');
Insert into USR_CLOTHES.CATEGORIA (CATEGORIA_ID,NOMBRE_CATEGORIA) values (24,'Ropa de Carnaval');
Insert into USR_CLOTHES.CATEGORIA (CATEGORIA_ID,NOMBRE_CATEGORIA) values (25,'Monos');
Insert into USR_CLOTHES.CATEGORIA (CATEGORIA_ID,NOMBRE_CATEGORIA) values (26,'Ropa de Gala');
Insert into USR_CLOTHES.CATEGORIA (CATEGORIA_ID,NOMBRE_CATEGORIA) values (27,'Ropa Vintage');
Insert into USR_CLOTHES.CATEGORIA (CATEGORIA_ID,NOMBRE_CATEGORIA) values (28,'Trajes Tradicionales');
Insert into USR_CLOTHES.CATEGORIA (CATEGORIA_ID,NOMBRE_CATEGORIA) values (29,'Ropa de Lactancia');
Insert into USR_CLOTHES.CATEGORIA (CATEGORIA_ID,NOMBRE_CATEGORIA) values (30,'Ropa de Maternidad');
Insert into USR_CLOTHES.CATEGORIA (CATEGORIA_ID,NOMBRE_CATEGORIA) values (31,'Ropa de Chef');
Insert into USR_CLOTHES.CATEGORIA (CATEGORIA_ID,NOMBRE_CATEGORIA) values (32,'Ropa de Laboratorio');
Insert into USR_CLOTHES.CATEGORIA (CATEGORIA_ID,NOMBRE_CATEGORIA) values (33,'Ropa para Ciclismo');
Insert into USR_CLOTHES.CATEGORIA (CATEGORIA_ID,NOMBRE_CATEGORIA) values (34,'Ropa de Montaa');
Insert into USR_CLOTHES.CATEGORIA (CATEGORIA_ID,NOMBRE_CATEGORIA) values (35,'Ropa de Piel');
Insert into USR_CLOTHES.CATEGORIA (CATEGORIA_ID,NOMBRE_CATEGORIA) values (36,'Ropa de Invierno');
Insert into USR_CLOTHES.CATEGORIA (CATEGORIA_ID,NOMBRE_CATEGORIA) values (37,'Ropa de Pesca');
Insert into USR_CLOTHES.CATEGORIA (CATEGORIA_ID,NOMBRE_CATEGORIA) values (38,'Ropa de Golf');
Insert into USR_CLOTHES.CATEGORIA (CATEGORIA_ID,NOMBRE_CATEGORIA) values (39,'Ropa de Camuflaje');
Insert into USR_CLOTHES.CATEGORIA (CATEGORIA_ID,NOMBRE_CATEGORIA) values (40,'Ropa de Camping');
Insert into USR_CLOTHES.CATEGORIA (CATEGORIA_ID,NOMBRE_CATEGORIA) values (41,'Ropa de Escalada');
Insert into USR_CLOTHES.CATEGORIA (CATEGORIA_ID,NOMBRE_CATEGORIA) values (42,'Ropa Bohemia');
Insert into USR_CLOTHES.CATEGORIA (CATEGORIA_ID,NOMBRE_CATEGORIA) values (43,'Ropa de Playa');
Insert into USR_CLOTHES.CATEGORIA (CATEGORIA_ID,NOMBRE_CATEGORIA) values (44,'Ropa Retro');
Insert into USR_CLOTHES.CATEGORIA (CATEGORIA_ID,NOMBRE_CATEGORIA) values (46,'Ropa de Patinaje');
Insert into USR_CLOTHES.CATEGORIA (CATEGORIA_ID,NOMBRE_CATEGORIA) values (47,'Ropa de Tiro');
Insert into USR_CLOTHES.CATEGORIA (CATEGORIA_ID,NOMBRE_CATEGORIA) values (48,'Ropa de Esqu');
Insert into USR_CLOTHES.CATEGORIA (CATEGORIA_ID,NOMBRE_CATEGORIA) values (49,'Ropa de Piloto');
REM INSERTING into USR_CLOTHES.CATEGORIA_DEPARTAMENTO
SET DEFINE OFF;
Insert into USR_CLOTHES.CATEGORIA_DEPARTAMENTO (ID_CATEGORIA,DEPARTAMENTO_ID) values (1,1);
Insert into USR_CLOTHES.CATEGORIA_DEPARTAMENTO (ID_CATEGORIA,DEPARTAMENTO_ID) values (2,1);
Insert into USR_CLOTHES.CATEGORIA_DEPARTAMENTO (ID_CATEGORIA,DEPARTAMENTO_ID) values (3,2);
Insert into USR_CLOTHES.CATEGORIA_DEPARTAMENTO (ID_CATEGORIA,DEPARTAMENTO_ID) values (4,3);
Insert into USR_CLOTHES.CATEGORIA_DEPARTAMENTO (ID_CATEGORIA,DEPARTAMENTO_ID) values (5,3);
Insert into USR_CLOTHES.CATEGORIA_DEPARTAMENTO (ID_CATEGORIA,DEPARTAMENTO_ID) values (6,1);
Insert into USR_CLOTHES.CATEGORIA_DEPARTAMENTO (ID_CATEGORIA,DEPARTAMENTO_ID) values (7,2);
Insert into USR_CLOTHES.CATEGORIA_DEPARTAMENTO (ID_CATEGORIA,DEPARTAMENTO_ID) values (8,3);
Insert into USR_CLOTHES.CATEGORIA_DEPARTAMENTO (ID_CATEGORIA,DEPARTAMENTO_ID) values (9,2);
Insert into USR_CLOTHES.CATEGORIA_DEPARTAMENTO (ID_CATEGORIA,DEPARTAMENTO_ID) values (10,1);
REM INSERTING into USR_CLOTHES.DEPARTAMENTO
SET DEFINE OFF;
Insert into USR_CLOTHES.DEPARTAMENTO (DEPARTAMENTO_ID,NOMBRE_DEPARTAMENTO) values (1,'Hombre');
Insert into USR_CLOTHES.DEPARTAMENTO (DEPARTAMENTO_ID,NOMBRE_DEPARTAMENTO) values (2,'Mujer');
Insert into USR_CLOTHES.DEPARTAMENTO (DEPARTAMENTO_ID,NOMBRE_DEPARTAMENTO) values (3,'Nios');
Insert into USR_CLOTHES.DEPARTAMENTO (DEPARTAMENTO_ID,NOMBRE_DEPARTAMENTO) values (4,'Calzado');
Insert into USR_CLOTHES.DEPARTAMENTO (DEPARTAMENTO_ID,NOMBRE_DEPARTAMENTO) values (5,'Accesorios');
Insert into USR_CLOTHES.DEPARTAMENTO (DEPARTAMENTO_ID,NOMBRE_DEPARTAMENTO) values (46,'test3');
Insert into USR_CLOTHES.DEPARTAMENTO (DEPARTAMENTO_ID,NOMBRE_DEPARTAMENTO) values (66,'dyrgkc');
REM INSERTING into USR_CLOTHES.DETALLE_DEVOLUCION
SET DEFINE OFF;
Insert into USR_CLOTHES.DETALLE_DEVOLUCION (DETALLE_DEVOLUCION_ID,FECHA_DEVOLUCION,MOTIVO,CANTIDAD,PRENDA_ID,DETALLE_VENTA_ID) values (1,to_date('25-OCT-24','DD-MON-RR'),'Producto defectuoso',2,1,101);
Insert into USR_CLOTHES.DETALLE_DEVOLUCION (DETALLE_DEVOLUCION_ID,FECHA_DEVOLUCION,MOTIVO,CANTIDAD,PRENDA_ID,DETALLE_VENTA_ID) values (2,to_date('26-OCT-24','DD-MON-RR'),'Talla incorrecta',1,4,104);
Insert into USR_CLOTHES.DETALLE_DEVOLUCION (DETALLE_DEVOLUCION_ID,FECHA_DEVOLUCION,MOTIVO,CANTIDAD,PRENDA_ID,DETALLE_VENTA_ID) values (3,to_date('27-OCT-24','DD-MON-RR'),'No gust el color',1,10,110);
REM INSERTING into USR_CLOTHES.DETALLE_VENTA
SET DEFINE OFF;
Insert into USR_CLOTHES.DETALLE_VENTA (DETALLE_VENTA_ID,TOTAL,FECHA,EMPLEADO_ID) values (101,300,to_date('25-JAN-20','DD-MON-RR'),1);
Insert into USR_CLOTHES.DETALLE_VENTA (DETALLE_VENTA_ID,TOTAL,FECHA,EMPLEADO_ID) values (102,75,to_date('18-MAY-20','DD-MON-RR'),2);
Insert into USR_CLOTHES.DETALLE_VENTA (DETALLE_VENTA_ID,TOTAL,FECHA,EMPLEADO_ID) values (103,450,to_date('03-NOV-20','DD-MON-RR'),3);
Insert into USR_CLOTHES.DETALLE_VENTA (DETALLE_VENTA_ID,TOTAL,FECHA,EMPLEADO_ID) values (104,50,to_date('12-MAR-21','DD-MON-RR'),4);
Insert into USR_CLOTHES.DETALLE_VENTA (DETALLE_VENTA_ID,TOTAL,FECHA,EMPLEADO_ID) values (105,300,to_date('27-AUG-21','DD-MON-RR'),5);
Insert into USR_CLOTHES.DETALLE_VENTA (DETALLE_VENTA_ID,TOTAL,FECHA,EMPLEADO_ID) values (106,40,to_date('10-DEC-21','DD-MON-RR'),1);
Insert into USR_CLOTHES.DETALLE_VENTA (DETALLE_VENTA_ID,TOTAL,FECHA,EMPLEADO_ID) values (107,70,to_date('20-FEB-22','DD-MON-RR'),2);
Insert into USR_CLOTHES.DETALLE_VENTA (DETALLE_VENTA_ID,TOTAL,FECHA,EMPLEADO_ID) values (108,160,to_date('08-JUL-22','DD-MON-RR'),6);
Insert into USR_CLOTHES.DETALLE_VENTA (DETALLE_VENTA_ID,TOTAL,FECHA,EMPLEADO_ID) values (109,120,to_date('22-OCT-22','DD-MON-RR'),3);
Insert into USR_CLOTHES.DETALLE_VENTA (DETALLE_VENTA_ID,TOTAL,FECHA,EMPLEADO_ID) values (110,200,to_date('15-JAN-23','DD-MON-RR'),7);
Insert into USR_CLOTHES.DETALLE_VENTA (DETALLE_VENTA_ID,TOTAL,FECHA,EMPLEADO_ID) values (111,360,to_date('10-FEB-23','DD-MON-RR'),5);
Insert into USR_CLOTHES.DETALLE_VENTA (DETALLE_VENTA_ID,TOTAL,FECHA,EMPLEADO_ID) values (112,120,to_date('05-MAR-23','DD-MON-RR'),2);
Insert into USR_CLOTHES.DETALLE_VENTA (DETALLE_VENTA_ID,TOTAL,FECHA,EMPLEADO_ID) values (113,40,to_date('15-MAR-23','DD-MON-RR'),8);
Insert into USR_CLOTHES.DETALLE_VENTA (DETALLE_VENTA_ID,TOTAL,FECHA,EMPLEADO_ID) values (114,175,to_date('10-APR-23','DD-MON-RR'),7);
Insert into USR_CLOTHES.DETALLE_VENTA (DETALLE_VENTA_ID,TOTAL,FECHA,EMPLEADO_ID) values (115,20,to_date('01-MAY-23','DD-MON-RR'),3);
Insert into USR_CLOTHES.DETALLE_VENTA (DETALLE_VENTA_ID,TOTAL,FECHA,EMPLEADO_ID) values (116,1800,to_date('15-MAY-23','DD-MON-RR'),4);
Insert into USR_CLOTHES.DETALLE_VENTA (DETALLE_VENTA_ID,TOTAL,FECHA,EMPLEADO_ID) values (117,60,to_date('20-JUN-23','DD-MON-RR'),9);
Insert into USR_CLOTHES.DETALLE_VENTA (DETALLE_VENTA_ID,TOTAL,FECHA,EMPLEADO_ID) values (118,80,to_date('15-JUL-23','DD-MON-RR'),6);
Insert into USR_CLOTHES.DETALLE_VENTA (DETALLE_VENTA_ID,TOTAL,FECHA,EMPLEADO_ID) values (119,800,to_date('05-AUG-23','DD-MON-RR'),1);
Insert into USR_CLOTHES.DETALLE_VENTA (DETALLE_VENTA_ID,TOTAL,FECHA,EMPLEADO_ID) values (120,45,to_date('20-AUG-23','DD-MON-RR'),10);
Insert into USR_CLOTHES.DETALLE_VENTA (DETALLE_VENTA_ID,TOTAL,FECHA,EMPLEADO_ID) values (121,1250.5,to_date('15-JAN-23','DD-MON-RR'),21);
Insert into USR_CLOTHES.DETALLE_VENTA (DETALLE_VENTA_ID,TOTAL,FECHA,EMPLEADO_ID) values (122,980.75,to_date('20-FEB-23','DD-MON-RR'),22);
Insert into USR_CLOTHES.DETALLE_VENTA (DETALLE_VENTA_ID,TOTAL,FECHA,EMPLEADO_ID) values (123,1500,to_date('10-MAR-23','DD-MON-RR'),23);
Insert into USR_CLOTHES.DETALLE_VENTA (DETALLE_VENTA_ID,TOTAL,FECHA,EMPLEADO_ID) values (124,320.3,to_date('05-APR-23','DD-MON-RR'),24);
Insert into USR_CLOTHES.DETALLE_VENTA (DETALLE_VENTA_ID,TOTAL,FECHA,EMPLEADO_ID) values (125,780.25,to_date('15-MAY-23','DD-MON-RR'),25);
Insert into USR_CLOTHES.DETALLE_VENTA (DETALLE_VENTA_ID,TOTAL,FECHA,EMPLEADO_ID) values (126,2500.99,to_date('25-JUN-23','DD-MON-RR'),26);
Insert into USR_CLOTHES.DETALLE_VENTA (DETALLE_VENTA_ID,TOTAL,FECHA,EMPLEADO_ID) values (127,345.6,to_date('04-JUL-23','DD-MON-RR'),27);
Insert into USR_CLOTHES.DETALLE_VENTA (DETALLE_VENTA_ID,TOTAL,FECHA,EMPLEADO_ID) values (128,980.1,to_date('15-AUG-23','DD-MON-RR'),28);
Insert into USR_CLOTHES.DETALLE_VENTA (DETALLE_VENTA_ID,TOTAL,FECHA,EMPLEADO_ID) values (129,220.99,to_date('01-SEP-23','DD-MON-RR'),29);
Insert into USR_CLOTHES.DETALLE_VENTA (DETALLE_VENTA_ID,TOTAL,FECHA,EMPLEADO_ID) values (130,1120,to_date('10-OCT-23','DD-MON-RR'),30);
REM INSERTING into USR_CLOTHES.DJANGO_ADMIN_LOG
SET DEFINE OFF;
Insert into USR_CLOTHES.DJANGO_ADMIN_LOG (ID,ACTION_TIME,OBJECT_REPR,ACTION_FLAG,CONTENT_TYPE_ID,USER_ID) values (26,to_timestamp('05-JAN-25 01.38.41.762185000 AM','DD-MON-RR HH.MI.SSXFF AM'),'Categoria object (51)',1,7,1);
Insert into USR_CLOTHES.DJANGO_ADMIN_LOG (ID,ACTION_TIME,OBJECT_REPR,ACTION_FLAG,CONTENT_TYPE_ID,USER_ID) values (121,to_timestamp('07-JAN-25 05.42.56.460558000 PM','DD-MON-RR HH.MI.SSXFF AM'),'70-prueba1',1,7,1);
Insert into USR_CLOTHES.DJANGO_ADMIN_LOG (ID,ACTION_TIME,OBJECT_REPR,ACTION_FLAG,CONTENT_TYPE_ID,USER_ID) values (137,to_timestamp('07-JAN-25 05.47.44.574112000 PM','DD-MON-RR HH.MI.SSXFF AM'),'31-prueba2',2,12,1);
Insert into USR_CLOTHES.DJANGO_ADMIN_LOG (ID,ACTION_TIME,OBJECT_REPR,ACTION_FLAG,CONTENT_TYPE_ID,USER_ID) values (138,to_timestamp('07-JAN-25 05.47.53.277078000 PM','DD-MON-RR HH.MI.SSXFF AM'),'31-prueba2',3,12,1);
Insert into USR_CLOTHES.DJANGO_ADMIN_LOG (ID,ACTION_TIME,OBJECT_REPR,ACTION_FLAG,CONTENT_TYPE_ID,USER_ID) values (1,to_timestamp('04-JAN-25 06.38.03.061071000 AM','DD-MON-RR HH.MI.SSXFF AM'),'Categoria object (56)',1,7,1);
Insert into USR_CLOTHES.DJANGO_ADMIN_LOG (ID,ACTION_TIME,OBJECT_REPR,ACTION_FLAG,CONTENT_TYPE_ID,USER_ID) values (21,to_timestamp('05-JAN-25 12.07.41.803452000 AM','DD-MON-RR HH.MI.SSXFF AM'),'Categoria object (73)',3,7,1);
Insert into USR_CLOTHES.DJANGO_ADMIN_LOG (ID,ACTION_TIME,OBJECT_REPR,ACTION_FLAG,CONTENT_TYPE_ID,USER_ID) values (22,to_timestamp('05-JAN-25 12.07.41.818580000 AM','DD-MON-RR HH.MI.SSXFF AM'),'Categoria object (53)',3,7,1);
Insert into USR_CLOTHES.DJANGO_ADMIN_LOG (ID,ACTION_TIME,OBJECT_REPR,ACTION_FLAG,CONTENT_TYPE_ID,USER_ID) values (23,to_timestamp('05-JAN-25 12.07.41.821771000 AM','DD-MON-RR HH.MI.SSXFF AM'),'Categoria object (52)',3,7,1);
Insert into USR_CLOTHES.DJANGO_ADMIN_LOG (ID,ACTION_TIME,OBJECT_REPR,ACTION_FLAG,CONTENT_TYPE_ID,USER_ID) values (24,to_timestamp('05-JAN-25 12.07.41.823279000 AM','DD-MON-RR HH.MI.SSXFF AM'),'Categoria object (51)',3,7,1);
Insert into USR_CLOTHES.DJANGO_ADMIN_LOG (ID,ACTION_TIME,OBJECT_REPR,ACTION_FLAG,CONTENT_TYPE_ID,USER_ID) values (25,to_timestamp('05-JAN-25 12.07.41.824875000 AM','DD-MON-RR HH.MI.SSXFF AM'),'Categoria object (50)',3,7,1);
Insert into USR_CLOTHES.DJANGO_ADMIN_LOG (ID,ACTION_TIME,OBJECT_REPR,ACTION_FLAG,CONTENT_TYPE_ID,USER_ID) values (30,to_timestamp('05-JAN-25 01.44.03.187858000 AM','DD-MON-RR HH.MI.SSXFF AM'),'Departamento object (6)',1,8,1);
Insert into USR_CLOTHES.DJANGO_ADMIN_LOG (ID,ACTION_TIME,OBJECT_REPR,ACTION_FLAG,CONTENT_TYPE_ID,USER_ID) values (31,to_timestamp('05-JAN-25 01.49.43.676082000 AM','DD-MON-RR HH.MI.SSXFF AM'),'Departamento object (7)',1,8,1);
Insert into USR_CLOTHES.DJANGO_ADMIN_LOG (ID,ACTION_TIME,OBJECT_REPR,ACTION_FLAG,CONTENT_TYPE_ID,USER_ID) values (32,to_timestamp('05-JAN-25 01.50.32.541552000 AM','DD-MON-RR HH.MI.SSXFF AM'),'Departamento object (7)',3,8,1);
Insert into USR_CLOTHES.DJANGO_ADMIN_LOG (ID,ACTION_TIME,OBJECT_REPR,ACTION_FLAG,CONTENT_TYPE_ID,USER_ID) values (33,to_timestamp('05-JAN-25 01.50.39.702735000 AM','DD-MON-RR HH.MI.SSXFF AM'),'Departamento object (6)',3,8,1);
Insert into USR_CLOTHES.DJANGO_ADMIN_LOG (ID,ACTION_TIME,OBJECT_REPR,ACTION_FLAG,CONTENT_TYPE_ID,USER_ID) values (41,to_timestamp('05-JAN-25 05.45.10.820086000 AM','DD-MON-RR HH.MI.SSXFF AM'),'Categoria object (70)',1,7,1);
Insert into USR_CLOTHES.DJANGO_ADMIN_LOG (ID,ACTION_TIME,OBJECT_REPR,ACTION_FLAG,CONTENT_TYPE_ID,USER_ID) values (45,to_timestamp('05-JAN-25 07.48.32.671859000 AM','DD-MON-RR HH.MI.SSXFF AM'),'Categoria object (73)',1,7,1);
Insert into USR_CLOTHES.DJANGO_ADMIN_LOG (ID,ACTION_TIME,OBJECT_REPR,ACTION_FLAG,CONTENT_TYPE_ID,USER_ID) values (81,to_timestamp('05-JAN-25 09.05.57.089162000 PM','DD-MON-RR HH.MI.SSXFF AM'),'Empleado object (79)',1,10,1);
Insert into USR_CLOTHES.DJANGO_ADMIN_LOG (ID,ACTION_TIME,OBJECT_REPR,ACTION_FLAG,CONTENT_TYPE_ID,USER_ID) values (87,to_timestamp('06-JAN-25 02.05.41.601034000 AM','DD-MON-RR HH.MI.SSXFF AM'),'Prenda object (20)',1,16,1);
Insert into USR_CLOTHES.DJANGO_ADMIN_LOG (ID,ACTION_TIME,OBJECT_REPR,ACTION_FLAG,CONTENT_TYPE_ID,USER_ID) values (88,to_timestamp('06-JAN-25 02.06.39.272504000 AM','DD-MON-RR HH.MI.SSXFF AM'),'Proveedor object (21)',1,13,1);
Insert into USR_CLOTHES.DJANGO_ADMIN_LOG (ID,ACTION_TIME,OBJECT_REPR,ACTION_FLAG,CONTENT_TYPE_ID,USER_ID) values (89,to_timestamp('06-JAN-25 02.07.07.001666000 AM','DD-MON-RR HH.MI.SSXFF AM'),'Talla object (7)',1,14,1);
Insert into USR_CLOTHES.DJANGO_ADMIN_LOG (ID,ACTION_TIME,OBJECT_REPR,ACTION_FLAG,CONTENT_TYPE_ID,USER_ID) values (95,to_timestamp('06-JAN-25 05.39.52.501172000 AM','DD-MON-RR HH.MI.SSXFF AM'),'50-test1',1,7,1);
Insert into USR_CLOTHES.DJANGO_ADMIN_LOG (ID,ACTION_TIME,OBJECT_REPR,ACTION_FLAG,CONTENT_TYPE_ID,USER_ID) values (166,to_timestamp('01-FEB-25 06.06.49.810837000 AM','DD-MON-RR HH.MI.SSXFF AM'),'61-prueba3-5561403187-prueba@gmail.com-calle siempre viva',1,13,1);
Insert into USR_CLOTHES.DJANGO_ADMIN_LOG (ID,ACTION_TIME,OBJECT_REPR,ACTION_FLAG,CONTENT_TYPE_ID,USER_ID) values (29,to_timestamp('05-JAN-25 01.39.24.436300000 AM','DD-MON-RR HH.MI.SSXFF AM'),'Categoria object (52)',2,7,1);
Insert into USR_CLOTHES.DJANGO_ADMIN_LOG (ID,ACTION_TIME,OBJECT_REPR,ACTION_FLAG,CONTENT_TYPE_ID,USER_ID) values (44,to_timestamp('05-JAN-25 07.04.36.495709000 AM','DD-MON-RR HH.MI.SSXFF AM'),'Departamento object (8)',2,8,1);
Insert into USR_CLOTHES.DJANGO_ADMIN_LOG (ID,ACTION_TIME,OBJECT_REPR,ACTION_FLAG,CONTENT_TYPE_ID,USER_ID) values (61,to_timestamp('05-JAN-25 07.05.40.457185000 PM','DD-MON-RR HH.MI.SSXFF AM'),'Empleado object (39)',1,10,1);
Insert into USR_CLOTHES.DJANGO_ADMIN_LOG (ID,ACTION_TIME,OBJECT_REPR,ACTION_FLAG,CONTENT_TYPE_ID,USER_ID) values (94,to_timestamp('06-JAN-25 05.30.24.712119000 AM','DD-MON-RR HH.MI.SSXFF AM'),'46-test3',1,8,1);
Insert into USR_CLOTHES.DJANGO_ADMIN_LOG (ID,ACTION_TIME,OBJECT_REPR,ACTION_FLAG,CONTENT_TYPE_ID,USER_ID) values (96,to_timestamp('06-JAN-25 05.40.52.890586000 AM','DD-MON-RR HH.MI.SSXFF AM'),'47-test4',1,8,1);
Insert into USR_CLOTHES.DJANGO_ADMIN_LOG (ID,ACTION_TIME,OBJECT_REPR,ACTION_FLAG,CONTENT_TYPE_ID,USER_ID) values (122,to_timestamp('07-JAN-25 05.43.09.329602000 PM','DD-MON-RR HH.MI.SSXFF AM'),'70-prueba2',2,7,1);
Insert into USR_CLOTHES.DJANGO_ADMIN_LOG (ID,ACTION_TIME,OBJECT_REPR,ACTION_FLAG,CONTENT_TYPE_ID,USER_ID) values (123,to_timestamp('07-JAN-25 05.43.25.451851000 PM','DD-MON-RR HH.MI.SSXFF AM'),'70-prueba2',3,7,1);
Insert into USR_CLOTHES.DJANGO_ADMIN_LOG (ID,ACTION_TIME,OBJECT_REPR,ACTION_FLAG,CONTENT_TYPE_ID,USER_ID) values (124,to_timestamp('07-JAN-25 05.44.10.043888000 PM','DD-MON-RR HH.MI.SSXFF AM'),'86-prueba1',1,8,1);
Insert into USR_CLOTHES.DJANGO_ADMIN_LOG (ID,ACTION_TIME,OBJECT_REPR,ACTION_FLAG,CONTENT_TYPE_ID,USER_ID) values (125,to_timestamp('07-JAN-25 05.44.18.104816000 PM','DD-MON-RR HH.MI.SSXFF AM'),'86-prueba2',2,8,1);
Insert into USR_CLOTHES.DJANGO_ADMIN_LOG (ID,ACTION_TIME,OBJECT_REPR,ACTION_FLAG,CONTENT_TYPE_ID,USER_ID) values (126,to_timestamp('07-JAN-25 05.44.23.971550000 PM','DD-MON-RR HH.MI.SSXFF AM'),'86-prueba2',3,8,1);
Insert into USR_CLOTHES.DJANGO_ADMIN_LOG (ID,ACTION_TIME,OBJECT_REPR,ACTION_FLAG,CONTENT_TYPE_ID,USER_ID) values (127,to_timestamp('07-JAN-25 05.45.25.876394000 PM','DD-MON-RR HH.MI.SSXFF AM'),'131-500-2025-01-07-1-Juan-Prez-Gmez-5551122334-juan.perez@gmail.com-Av. Reforma #123, CDMX-2020-01-15',1,9,1);
Insert into USR_CLOTHES.DJANGO_ADMIN_LOG (ID,ACTION_TIME,OBJECT_REPR,ACTION_FLAG,CONTENT_TYPE_ID,USER_ID) values (128,to_timestamp('07-JAN-25 05.45.42.895075000 PM','DD-MON-RR HH.MI.SSXFF AM'),'131-600.00-2025-01-07-1-Juan-Prez-Gmez-5551122334-juan.perez@gmail.com-Av. Reforma #123, CDMX-2020-01-15',2,9,1);
Insert into USR_CLOTHES.DJANGO_ADMIN_LOG (ID,ACTION_TIME,OBJECT_REPR,ACTION_FLAG,CONTENT_TYPE_ID,USER_ID) values (129,to_timestamp('07-JAN-25 05.45.50.998361000 PM','DD-MON-RR HH.MI.SSXFF AM'),'131-600.00-2025-01-07-1-Juan-Prez-Gmez-5551122334-juan.perez@gmail.com-Av. Reforma #123, CDMX-2020-01-15',3,9,1);
Insert into USR_CLOTHES.DJANGO_ADMIN_LOG (ID,ACTION_TIME,OBJECT_REPR,ACTION_FLAG,CONTENT_TYPE_ID,USER_ID) values (130,to_timestamp('07-JAN-25 05.46.27.835993000 PM','DD-MON-RR HH.MI.SSXFF AM'),'99-prueba-juan-perez-5561403187-prueba1@gmail.com-av siempre viva-2025-01-07',1,10,1);
Insert into USR_CLOTHES.DJANGO_ADMIN_LOG (ID,ACTION_TIME,OBJECT_REPR,ACTION_FLAG,CONTENT_TYPE_ID,USER_ID) values (131,to_timestamp('07-JAN-25 05.46.45.437022000 PM','DD-MON-RR HH.MI.SSXFF AM'),'99-prueba1-juan1-perez1-5561403187-prueba1@gmail.com1-av siempre viva1-2025-01-07',2,10,1);
Insert into USR_CLOTHES.DJANGO_ADMIN_LOG (ID,ACTION_TIME,OBJECT_REPR,ACTION_FLAG,CONTENT_TYPE_ID,USER_ID) values (132,to_timestamp('07-JAN-25 05.46.53.518441000 PM','DD-MON-RR HH.MI.SSXFF AM'),'99-prueba1-juan1-perez1-5561403187-prueba1@gmail.com1-av siempre viva1-2025-01-07',3,10,1);
Insert into USR_CLOTHES.DJANGO_ADMIN_LOG (ID,ACTION_TIME,OBJECT_REPR,ACTION_FLAG,CONTENT_TYPE_ID,USER_ID) values (133,to_timestamp('07-JAN-25 05.47.09.504274000 PM','DD-MON-RR HH.MI.SSXFF AM'),'41-prueba1',1,11,1);
Insert into USR_CLOTHES.DJANGO_ADMIN_LOG (ID,ACTION_TIME,OBJECT_REPR,ACTION_FLAG,CONTENT_TYPE_ID,USER_ID) values (134,to_timestamp('07-JAN-25 05.47.19.672432000 PM','DD-MON-RR HH.MI.SSXFF AM'),'41-prueba2',2,11,1);
Insert into USR_CLOTHES.DJANGO_ADMIN_LOG (ID,ACTION_TIME,OBJECT_REPR,ACTION_FLAG,CONTENT_TYPE_ID,USER_ID) values (135,to_timestamp('07-JAN-25 05.47.26.171781000 PM','DD-MON-RR HH.MI.SSXFF AM'),'41-prueba2',3,11,1);
Insert into USR_CLOTHES.DJANGO_ADMIN_LOG (ID,ACTION_TIME,OBJECT_REPR,ACTION_FLAG,CONTENT_TYPE_ID,USER_ID) values (136,to_timestamp('07-JAN-25 05.47.38.382938000 PM','DD-MON-RR HH.MI.SSXFF AM'),'31-prueba1',1,12,1);
Insert into USR_CLOTHES.DJANGO_ADMIN_LOG (ID,ACTION_TIME,OBJECT_REPR,ACTION_FLAG,CONTENT_TYPE_ID,USER_ID) values (139,to_timestamp('07-JAN-25 05.48.18.172405000 PM','DD-MON-RR HH.MI.SSXFF AM'),'40-prueba1-500.00-2-Pantalones-2-Polister-3-Zara',1,16,1);
Insert into USR_CLOTHES.DJANGO_ADMIN_LOG (ID,ACTION_TIME,OBJECT_REPR,ACTION_FLAG,CONTENT_TYPE_ID,USER_ID) values (140,to_timestamp('07-JAN-25 05.48.30.840560000 PM','DD-MON-RR HH.MI.SSXFF AM'),'40-prueba2-600.00-2-Pantalones-2-Polister-3-Zara',2,16,1);
Insert into USR_CLOTHES.DJANGO_ADMIN_LOG (ID,ACTION_TIME,OBJECT_REPR,ACTION_FLAG,CONTENT_TYPE_ID,USER_ID) values (141,to_timestamp('07-JAN-25 05.49.14.377482000 PM','DD-MON-RR HH.MI.SSXFF AM'),'41-prueba1-5561403187-prov@mail.com-av siempre viva1',1,13,1);
Insert into USR_CLOTHES.DJANGO_ADMIN_LOG (ID,ACTION_TIME,OBJECT_REPR,ACTION_FLAG,CONTENT_TYPE_ID,USER_ID) values (142,to_timestamp('07-JAN-25 05.49.21.249729000 PM','DD-MON-RR HH.MI.SSXFF AM'),'41-prueba2-5561403187-prov@mail.com-av siempre viva1',2,13,1);
Insert into USR_CLOTHES.DJANGO_ADMIN_LOG (ID,ACTION_TIME,OBJECT_REPR,ACTION_FLAG,CONTENT_TYPE_ID,USER_ID) values (143,to_timestamp('07-JAN-25 05.49.39.228214000 PM','DD-MON-RR HH.MI.SSXFF AM'),'27-sl',1,14,1);
Insert into USR_CLOTHES.DJANGO_ADMIN_LOG (ID,ACTION_TIME,OBJECT_REPR,ACTION_FLAG,CONTENT_TYPE_ID,USER_ID) values (144,to_timestamp('07-JAN-25 05.49.46.217286000 PM','DD-MON-RR HH.MI.SSXFF AM'),'27-dl',2,14,1);
Insert into USR_CLOTHES.DJANGO_ADMIN_LOG (ID,ACTION_TIME,OBJECT_REPR,ACTION_FLAG,CONTENT_TYPE_ID,USER_ID) values (163,to_timestamp('01-FEB-25 05.22.08.157196000 AM','DD-MON-RR HH.MI.SSXFF AM'),'51-prueba3',1,12,1);
Insert into USR_CLOTHES.DJANGO_ADMIN_LOG (ID,ACTION_TIME,OBJECT_REPR,ACTION_FLAG,CONTENT_TYPE_ID,USER_ID) values (164,to_timestamp('01-FEB-25 05.22.18.104232000 AM','DD-MON-RR HH.MI.SSXFF AM'),'51-prueba3',3,12,1);
Insert into USR_CLOTHES.DJANGO_ADMIN_LOG (ID,ACTION_TIME,OBJECT_REPR,ACTION_FLAG,CONTENT_TYPE_ID,USER_ID) values (27,to_timestamp('05-JAN-25 01.38.58.345354000 AM','DD-MON-RR HH.MI.SSXFF AM'),'Categoria object (52)',1,7,1);
Insert into USR_CLOTHES.DJANGO_ADMIN_LOG (ID,ACTION_TIME,OBJECT_REPR,ACTION_FLAG,CONTENT_TYPE_ID,USER_ID) values (28,to_timestamp('05-JAN-25 01.39.14.714559000 AM','DD-MON-RR HH.MI.SSXFF AM'),'Categoria object (52)',2,7,1);
Insert into USR_CLOTHES.DJANGO_ADMIN_LOG (ID,ACTION_TIME,OBJECT_REPR,ACTION_FLAG,CONTENT_TYPE_ID,USER_ID) values (42,to_timestamp('05-JAN-25 05.45.41.600786000 AM','DD-MON-RR HH.MI.SSXFF AM'),'Categoria object (71)',1,7,1);
Insert into USR_CLOTHES.DJANGO_ADMIN_LOG (ID,ACTION_TIME,OBJECT_REPR,ACTION_FLAG,CONTENT_TYPE_ID,USER_ID) values (43,to_timestamp('05-JAN-25 07.03.24.238377000 AM','DD-MON-RR HH.MI.SSXFF AM'),'Categoria object (72)',1,7,1);
Insert into USR_CLOTHES.DJANGO_ADMIN_LOG (ID,ACTION_TIME,OBJECT_REPR,ACTION_FLAG,CONTENT_TYPE_ID,USER_ID) values (46,to_timestamp('05-JAN-25 07.50.05.289742000 AM','DD-MON-RR HH.MI.SSXFF AM'),'Departamento object (26)',1,8,1);
Insert into USR_CLOTHES.DJANGO_ADMIN_LOG (ID,ACTION_TIME,OBJECT_REPR,ACTION_FLAG,CONTENT_TYPE_ID,USER_ID) values (82,to_timestamp('05-JAN-25 09.07.03.065032000 PM','DD-MON-RR HH.MI.SSXFF AM'),'Empleado object (80)',1,10,1);
Insert into USR_CLOTHES.DJANGO_ADMIN_LOG (ID,ACTION_TIME,OBJECT_REPR,ACTION_FLAG,CONTENT_TYPE_ID,USER_ID) values (83,to_timestamp('06-JAN-25 01.52.49.959875000 AM','DD-MON-RR HH.MI.SSXFF AM'),'Marca object (21)',1,11,1);
Insert into USR_CLOTHES.DJANGO_ADMIN_LOG (ID,ACTION_TIME,OBJECT_REPR,ACTION_FLAG,CONTENT_TYPE_ID,USER_ID) values (84,to_timestamp('06-JAN-25 01.53.06.426934000 AM','DD-MON-RR HH.MI.SSXFF AM'),'Marca object (22)',1,11,1);
Insert into USR_CLOTHES.DJANGO_ADMIN_LOG (ID,ACTION_TIME,OBJECT_REPR,ACTION_FLAG,CONTENT_TYPE_ID,USER_ID) values (85,to_timestamp('06-JAN-25 01.53.38.247534000 AM','DD-MON-RR HH.MI.SSXFF AM'),'Material object (11)',1,12,1);
Insert into USR_CLOTHES.DJANGO_ADMIN_LOG (ID,ACTION_TIME,OBJECT_REPR,ACTION_FLAG,CONTENT_TYPE_ID,USER_ID) values (86,to_timestamp('06-JAN-25 01.53.48.528281000 AM','DD-MON-RR HH.MI.SSXFF AM'),'Material object (12)',1,12,1);
Insert into USR_CLOTHES.DJANGO_ADMIN_LOG (ID,ACTION_TIME,OBJECT_REPR,ACTION_FLAG,CONTENT_TYPE_ID,USER_ID) values (90,to_timestamp('06-JAN-25 02.25.02.339253000 AM','DD-MON-RR HH.MI.SSXFF AM'),'90-test1_admin',1,7,1);
Insert into USR_CLOTHES.DJANGO_ADMIN_LOG (ID,ACTION_TIME,OBJECT_REPR,ACTION_FLAG,CONTENT_TYPE_ID,USER_ID) values (91,to_timestamp('06-JAN-25 02.49.30.740439000 AM','DD-MON-RR HH.MI.SSXFF AM'),'90-test1_admin',3,7,1);
Insert into USR_CLOTHES.DJANGO_ADMIN_LOG (ID,ACTION_TIME,OBJECT_REPR,ACTION_FLAG,CONTENT_TYPE_ID,USER_ID) values (92,to_timestamp('06-JAN-25 04.06.34.000971000 AM','DD-MON-RR HH.MI.SSXFF AM'),'21-test1-350-49-Ropa de Piloto-11-admin_test1-22-admin_test2',1,16,1);
Insert into USR_CLOTHES.DJANGO_ADMIN_LOG (ID,ACTION_TIME,OBJECT_REPR,ACTION_FLAG,CONTENT_TYPE_ID,USER_ID) values (93,to_timestamp('06-JAN-25 05.30.14.233125000 AM','DD-MON-RR HH.MI.SSXFF AM'),'91-test2',1,7,1);
Insert into USR_CLOTHES.DJANGO_ADMIN_LOG (ID,ACTION_TIME,OBJECT_REPR,ACTION_FLAG,CONTENT_TYPE_ID,USER_ID) values (101,to_timestamp('07-JAN-25 02.09.47.386290000 PM','DD-MON-RR HH.MI.SSXFF AM'),'47-cytgkj',2,8,1);
Insert into USR_CLOTHES.DJANGO_ADMIN_LOG (ID,ACTION_TIME,OBJECT_REPR,ACTION_FLAG,CONTENT_TYPE_ID,USER_ID) values (102,to_timestamp('07-JAN-25 02.10.00.686654000 PM','DD-MON-RR HH.MI.SSXFF AM'),'47-cytgkj',3,8,1);
Insert into USR_CLOTHES.DJANGO_ADMIN_LOG (ID,ACTION_TIME,OBJECT_REPR,ACTION_FLAG,CONTENT_TYPE_ID,USER_ID) values (103,to_timestamp('07-JAN-25 02.10.27.137620000 PM','DD-MON-RR HH.MI.SSXFF AM'),'66-dyrgkc',1,8,1);
Insert into USR_CLOTHES.DJANGO_ADMIN_LOG (ID,ACTION_TIME,OBJECT_REPR,ACTION_FLAG,CONTENT_TYPE_ID,USER_ID) values (161,to_timestamp('01-FEB-25 05.21.41.422462000 AM','DD-MON-RR HH.MI.SSXFF AM'),'61-prueba3',1,11,1);
Insert into USR_CLOTHES.DJANGO_ADMIN_LOG (ID,ACTION_TIME,OBJECT_REPR,ACTION_FLAG,CONTENT_TYPE_ID,USER_ID) values (162,to_timestamp('01-FEB-25 05.21.52.598692000 AM','DD-MON-RR HH.MI.SSXFF AM'),'61-prueba3',3,11,1);
Insert into USR_CLOTHES.DJANGO_ADMIN_LOG (ID,ACTION_TIME,OBJECT_REPR,ACTION_FLAG,CONTENT_TYPE_ID,USER_ID) values (165,to_timestamp('01-FEB-25 05.22.41.307514000 AM','DD-MON-RR HH.MI.SSXFF AM'),'60-prueba3-500.00-2-Pantalones-1-Algodn-8-GAP',1,16,1);
REM INSERTING into USR_CLOTHES.DJANGO_CONTENT_TYPE
SET DEFINE OFF;
Insert into USR_CLOTHES.DJANGO_CONTENT_TYPE (ID,APP_LABEL,MODEL) values (1,'admin','logentry');
Insert into USR_CLOTHES.DJANGO_CONTENT_TYPE (ID,APP_LABEL,MODEL) values (2,'auth','permission');
Insert into USR_CLOTHES.DJANGO_CONTENT_TYPE (ID,APP_LABEL,MODEL) values (3,'auth','group');
Insert into USR_CLOTHES.DJANGO_CONTENT_TYPE (ID,APP_LABEL,MODEL) values (4,'auth','user');
Insert into USR_CLOTHES.DJANGO_CONTENT_TYPE (ID,APP_LABEL,MODEL) values (5,'contenttypes','contenttype');
Insert into USR_CLOTHES.DJANGO_CONTENT_TYPE (ID,APP_LABEL,MODEL) values (6,'sessions','session');
Insert into USR_CLOTHES.DJANGO_CONTENT_TYPE (ID,APP_LABEL,MODEL) values (7,'appClothes','categoria');
Insert into USR_CLOTHES.DJANGO_CONTENT_TYPE (ID,APP_LABEL,MODEL) values (8,'appClothes','departamento');
Insert into USR_CLOTHES.DJANGO_CONTENT_TYPE (ID,APP_LABEL,MODEL) values (9,'appClothes','detalleventa');
Insert into USR_CLOTHES.DJANGO_CONTENT_TYPE (ID,APP_LABEL,MODEL) values (10,'appClothes','empleado');
Insert into USR_CLOTHES.DJANGO_CONTENT_TYPE (ID,APP_LABEL,MODEL) values (11,'appClothes','marca');
Insert into USR_CLOTHES.DJANGO_CONTENT_TYPE (ID,APP_LABEL,MODEL) values (12,'appClothes','material');
Insert into USR_CLOTHES.DJANGO_CONTENT_TYPE (ID,APP_LABEL,MODEL) values (13,'appClothes','proveedor');
Insert into USR_CLOTHES.DJANGO_CONTENT_TYPE (ID,APP_LABEL,MODEL) values (14,'appClothes','talla');
Insert into USR_CLOTHES.DJANGO_CONTENT_TYPE (ID,APP_LABEL,MODEL) values (15,'appClothes','ventaprenda');
Insert into USR_CLOTHES.DJANGO_CONTENT_TYPE (ID,APP_LABEL,MODEL) values (16,'appClothes','prenda');
Insert into USR_CLOTHES.DJANGO_CONTENT_TYPE (ID,APP_LABEL,MODEL) values (17,'appClothes','detalledevolucion');
Insert into USR_CLOTHES.DJANGO_CONTENT_TYPE (ID,APP_LABEL,MODEL) values (18,'appClothes','prendatalla');
Insert into USR_CLOTHES.DJANGO_CONTENT_TYPE (ID,APP_LABEL,MODEL) values (19,'appClothes','prendaproveedor');
Insert into USR_CLOTHES.DJANGO_CONTENT_TYPE (ID,APP_LABEL,MODEL) values (20,'appClothes','categoriadepartamento');
REM INSERTING into USR_CLOTHES.DJANGO_MIGRATIONS
SET DEFINE OFF;
Insert into USR_CLOTHES.DJANGO_MIGRATIONS (ID,APP,NAME,APPLIED) values (1,'appClothes','0001_initial',to_timestamp('02-JAN-25 11.02.30.672610000 PM','DD-MON-RR HH.MI.SSXFF AM'));
Insert into USR_CLOTHES.DJANGO_MIGRATIONS (ID,APP,NAME,APPLIED) values (21,'appClothes','0002_alter_categoria_categoria_id',to_timestamp('04-JAN-25 06.40.57.144989000 PM','DD-MON-RR HH.MI.SSXFF AM'));
Insert into USR_CLOTHES.DJANGO_MIGRATIONS (ID,APP,NAME,APPLIED) values (44,'appClothes','0002_prenda_proveedores',to_timestamp('01-FEB-25 07.53.55.057603000 AM','DD-MON-RR HH.MI.SSXFF AM'));
Insert into USR_CLOTHES.DJANGO_MIGRATIONS (ID,APP,NAME,APPLIED) values (2,'contenttypes','0001_initial',to_timestamp('02-JAN-25 11.05.48.628831000 PM','DD-MON-RR HH.MI.SSXFF AM'));
Insert into USR_CLOTHES.DJANGO_MIGRATIONS (ID,APP,NAME,APPLIED) values (3,'auth','0001_initial',to_timestamp('02-JAN-25 11.05.48.834706000 PM','DD-MON-RR HH.MI.SSXFF AM'));
Insert into USR_CLOTHES.DJANGO_MIGRATIONS (ID,APP,NAME,APPLIED) values (4,'admin','0001_initial',to_timestamp('02-JAN-25 11.05.48.907865000 PM','DD-MON-RR HH.MI.SSXFF AM'));
Insert into USR_CLOTHES.DJANGO_MIGRATIONS (ID,APP,NAME,APPLIED) values (5,'admin','0002_logentry_remove_auto_add',to_timestamp('02-JAN-25 11.05.48.930297000 PM','DD-MON-RR HH.MI.SSXFF AM'));
Insert into USR_CLOTHES.DJANGO_MIGRATIONS (ID,APP,NAME,APPLIED) values (6,'admin','0003_logentry_add_action_flag_choices',to_timestamp('02-JAN-25 11.05.48.960166000 PM','DD-MON-RR HH.MI.SSXFF AM'));
Insert into USR_CLOTHES.DJANGO_MIGRATIONS (ID,APP,NAME,APPLIED) values (7,'contenttypes','0002_remove_content_type_name',to_timestamp('02-JAN-25 11.05.49.330057000 PM','DD-MON-RR HH.MI.SSXFF AM'));
Insert into USR_CLOTHES.DJANGO_MIGRATIONS (ID,APP,NAME,APPLIED) values (8,'auth','0002_alter_permission_name_max_length',to_timestamp('02-JAN-25 11.05.49.383503000 PM','DD-MON-RR HH.MI.SSXFF AM'));
Insert into USR_CLOTHES.DJANGO_MIGRATIONS (ID,APP,NAME,APPLIED) values (9,'auth','0003_alter_user_email_max_length',to_timestamp('02-JAN-25 11.05.49.417288000 PM','DD-MON-RR HH.MI.SSXFF AM'));
Insert into USR_CLOTHES.DJANGO_MIGRATIONS (ID,APP,NAME,APPLIED) values (10,'auth','0004_alter_user_username_opts',to_timestamp('02-JAN-25 11.05.49.442191000 PM','DD-MON-RR HH.MI.SSXFF AM'));
Insert into USR_CLOTHES.DJANGO_MIGRATIONS (ID,APP,NAME,APPLIED) values (11,'auth','0005_alter_user_last_login_null',to_timestamp('02-JAN-25 11.05.49.486104000 PM','DD-MON-RR HH.MI.SSXFF AM'));
Insert into USR_CLOTHES.DJANGO_MIGRATIONS (ID,APP,NAME,APPLIED) values (12,'auth','0006_require_contenttypes_0002',to_timestamp('02-JAN-25 11.05.49.501415000 PM','DD-MON-RR HH.MI.SSXFF AM'));
Insert into USR_CLOTHES.DJANGO_MIGRATIONS (ID,APP,NAME,APPLIED) values (13,'auth','0007_alter_validators_add_error_messages',to_timestamp('02-JAN-25 11.05.49.525499000 PM','DD-MON-RR HH.MI.SSXFF AM'));
Insert into USR_CLOTHES.DJANGO_MIGRATIONS (ID,APP,NAME,APPLIED) values (14,'auth','0008_alter_user_username_max_length',to_timestamp('02-JAN-25 11.05.49.558320000 PM','DD-MON-RR HH.MI.SSXFF AM'));
Insert into USR_CLOTHES.DJANGO_MIGRATIONS (ID,APP,NAME,APPLIED) values (15,'auth','0009_alter_user_last_name_max_length',to_timestamp('02-JAN-25 11.05.49.593131000 PM','DD-MON-RR HH.MI.SSXFF AM'));
Insert into USR_CLOTHES.DJANGO_MIGRATIONS (ID,APP,NAME,APPLIED) values (16,'auth','0010_alter_group_name_max_length',to_timestamp('02-JAN-25 11.05.49.628353000 PM','DD-MON-RR HH.MI.SSXFF AM'));
Insert into USR_CLOTHES.DJANGO_MIGRATIONS (ID,APP,NAME,APPLIED) values (17,'auth','0011_update_proxy_permissions',to_timestamp('02-JAN-25 11.05.49.664113000 PM','DD-MON-RR HH.MI.SSXFF AM'));
Insert into USR_CLOTHES.DJANGO_MIGRATIONS (ID,APP,NAME,APPLIED) values (18,'auth','0012_alter_user_first_name_max_length',to_timestamp('02-JAN-25 11.05.49.695352000 PM','DD-MON-RR HH.MI.SSXFF AM'));
Insert into USR_CLOTHES.DJANGO_MIGRATIONS (ID,APP,NAME,APPLIED) values (19,'sessions','0001_initial',to_timestamp('02-JAN-25 11.05.49.730832000 PM','DD-MON-RR HH.MI.SSXFF AM'));
Insert into USR_CLOTHES.DJANGO_MIGRATIONS (ID,APP,NAME,APPLIED) values (41,'appClothes','0002_auto_20250201_0005',to_timestamp('01-FEB-25 06.05.35.671646000 AM','DD-MON-RR HH.MI.SSXFF AM'));
Insert into USR_CLOTHES.DJANGO_MIGRATIONS (ID,APP,NAME,APPLIED) values (42,'appClothes','0002_auto_20250201_0148',to_timestamp('01-FEB-25 07.48.44.911435000 AM','DD-MON-RR HH.MI.SSXFF AM'));
Insert into USR_CLOTHES.DJANGO_MIGRATIONS (ID,APP,NAME,APPLIED) values (43,'appClothes','0003_auto_20250201_0152',to_timestamp('01-FEB-25 07.52.45.241402000 AM','DD-MON-RR HH.MI.SSXFF AM'));
REM INSERTING into USR_CLOTHES.DJANGO_SESSION
SET DEFINE OFF;
Insert into USR_CLOTHES.DJANGO_SESSION (SESSION_KEY,EXPIRE_DATE) values ('ot7xmxkb2xqc2lg90018uz6727xnojnc',to_timestamp('15-FEB-25 05.20.58.559872000 AM','DD-MON-RR HH.MI.SSXFF AM'));
Insert into USR_CLOTHES.DJANGO_SESSION (SESSION_KEY,EXPIRE_DATE) values ('p4pusx6pz1x2qaxdxzm4g9vyyb6xu1kv',to_timestamp('21-JAN-25 02.11.01.438482000 PM','DD-MON-RR HH.MI.SSXFF AM'));
REM INSERTING into USR_CLOTHES.EMPLEADO
SET DEFINE OFF;
Insert into USR_CLOTHES.EMPLEADO (EMPLEADO_ID,NOMBRE,APELLIDO_PATERNO,APELLIDO_MATERNO,TELEFONO,EMAIL,DIRECCION,FECHA_CONTRATACION) values (79,'admintest2','test2','test2',5561403187,'test2@gmail.com','av simpre viva',to_date('05-JAN-25','DD-MON-RR'));
Insert into USR_CLOTHES.EMPLEADO (EMPLEADO_ID,NOMBRE,APELLIDO_PATERNO,APELLIDO_MATERNO,TELEFONO,EMAIL,DIRECCION,FECHA_CONTRATACION) values (1,'Juan','Prez','Gmez',5551122334,'juan.perez@gmail.com','Av. Reforma #123, CDMX',to_date('15-JAN-20','DD-MON-RR'));
Insert into USR_CLOTHES.EMPLEADO (EMPLEADO_ID,NOMBRE,APELLIDO_PATERNO,APELLIDO_MATERNO,TELEFONO,EMAIL,DIRECCION,FECHA_CONTRATACION) values (2,'Alexa','Gonzles','Lpez',5552233445,'maria.gonzalez@gmail.com','Calle Jurez #456, CDMX',to_date('10-JUN-20','DD-MON-RR'));
Insert into USR_CLOTHES.EMPLEADO (EMPLEADO_ID,NOMBRE,APELLIDO_PATERNO,APELLIDO_MATERNO,TELEFONO,EMAIL,DIRECCION,FECHA_CONTRATACION) values (3,'Carlos','Ramrez','Hernndez',5553344556,'carlos.ramirez@yahoo.com','Av. Insurgentes #789, CDMX',to_date('20-FEB-21','DD-MON-RR'));
Insert into USR_CLOTHES.EMPLEADO (EMPLEADO_ID,NOMBRE,APELLIDO_PATERNO,APELLIDO_MATERNO,TELEFONO,EMAIL,DIRECCION,FECHA_CONTRATACION) values (4,'Ana','Snchez','Morales',5554455667,'ana.sanchez@hotmail.com','Calle Zaragoza #135, CDMX',to_date('05-AUG-21','DD-MON-RR'));
Insert into USR_CLOTHES.EMPLEADO (EMPLEADO_ID,NOMBRE,APELLIDO_PATERNO,APELLIDO_MATERNO,TELEFONO,EMAIL,DIRECCION,FECHA_CONTRATACION) values (5,'Luis','Fernndez','Ortega',5555566778,'luis.fernandez@gmail.com','Av. Universidad #240, CDMX',to_date('15-MAR-22','DD-MON-RR'));
Insert into USR_CLOTHES.EMPLEADO (EMPLEADO_ID,NOMBRE,APELLIDO_PATERNO,APELLIDO_MATERNO,TELEFONO,EMAIL,DIRECCION,FECHA_CONTRATACION) values (6,'Laura','Martnez','Castillo',5556677889,'laura.martinez@yahoo.com','Calle Hidalgo #359, CDMX',to_date('25-JUL-22','DD-MON-RR'));
Insert into USR_CLOTHES.EMPLEADO (EMPLEADO_ID,NOMBRE,APELLIDO_PATERNO,APELLIDO_MATERNO,TELEFONO,EMAIL,DIRECCION,FECHA_CONTRATACION) values (7,'Pedro','Garca','Rodrguez',5557788990,'pedro.garcia@hotmail.com','Av. Revolucin #460, CDMX',to_date('12-JAN-23','DD-MON-RR'));
Insert into USR_CLOTHES.EMPLEADO (EMPLEADO_ID,NOMBRE,APELLIDO_PATERNO,APELLIDO_MATERNO,TELEFONO,EMAIL,DIRECCION,FECHA_CONTRATACION) values (8,'Julia','Rivera','Soto',5558899001,'julia.rivera@gmail.com','Calle Morelos #579, CDMX',to_date('10-MAY-23','DD-MON-RR'));
Insert into USR_CLOTHES.EMPLEADO (EMPLEADO_ID,NOMBRE,APELLIDO_PATERNO,APELLIDO_MATERNO,TELEFONO,EMAIL,DIRECCION,FECHA_CONTRATACION) values (9,'Fernando','Torres','Lozano',5559900112,'fernando.torres@yahoo.com','Av. Tlalpan #670, CDMX',to_date('17-SEP-23','DD-MON-RR'));
Insert into USR_CLOTHES.EMPLEADO (EMPLEADO_ID,NOMBRE,APELLIDO_PATERNO,APELLIDO_MATERNO,TELEFONO,EMAIL,DIRECCION,FECHA_CONTRATACION) values (10,'Cecilia','	Jimnez','Delgado',5551011122,'cecilia.jimenez@gmail.com','Calle Allende #780, CDMX',to_date('03-APR-24','DD-MON-RR'));
Insert into USR_CLOTHES.EMPLEADO (EMPLEADO_ID,NOMBRE,APELLIDO_PATERNO,APELLIDO_MATERNO,TELEFONO,EMAIL,DIRECCION,FECHA_CONTRATACION) values (11,'Juan','Prez','Garca',5551234567,'juan.perez@example.com','Calle Luna 123, CDMX',to_date('15-MAY-23','DD-MON-RR'));
Insert into USR_CLOTHES.EMPLEADO (EMPLEADO_ID,NOMBRE,APELLIDO_PATERNO,APELLIDO_MATERNO,TELEFONO,EMAIL,DIRECCION,FECHA_CONTRATACION) values (12,'Mara','Lopez','Hernndez',5559876543,'maria.lopez@example.com','Av. Sol 45, Monterrey',to_date('10-NOV-22','DD-MON-RR'));
Insert into USR_CLOTHES.EMPLEADO (EMPLEADO_ID,NOMBRE,APELLIDO_PATERNO,APELLIDO_MATERNO,TELEFONO,EMAIL,DIRECCION,FECHA_CONTRATACION) values (13,'Luis','Martnez','Nez',5554567890,'luis.martinez@example.com','Calle Estrella 89, Guadalajara',to_date('20-AUG-21','DD-MON-RR'));
Insert into USR_CLOTHES.EMPLEADO (EMPLEADO_ID,NOMBRE,APELLIDO_PATERNO,APELLIDO_MATERNO,TELEFONO,EMAIL,DIRECCION,FECHA_CONTRATACION) values (14,'Ana','Gmez','Rodrguez',5551122334,'ana.gomez@example.com','Av. Insurgentes 567, CDMX',to_date('01-FEB-23','DD-MON-RR'));
Insert into USR_CLOTHES.EMPLEADO (EMPLEADO_ID,NOMBRE,APELLIDO_PATERNO,APELLIDO_MATERNO,TELEFONO,EMAIL,DIRECCION,FECHA_CONTRATACION) values (15,'Carlos','Hernndez','Daz',5559988776,'carlos.hernandez@example.com','Blvd. Reforma 34, Puebla',to_date('25-MAR-20','DD-MON-RR'));
Insert into USR_CLOTHES.EMPLEADO (EMPLEADO_ID,NOMBRE,APELLIDO_PATERNO,APELLIDO_MATERNO,TELEFONO,EMAIL,DIRECCION,FECHA_CONTRATACION) values (16,'Sofa','Ramrez','Vega',5554433221,'sofia.ramirez@example.com','Calle Norte 77, Tijuana',to_date('15-DEC-21','DD-MON-RR'));
Insert into USR_CLOTHES.EMPLEADO (EMPLEADO_ID,NOMBRE,APELLIDO_PATERNO,APELLIDO_MATERNO,TELEFONO,EMAIL,DIRECCION,FECHA_CONTRATACION) values (17,'Diego','Fernndez','Ruiz',5556677889,'diego.fernandez@example.com','Av. Centro 101, Mrida',to_date('20-JUL-23','DD-MON-RR'));
Insert into USR_CLOTHES.EMPLEADO (EMPLEADO_ID,NOMBRE,APELLIDO_PATERNO,APELLIDO_MATERNO,TELEFONO,EMAIL,DIRECCION,FECHA_CONTRATACION) values (18,'Laura','Torres','Morales',5553344556,'laura.torres@example.com','Calle Sur 9, Len',to_date('05-JUN-22','DD-MON-RR'));
Insert into USR_CLOTHES.EMPLEADO (EMPLEADO_ID,NOMBRE,APELLIDO_PATERNO,APELLIDO_MATERNO,TELEFONO,EMAIL,DIRECCION,FECHA_CONTRATACION) values (19,'Miguel','Snchez','Ortiz',5552211445,'miguel.sanchez@example.com','Blvd. Las Palmas 120, Veracruz',to_date('30-JAN-20','DD-MON-RR'));
Insert into USR_CLOTHES.EMPLEADO (EMPLEADO_ID,NOMBRE,APELLIDO_PATERNO,APELLIDO_MATERNO,TELEFONO,EMAIL,DIRECCION,FECHA_CONTRATACION) values (20,'Elena','Castro','Mendoza',5557788990,'elena.castro@example.com','Av. Primavera 77, Oaxaca',to_date('15-SEP-23','DD-MON-RR'));
Insert into USR_CLOTHES.EMPLEADO (EMPLEADO_ID,NOMBRE,APELLIDO_PATERNO,APELLIDO_MATERNO,TELEFONO,EMAIL,DIRECCION,FECHA_CONTRATACION) values (21,'Pedro','Mendoza','Gmez',5551001001,'pedro.mendoza@example.com','Calle Luna 101, CDMX',to_date('01-JUL-22','DD-MON-RR'));
Insert into USR_CLOTHES.EMPLEADO (EMPLEADO_ID,NOMBRE,APELLIDO_PATERNO,APELLIDO_MATERNO,TELEFONO,EMAIL,DIRECCION,FECHA_CONTRATACION) values (22,'Carla','Gonzlez','Ruiz',5551001002,'carla.gonzalez@example.com','Av. Sol 202, Guadalajara',to_date('15-MAR-23','DD-MON-RR'));
Insert into USR_CLOTHES.EMPLEADO (EMPLEADO_ID,NOMBRE,APELLIDO_PATERNO,APELLIDO_MATERNO,TELEFONO,EMAIL,DIRECCION,FECHA_CONTRATACION) values (23,'Ral','Hernndez','Martnez',5551001003,'raul.hernandez@example.com','Calle Estrella 303, Monterrey',to_date('10-AUG-21','DD-MON-RR'));
Insert into USR_CLOTHES.EMPLEADO (EMPLEADO_ID,NOMBRE,APELLIDO_PATERNO,APELLIDO_MATERNO,TELEFONO,EMAIL,DIRECCION,FECHA_CONTRATACION) values (24,'Luca','Torres','Vargas',5551001004,'lucia.torres@example.com','Blvd. Reforma 404, Puebla',to_date('20-MAY-20','DD-MON-RR'));
Insert into USR_CLOTHES.EMPLEADO (EMPLEADO_ID,NOMBRE,APELLIDO_PATERNO,APELLIDO_MATERNO,TELEFONO,EMAIL,DIRECCION,FECHA_CONTRATACION) values (25,'Daniel','Ramrez','Lopez',5551001005,'daniel.ramirez@example.com','Av. Centro 505, Mrida',to_date('12-JAN-23','DD-MON-RR'));
Insert into USR_CLOTHES.EMPLEADO (EMPLEADO_ID,NOMBRE,APELLIDO_PATERNO,APELLIDO_MATERNO,TELEFONO,EMAIL,DIRECCION,FECHA_CONTRATACION) values (26,'Sofa','Prez','Nez',5551001006,'sofia.perez@example.com','Calle Norte 606, Oaxaca',to_date('30-SEP-22','DD-MON-RR'));
Insert into USR_CLOTHES.EMPLEADO (EMPLEADO_ID,NOMBRE,APELLIDO_PATERNO,APELLIDO_MATERNO,TELEFONO,EMAIL,DIRECCION,FECHA_CONTRATACION) values (27,'Jos','Gmez','Hernndez',5551001007,'jose.gomez@example.com','Blvd. Las Palmas 707, Len',to_date('18-JUN-21','DD-MON-RR'));
Insert into USR_CLOTHES.EMPLEADO (EMPLEADO_ID,NOMBRE,APELLIDO_PATERNO,APELLIDO_MATERNO,TELEFONO,EMAIL,DIRECCION,FECHA_CONTRATACION) values (28,'Marta','Fernndez','Rodrguez',5551001008,'marta.fernandez@example.com','Av. Primavera 808, Tijuana',to_date('22-FEB-20','DD-MON-RR'));
Insert into USR_CLOTHES.EMPLEADO (EMPLEADO_ID,NOMBRE,APELLIDO_PATERNO,APELLIDO_MATERNO,TELEFONO,EMAIL,DIRECCION,FECHA_CONTRATACION) values (29,'Juan','Castro','Daz',5551001009,'juan.castro@example.com','Calle Luna 909, Veracruz',to_date('05-APR-22','DD-MON-RR'));
Insert into USR_CLOTHES.EMPLEADO (EMPLEADO_ID,NOMBRE,APELLIDO_PATERNO,APELLIDO_MATERNO,TELEFONO,EMAIL,DIRECCION,FECHA_CONTRATACION) values (30,'Paula','Lopez','Garca',5551001010,'paula.lopez@example.com','Av. Insurgentes 1010, Monterrey',to_date('13-OCT-23','DD-MON-RR'));
Insert into USR_CLOTHES.EMPLEADO (EMPLEADO_ID,NOMBRE,APELLIDO_PATERNO,APELLIDO_MATERNO,TELEFONO,EMAIL,DIRECCION,FECHA_CONTRATACION) values (31,'Miguel','Snchez','Vega',5551001011,'miguel.sanchez@example.com','Blvd. Reforma 1111, CDMX',to_date('07-JUL-21','DD-MON-RR'));
Insert into USR_CLOTHES.EMPLEADO (EMPLEADO_ID,NOMBRE,APELLIDO_PATERNO,APELLIDO_MATERNO,TELEFONO,EMAIL,DIRECCION,FECHA_CONTRATACION) values (32,'Carolina','Martnez','Ortiz',5551001012,'carolina.martinez@example.com','Calle Sur 1212, Guadalajara',to_date('30-NOV-22','DD-MON-RR'));
Insert into USR_CLOTHES.EMPLEADO (EMPLEADO_ID,NOMBRE,APELLIDO_PATERNO,APELLIDO_MATERNO,TELEFONO,EMAIL,DIRECCION,FECHA_CONTRATACION) values (33,'lvaro','Hernndez','Morales',5551001013,'alvaro.hernandez@example.com','Av. Sol 1313, Len',to_date('25-AUG-20','DD-MON-RR'));
Insert into USR_CLOTHES.EMPLEADO (EMPLEADO_ID,NOMBRE,APELLIDO_PATERNO,APELLIDO_MATERNO,TELEFONO,EMAIL,DIRECCION,FECHA_CONTRATACION) values (34,'Laura','Nez','Gonzlez',5551001014,'laura.nunez@example.com','Calle Norte 1414, Oaxaca',to_date('12-FEB-21','DD-MON-RR'));
Insert into USR_CLOTHES.EMPLEADO (EMPLEADO_ID,NOMBRE,APELLIDO_PATERNO,APELLIDO_MATERNO,TELEFONO,EMAIL,DIRECCION,FECHA_CONTRATACION) values (35,'Fernando','Vargas','Hernndez',5551001015,'fernando.vargas@example.com','Blvd. Las Palmas 1515, Veracruz',to_date('03-MAR-23','DD-MON-RR'));
Insert into USR_CLOTHES.EMPLEADO (EMPLEADO_ID,NOMBRE,APELLIDO_PATERNO,APELLIDO_MATERNO,TELEFONO,EMAIL,DIRECCION,FECHA_CONTRATACION) values (36,'Andrea','Morales','Castro',5551001016,'andrea.morales@example.com','Av. Primavera 1616, Monterrey',to_date('09-SEP-20','DD-MON-RR'));
Insert into USR_CLOTHES.EMPLEADO (EMPLEADO_ID,NOMBRE,APELLIDO_PATERNO,APELLIDO_MATERNO,TELEFONO,EMAIL,DIRECCION,FECHA_CONTRATACION) values (37,'Manuel','Ortega','Ramrez',5551001017,'manuel.ortega@example.com','Calle Estrella 1717, Guadalajara',to_date('15-JUN-22','DD-MON-RR'));
Insert into USR_CLOTHES.EMPLEADO (EMPLEADO_ID,NOMBRE,APELLIDO_PATERNO,APELLIDO_MATERNO,TELEFONO,EMAIL,DIRECCION,FECHA_CONTRATACION) values (38,'Isabel','Rodrguez','Fernndez',5551001018,'isabel.rodriguez@example.com','Av. Centro 1818, Tijuana',to_date('20-DEC-21','DD-MON-RR'));
Insert into USR_CLOTHES.EMPLEADO (EMPLEADO_ID,NOMBRE,APELLIDO_PATERNO,APELLIDO_MATERNO,TELEFONO,EMAIL,DIRECCION,FECHA_CONTRATACION) values (39,'test1_emp','test','test',5561403187,'test@django.com','simpre viva',to_date('05-JAN-25','DD-MON-RR'));
Insert into USR_CLOTHES.EMPLEADO (EMPLEADO_ID,NOMBRE,APELLIDO_PATERNO,APELLIDO_MATERNO,TELEFONO,EMAIL,DIRECCION,FECHA_CONTRATACION) values (80,'test3','test3','test3',0,'django@gmail.com','av simpre viva',to_date('05-JAN-25','DD-MON-RR'));
REM INSERTING into USR_CLOTHES.MARCA
SET DEFINE OFF;
Insert into USR_CLOTHES.MARCA (MARCA_ID,NOMBRE_MARCA) values (1,'Nike');
Insert into USR_CLOTHES.MARCA (MARCA_ID,NOMBRE_MARCA) values (2,'Adidas');
Insert into USR_CLOTHES.MARCA (MARCA_ID,NOMBRE_MARCA) values (3,'Zara');
Insert into USR_CLOTHES.MARCA (MARCA_ID,NOMBRE_MARCA) values (4,'Pull And Bear');
Insert into USR_CLOTHES.MARCA (MARCA_ID,NOMBRE_MARCA) values (5,'Puma');
Insert into USR_CLOTHES.MARCA (MARCA_ID,NOMBRE_MARCA) values (6,'Levis');
Insert into USR_CLOTHES.MARCA (MARCA_ID,NOMBRE_MARCA) values (7,'Under Armour');
Insert into USR_CLOTHES.MARCA (MARCA_ID,NOMBRE_MARCA) values (8,'GAP');
Insert into USR_CLOTHES.MARCA (MARCA_ID,NOMBRE_MARCA) values (9,'Converse');
Insert into USR_CLOTHES.MARCA (MARCA_ID,NOMBRE_MARCA) values (10,'Reebook');
Insert into USR_CLOTHES.MARCA (MARCA_ID,NOMBRE_MARCA) values (11,'Forever 21');
Insert into USR_CLOTHES.MARCA (MARCA_ID,NOMBRE_MARCA) values (12,'American Eagle');
Insert into USR_CLOTHES.MARCA (MARCA_ID,NOMBRE_MARCA) values (13,'Old Navy');
Insert into USR_CLOTHES.MARCA (MARCA_ID,NOMBRE_MARCA) values (14,'Aeropostale');
Insert into USR_CLOTHES.MARCA (MARCA_ID,NOMBRE_MARCA) values (15,'Uniqlo');
Insert into USR_CLOTHES.MARCA (MARCA_ID,NOMBRE_MARCA) values (16,'Hollister');
Insert into USR_CLOTHES.MARCA (MARCA_ID,NOMBRE_MARCA) values (18,'Banana Republic');
Insert into USR_CLOTHES.MARCA (MARCA_ID,NOMBRE_MARCA) values (19,'Express');
Insert into USR_CLOTHES.MARCA (MARCA_ID,NOMBRE_MARCA) values (20,'Guess');
Insert into USR_CLOTHES.MARCA (MARCA_ID,NOMBRE_MARCA) values (21,'admin_test1');
Insert into USR_CLOTHES.MARCA (MARCA_ID,NOMBRE_MARCA) values (22,'admin_test2');
REM INSERTING into USR_CLOTHES.MATERIAL
SET DEFINE OFF;
Insert into USR_CLOTHES.MATERIAL (MATERIAL_ID,NOMBRE_MATERIAL) values (1,'Algodn');
Insert into USR_CLOTHES.MATERIAL (MATERIAL_ID,NOMBRE_MATERIAL) values (2,'Polister');
Insert into USR_CLOTHES.MATERIAL (MATERIAL_ID,NOMBRE_MATERIAL) values (3,'Cuero');
Insert into USR_CLOTHES.MATERIAL (MATERIAL_ID,NOMBRE_MATERIAL) values (4,'Lana');
Insert into USR_CLOTHES.MATERIAL (MATERIAL_ID,NOMBRE_MATERIAL) values (5,'Sinttico');
Insert into USR_CLOTHES.MATERIAL (MATERIAL_ID,NOMBRE_MATERIAL) values (6,'Seda');
Insert into USR_CLOTHES.MATERIAL (MATERIAL_ID,NOMBRE_MATERIAL) values (7,'Lino');
Insert into USR_CLOTHES.MATERIAL (MATERIAL_ID,NOMBRE_MATERIAL) values (8,'Spandex');
Insert into USR_CLOTHES.MATERIAL (MATERIAL_ID,NOMBRE_MATERIAL) values (9,'Gamuza');
Insert into USR_CLOTHES.MATERIAL (MATERIAL_ID,NOMBRE_MATERIAL) values (10,'Mezclilla');
Insert into USR_CLOTHES.MATERIAL (MATERIAL_ID,NOMBRE_MATERIAL) values (11,'admin_test1');
Insert into USR_CLOTHES.MATERIAL (MATERIAL_ID,NOMBRE_MATERIAL) values (12,'admin_test2');
REM INSERTING into USR_CLOTHES.MD_ADDITIONAL_PROPERTIES
SET DEFINE OFF;
REM INSERTING into USR_CLOTHES.MD_APPLICATIONFILES
SET DEFINE OFF;
REM INSERTING into USR_CLOTHES.MD_APPLICATIONS
SET DEFINE OFF;
REM INSERTING into USR_CLOTHES.MD_CATALOGS
SET DEFINE OFF;
REM INSERTING into USR_CLOTHES.MD_COLUMNS
SET DEFINE OFF;
REM INSERTING into USR_CLOTHES.MD_CONNECTIONS
SET DEFINE OFF;
REM INSERTING into USR_CLOTHES.MD_CONSTRAINTS
SET DEFINE OFF;
REM INSERTING into USR_CLOTHES.MD_CONSTRAINT_DETAILS
SET DEFINE OFF;
REM INSERTING into USR_CLOTHES.MD_DERIVATIVES
SET DEFINE OFF;
REM INSERTING into USR_CLOTHES.MD_FILE_ARTIFACTS
SET DEFINE OFF;
REM INSERTING into USR_CLOTHES.MD_GROUPS
SET DEFINE OFF;
REM INSERTING into USR_CLOTHES.MD_GROUP_MEMBERS
SET DEFINE OFF;
REM INSERTING into USR_CLOTHES.MD_GROUP_PRIVILEGES
SET DEFINE OFF;
REM INSERTING into USR_CLOTHES.MD_INDEXES
SET DEFINE OFF;
REM INSERTING into USR_CLOTHES.MD_INDEX_DETAILS
SET DEFINE OFF;
REM INSERTING into USR_CLOTHES.MD_MIGR_DEPENDENCY
SET DEFINE OFF;
REM INSERTING into USR_CLOTHES.MD_MIGR_PARAMETER
SET DEFINE OFF;
REM INSERTING into USR_CLOTHES.MD_MIGR_WEAKDEP
SET DEFINE OFF;
REM INSERTING into USR_CLOTHES.MD_NUMROW$SOURCE
SET DEFINE OFF;
REM INSERTING into USR_CLOTHES.MD_NUMROW$TARGET
SET DEFINE OFF;
REM INSERTING into USR_CLOTHES.MD_OTHER_OBJECTS
SET DEFINE OFF;
REM INSERTING into USR_CLOTHES.MD_PACKAGES
SET DEFINE OFF;
REM INSERTING into USR_CLOTHES.MD_PARTITIONS
SET DEFINE OFF;
REM INSERTING into USR_CLOTHES.MD_PRIVILEGES
SET DEFINE OFF;
REM INSERTING into USR_CLOTHES.MD_PROJECTS
SET DEFINE OFF;
REM INSERTING into USR_CLOTHES.MD_REGISTRY
SET DEFINE OFF;
REM INSERTING into USR_CLOTHES.MD_REPOVERSIONS
SET DEFINE OFF;
REM INSERTING into USR_CLOTHES.MD_SCHEMAS
SET DEFINE OFF;
REM INSERTING into USR_CLOTHES.MD_SEQUENCES
SET DEFINE OFF;
REM INSERTING into USR_CLOTHES.MD_STORED_PROGRAMS
SET DEFINE OFF;
REM INSERTING into USR_CLOTHES.MD_SYNONYMS
SET DEFINE OFF;
REM INSERTING into USR_CLOTHES.MD_TABLES
SET DEFINE OFF;
REM INSERTING into USR_CLOTHES.MD_TABLESPACES
SET DEFINE OFF;
REM INSERTING into USR_CLOTHES.PRENDA
SET DEFINE OFF;
Insert into USR_CLOTHES.PRENDA (PRENDA_ID,NOMBRE_PRENDA,PRECIO,CATEGORIA_ID,MATERIAL_ID,MARCA_ID) values (20,'test1',350,25,5,3);
Insert into USR_CLOTHES.PRENDA (PRENDA_ID,NOMBRE_PRENDA,PRECIO,CATEGORIA_ID,MATERIAL_ID,MARCA_ID) values (1,'Camiseta',150,1,1,1);
Insert into USR_CLOTHES.PRENDA (PRENDA_ID,NOMBRE_PRENDA,PRECIO,CATEGORIA_ID,MATERIAL_ID,MARCA_ID) values (2,'Pantaln',250,2,2,2);
Insert into USR_CLOTHES.PRENDA (PRENDA_ID,NOMBRE_PRENDA,PRECIO,CATEGORIA_ID,MATERIAL_ID,MARCA_ID) values (3,'Zapatos',500,3,3,3);
Insert into USR_CLOTHES.PRENDA (PRENDA_ID,NOMBRE_PRENDA,PRECIO,CATEGORIA_ID,MATERIAL_ID,MARCA_ID) values (4,'Bufanda',50,4,4,4);
Insert into USR_CLOTHES.PRENDA (PRENDA_ID,NOMBRE_PRENDA,PRECIO,CATEGORIA_ID,MATERIAL_ID,MARCA_ID) values (5,'Abrigo',300,5,5,5);
Insert into USR_CLOTHES.PRENDA (PRENDA_ID,NOMBRE_PRENDA,PRECIO,CATEGORIA_ID,MATERIAL_ID,MARCA_ID) values (6,'Ropa Interior',50,5,5,5);
Insert into USR_CLOTHES.PRENDA (PRENDA_ID,NOMBRE_PRENDA,PRECIO,CATEGORIA_ID,MATERIAL_ID,MARCA_ID) values (7,'Blusa',75,6,1,6);
Insert into USR_CLOTHES.PRENDA (PRENDA_ID,NOMBRE_PRENDA,PRECIO,CATEGORIA_ID,MATERIAL_ID,MARCA_ID) values (8,'Falda',80,7,2,7);
Insert into USR_CLOTHES.PRENDA (PRENDA_ID,NOMBRE_PRENDA,PRECIO,CATEGORIA_ID,MATERIAL_ID,MARCA_ID) values (9,'Suter',100,9,1,9);
Insert into USR_CLOTHES.PRENDA (PRENDA_ID,NOMBRE_PRENDA,PRECIO,CATEGORIA_ID,MATERIAL_ID,MARCA_ID) values (10,'Chaqueta',200,10,6,10);
Insert into USR_CLOTHES.PRENDA (PRENDA_ID,NOMBRE_PRENDA,PRECIO,CATEGORIA_ID,MATERIAL_ID,MARCA_ID) values (11,'Chaleco',120,10,4,16);
Insert into USR_CLOTHES.PRENDA (PRENDA_ID,NOMBRE_PRENDA,PRECIO,CATEGORIA_ID,MATERIAL_ID,MARCA_ID) values (12,'Sombrero',60,4,5,18);
Insert into USR_CLOTHES.PRENDA (PRENDA_ID,NOMBRE_PRENDA,PRECIO,CATEGORIA_ID,MATERIAL_ID,MARCA_ID) values (13,'Cinturn',40,4,3,13);
Insert into USR_CLOTHES.PRENDA (PRENDA_ID,NOMBRE_PRENDA,PRECIO,CATEGORIA_ID,MATERIAL_ID,MARCA_ID) values (14,'Guantes',35,4,3,14);
Insert into USR_CLOTHES.PRENDA (PRENDA_ID,NOMBRE_PRENDA,PRECIO,CATEGORIA_ID,MATERIAL_ID,MARCA_ID) values (15,'Calcetines',20,6,1,15);
Insert into USR_CLOTHES.PRENDA (PRENDA_ID,NOMBRE_PRENDA,PRECIO,CATEGORIA_ID,MATERIAL_ID,MARCA_ID) values (16,'Tennis',600,3,5,9);
Insert into USR_CLOTHES.PRENDA (PRENDA_ID,NOMBRE_PRENDA,PRECIO,CATEGORIA_ID,MATERIAL_ID,MARCA_ID) values (17,'Corbata',30,4,2,3);
Insert into USR_CLOTHES.PRENDA (PRENDA_ID,NOMBRE_PRENDA,PRECIO,CATEGORIA_ID,MATERIAL_ID,MARCA_ID) values (18,'Pijama',80,6,6,3);
Insert into USR_CLOTHES.PRENDA (PRENDA_ID,NOMBRE_PRENDA,PRECIO,CATEGORIA_ID,MATERIAL_ID,MARCA_ID) values (19,'Vestido',200,8,1,11);
Insert into USR_CLOTHES.PRENDA (PRENDA_ID,NOMBRE_PRENDA,PRECIO,CATEGORIA_ID,MATERIAL_ID,MARCA_ID) values (40,'prueba2',600,2,2,3);
Insert into USR_CLOTHES.PRENDA (PRENDA_ID,NOMBRE_PRENDA,PRECIO,CATEGORIA_ID,MATERIAL_ID,MARCA_ID) values (21,'test1',350,49,11,22);
Insert into USR_CLOTHES.PRENDA (PRENDA_ID,NOMBRE_PRENDA,PRECIO,CATEGORIA_ID,MATERIAL_ID,MARCA_ID) values (60,'prueba3',500,2,1,8);
REM INSERTING into USR_CLOTHES.PRENDA_PROVEEDOR
SET DEFINE OFF;
Insert into USR_CLOTHES.PRENDA_PROVEEDOR (PRENDA_ID,PROVEEDOR_ID) values (1,1);
Insert into USR_CLOTHES.PRENDA_PROVEEDOR (PRENDA_ID,PROVEEDOR_ID) values (2,2);
Insert into USR_CLOTHES.PRENDA_PROVEEDOR (PRENDA_ID,PROVEEDOR_ID) values (3,3);
Insert into USR_CLOTHES.PRENDA_PROVEEDOR (PRENDA_ID,PROVEEDOR_ID) values (4,4);
Insert into USR_CLOTHES.PRENDA_PROVEEDOR (PRENDA_ID,PROVEEDOR_ID) values (5,5);
Insert into USR_CLOTHES.PRENDA_PROVEEDOR (PRENDA_ID,PROVEEDOR_ID) values (6,6);
Insert into USR_CLOTHES.PRENDA_PROVEEDOR (PRENDA_ID,PROVEEDOR_ID) values (7,7);
Insert into USR_CLOTHES.PRENDA_PROVEEDOR (PRENDA_ID,PROVEEDOR_ID) values (8,8);
Insert into USR_CLOTHES.PRENDA_PROVEEDOR (PRENDA_ID,PROVEEDOR_ID) values (9,9);
Insert into USR_CLOTHES.PRENDA_PROVEEDOR (PRENDA_ID,PROVEEDOR_ID) values (10,10);
Insert into USR_CLOTHES.PRENDA_PROVEEDOR (PRENDA_ID,PROVEEDOR_ID) values (11,11);
Insert into USR_CLOTHES.PRENDA_PROVEEDOR (PRENDA_ID,PROVEEDOR_ID) values (12,12);
Insert into USR_CLOTHES.PRENDA_PROVEEDOR (PRENDA_ID,PROVEEDOR_ID) values (14,14);
Insert into USR_CLOTHES.PRENDA_PROVEEDOR (PRENDA_ID,PROVEEDOR_ID) values (16,16);
Insert into USR_CLOTHES.PRENDA_PROVEEDOR (PRENDA_ID,PROVEEDOR_ID) values (17,17);
Insert into USR_CLOTHES.PRENDA_PROVEEDOR (PRENDA_ID,PROVEEDOR_ID) values (18,18);
Insert into USR_CLOTHES.PRENDA_PROVEEDOR (PRENDA_ID,PROVEEDOR_ID) values (19,19);
REM INSERTING into USR_CLOTHES.PRENDA_TALLA
SET DEFINE OFF;
Insert into USR_CLOTHES.PRENDA_TALLA (PRENDA_ID,TALLA_ID,STOCK) values (1,1,10);
Insert into USR_CLOTHES.PRENDA_TALLA (PRENDA_ID,TALLA_ID,STOCK) values (2,2,20);
Insert into USR_CLOTHES.PRENDA_TALLA (PRENDA_ID,TALLA_ID,STOCK) values (3,3,15);
Insert into USR_CLOTHES.PRENDA_TALLA (PRENDA_ID,TALLA_ID,STOCK) values (4,4,8);
Insert into USR_CLOTHES.PRENDA_TALLA (PRENDA_ID,TALLA_ID,STOCK) values (5,5,5);
Insert into USR_CLOTHES.PRENDA_TALLA (PRENDA_ID,TALLA_ID,STOCK) values (6,1,12);
Insert into USR_CLOTHES.PRENDA_TALLA (PRENDA_ID,TALLA_ID,STOCK) values (7,2,14);
Insert into USR_CLOTHES.PRENDA_TALLA (PRENDA_ID,TALLA_ID,STOCK) values (8,3,9);
Insert into USR_CLOTHES.PRENDA_TALLA (PRENDA_ID,TALLA_ID,STOCK) values (9,4,6);
Insert into USR_CLOTHES.PRENDA_TALLA (PRENDA_ID,TALLA_ID,STOCK) values (10,5,4);
REM INSERTING into USR_CLOTHES.PROVEEDOR
SET DEFINE OFF;
Insert into USR_CLOTHES.PROVEEDOR (PROVEEDOR_ID,NOMBRE_PROVEEDOR,TELEFONO,EMAIL,DIRECCION) values (21,'admin_test1',5561403187,'test!@mail.com','av simpre viva');
Insert into USR_CLOTHES.PROVEEDOR (PROVEEDOR_ID,NOMBRE_PROVEEDOR,TELEFONO,EMAIL,DIRECCION) values (61,'prueba3',5561403187,'prueba@gmail.com','calle siempre viva');
Insert into USR_CLOTHES.PROVEEDOR (PROVEEDOR_ID,NOMBRE_PROVEEDOR,TELEFONO,EMAIL,DIRECCION) values (1,'Textiles y Suministros Norte',5527845123,'contacto@tsnorte.com.mx','Av. Insurgentes Sur #1234, CDMX');
Insert into USR_CLOTHES.PROVEEDOR (PROVEEDOR_ID,NOMBRE_PROVEEDOR,TELEFONO,EMAIL,DIRECCION) values (2,'Suministros Industriales S.A.',5582345671,'ventas@suministrosind.com.mx','Calle Jurez #56, Guadalajara');
Insert into USR_CLOTHES.PROVEEDOR (PROVEEDOR_ID,NOMBRE_PROVEEDOR,TELEFONO,EMAIL,DIRECCION) values (3,'Manufacturas del Bajo',5539876542,'contacto@corpmanbajo.com.mx','Av. Chapultepec #234, Monterrey');
Insert into USR_CLOTHES.PROVEEDOR (PROVEEDOR_ID,NOMBRE_PROVEEDOR,TELEFONO,EMAIL,DIRECCION) values (4,'Manufacturas Globales',5594356728,'info@manuglobal.com.mx','Blvd. Benito Jurez #789, Puebla');
Insert into USR_CLOTHES.PROVEEDOR (PROVEEDOR_ID,NOMBRE_PROVEEDOR,TELEFONO,EMAIL,DIRECCION) values (5,'Industrias del Tejido',5515673450,'ventas@indeltejido.com.mx','Calle Morelos #12, Toluca');
Insert into USR_CLOTHES.PROVEEDOR (PROVEEDOR_ID,NOMBRE_PROVEEDOR,TELEFONO,EMAIL,DIRECCION) values (6,'Distribuciones Nacionales',5546732891,'contacto@distnacional.com.mx','Av. Reforma #345, CDMX');
Insert into USR_CLOTHES.PROVEEDOR (PROVEEDOR_ID,NOMBRE_PROVEEDOR,TELEFONO,EMAIL,DIRECCION) values (7,'Confecciones de Quertaro',5562345987,'ventas@confeccionesqro.com.mx','Calle Hidalgo #90, Quertaro');
Insert into USR_CLOTHES.PROVEEDOR (PROVEEDOR_ID,NOMBRE_PROVEEDOR,TELEFONO,EMAIL,DIRECCION) values (8,'Corporacin Textil Mexicana',5579812365,'info@corptextil.com.mx','Av. Universidad #567, Mrida');
Insert into USR_CLOTHES.PROVEEDOR (PROVEEDOR_ID,NOMBRE_PROVEEDOR,TELEFONO,EMAIL,DIRECCION) values (9,'Grupo de Manufactura Exclusiva',5534567892,'contacto@grupoexclusivo.com.mx','Calle Independencia #678, Len');
Insert into USR_CLOTHES.PROVEEDOR (PROVEEDOR_ID,NOMBRE_PROVEEDOR,TELEFONO,EMAIL,DIRECCION) values (10,'Premium Manufacturas S.A.',5591023456,'info@premiummanuf.com.mx','Av. Revolucin #1001, CDMX');
Insert into USR_CLOTHES.PROVEEDOR (PROVEEDOR_ID,NOMBRE_PROVEEDOR,TELEFONO,EMAIL,DIRECCION) values (11,'Textiles del Sur',5587456123,'ventas@textilessur.com.mx','Calle Libertad #43, Oaxaca');
Insert into USR_CLOTHES.PROVEEDOR (PROVEEDOR_ID,NOMBRE_PROVEEDOR,TELEFONO,EMAIL,DIRECCION) values (12,'Materiales de Alta Calidad',5549832745,'contacto@materialesac.com.mx','Av. Hidalgo #34, Morelia');
Insert into USR_CLOTHES.PROVEEDOR (PROVEEDOR_ID,NOMBRE_PROVEEDOR,TELEFONO,EMAIL,DIRECCION) values (14,'Industrias del Norte',5592347812,'ventas@indelnorte.com.mx','Av. Patria #432, Tijuana');
Insert into USR_CLOTHES.PROVEEDOR (PROVEEDOR_ID,NOMBRE_PROVEEDOR,TELEFONO,EMAIL,DIRECCION) values (16,'Proveedora de Insumos Puebla',5587123490,'info@proveedorapuebla.com.mx','Calle Reforma #290, Puebla');
Insert into USR_CLOTHES.PROVEEDOR (PROVEEDOR_ID,NOMBRE_PROVEEDOR,TELEFONO,EMAIL,DIRECCION) values (17,'Distribuidora Maya',5567123845,'ventas@dismaya.com.mx','Av. Paseo Montejo #345, Mrida');
Insert into USR_CLOTHES.PROVEEDOR (PROVEEDOR_ID,NOMBRE_PROVEEDOR,TELEFONO,EMAIL,DIRECCION) values (18,'Insumos y Textiles Veracruz',5534982734,'contacto@insumosver.com.mx','Calle Independencia #12, Veracruz');
Insert into USR_CLOTHES.PROVEEDOR (PROVEEDOR_ID,NOMBRE_PROVEEDOR,TELEFONO,EMAIL,DIRECCION) values (19,'Insumos industriales',5578123945,'info@corpinsumosind.com.mx','Av. Cuauhtmoc #56, CDMX');
Insert into USR_CLOTHES.PROVEEDOR (PROVEEDOR_ID,NOMBRE_PROVEEDOR,TELEFONO,EMAIL,DIRECCION) values (20,'Manufacturas cmdx',5541237890,'contacto@mancentro.com.mx','Calle 5 de Mayo #321, San Luis Potos');
Insert into USR_CLOTHES.PROVEEDOR (PROVEEDOR_ID,NOMBRE_PROVEEDOR,TELEFONO,EMAIL,DIRECCION) values (41,'prueba2',5561403187,'prov@mail.com','av siempre viva1');
REM INSERTING into USR_CLOTHES.TALLA
SET DEFINE OFF;
Insert into USR_CLOTHES.TALLA (TALLA_ID,NOMBRE_TALLA) values (7,'XXXL');
Insert into USR_CLOTHES.TALLA (TALLA_ID,NOMBRE_TALLA) values (1,'XS');
Insert into USR_CLOTHES.TALLA (TALLA_ID,NOMBRE_TALLA) values (2,'S');
Insert into USR_CLOTHES.TALLA (TALLA_ID,NOMBRE_TALLA) values (3,'M');
Insert into USR_CLOTHES.TALLA (TALLA_ID,NOMBRE_TALLA) values (4,'L');
Insert into USR_CLOTHES.TALLA (TALLA_ID,NOMBRE_TALLA) values (5,'XL');
Insert into USR_CLOTHES.TALLA (TALLA_ID,NOMBRE_TALLA) values (6,'XXL');
Insert into USR_CLOTHES.TALLA (TALLA_ID,NOMBRE_TALLA) values (27,'dl');
REM INSERTING into USR_CLOTHES.VENTA_PRENDA
SET DEFINE OFF;
Insert into USR_CLOTHES.VENTA_PRENDA (PRENDA_ID,DETALLE_VENTA_ID,CANTIDAD,PRECIO_UNITARIO,SUBTOTAL) values (1,101,2,150,300);
Insert into USR_CLOTHES.VENTA_PRENDA (PRENDA_ID,DETALLE_VENTA_ID,CANTIDAD,PRECIO_UNITARIO,SUBTOTAL) values (2,102,1,75,75);
Insert into USR_CLOTHES.VENTA_PRENDA (PRENDA_ID,DETALLE_VENTA_ID,CANTIDAD,PRECIO_UNITARIO,SUBTOTAL) values (3,103,3,150,450);
Insert into USR_CLOTHES.VENTA_PRENDA (PRENDA_ID,DETALLE_VENTA_ID,CANTIDAD,PRECIO_UNITARIO,SUBTOTAL) values (4,104,1,50,50);
Insert into USR_CLOTHES.VENTA_PRENDA (PRENDA_ID,DETALLE_VENTA_ID,CANTIDAD,PRECIO_UNITARIO,SUBTOTAL) values (5,105,2,150,300);
Insert into USR_CLOTHES.VENTA_PRENDA (PRENDA_ID,DETALLE_VENTA_ID,CANTIDAD,PRECIO_UNITARIO,SUBTOTAL) values (6,106,1,50,50);
Insert into USR_CLOTHES.VENTA_PRENDA (PRENDA_ID,DETALLE_VENTA_ID,CANTIDAD,PRECIO_UNITARIO,SUBTOTAL) values (7,107,1,70,70);
Insert into USR_CLOTHES.VENTA_PRENDA (PRENDA_ID,DETALLE_VENTA_ID,CANTIDAD,PRECIO_UNITARIO,SUBTOTAL) values (8,108,2,80,160);
Insert into USR_CLOTHES.VENTA_PRENDA (PRENDA_ID,DETALLE_VENTA_ID,CANTIDAD,PRECIO_UNITARIO,SUBTOTAL) values (9,109,1,120,120);
Insert into USR_CLOTHES.VENTA_PRENDA (PRENDA_ID,DETALLE_VENTA_ID,CANTIDAD,PRECIO_UNITARIO,SUBTOTAL) values (10,110,4,50,200);
Insert into USR_CLOTHES.VENTA_PRENDA (PRENDA_ID,DETALLE_VENTA_ID,CANTIDAD,PRECIO_UNITARIO,SUBTOTAL) values (11,111,3,120,360);
Insert into USR_CLOTHES.VENTA_PRENDA (PRENDA_ID,DETALLE_VENTA_ID,CANTIDAD,PRECIO_UNITARIO,SUBTOTAL) values (12,112,2,60,120);
Insert into USR_CLOTHES.VENTA_PRENDA (PRENDA_ID,DETALLE_VENTA_ID,CANTIDAD,PRECIO_UNITARIO,SUBTOTAL) values (13,113,1,40,40);
Insert into USR_CLOTHES.VENTA_PRENDA (PRENDA_ID,DETALLE_VENTA_ID,CANTIDAD,PRECIO_UNITARIO,SUBTOTAL) values (14,114,5,35,175);
Insert into USR_CLOTHES.VENTA_PRENDA (PRENDA_ID,DETALLE_VENTA_ID,CANTIDAD,PRECIO_UNITARIO,SUBTOTAL) values (15,115,1,20,20);
Insert into USR_CLOTHES.VENTA_PRENDA (PRENDA_ID,DETALLE_VENTA_ID,CANTIDAD,PRECIO_UNITARIO,SUBTOTAL) values (16,116,3,600,1800);
Insert into USR_CLOTHES.VENTA_PRENDA (PRENDA_ID,DETALLE_VENTA_ID,CANTIDAD,PRECIO_UNITARIO,SUBTOTAL) values (17,117,2,30,60);
Insert into USR_CLOTHES.VENTA_PRENDA (PRENDA_ID,DETALLE_VENTA_ID,CANTIDAD,PRECIO_UNITARIO,SUBTOTAL) values (18,118,1,80,80);
Insert into USR_CLOTHES.VENTA_PRENDA (PRENDA_ID,DETALLE_VENTA_ID,CANTIDAD,PRECIO_UNITARIO,SUBTOTAL) values (19,119,4,200,800);
--------------------------------------------------------
--  DDL for Index SYS_C009067
--------------------------------------------------------

  CREATE UNIQUE INDEX "USR_CLOTHES"."SYS_C009067" ON "USR_CLOTHES"."AUTH_GROUP" ("ID") 
  PCTFREE 10 INITRANS 2 MAXTRANS 255 
  TABLESPACE "TBS_CLOTHES" ;
--------------------------------------------------------
--  DDL for Index SYS_C009068
--------------------------------------------------------

  CREATE UNIQUE INDEX "USR_CLOTHES"."SYS_C009068" ON "USR_CLOTHES"."AUTH_GROUP" ("NAME") 
  PCTFREE 10 INITRANS 2 MAXTRANS 255 
  TABLESPACE "TBS_CLOTHES" ;
--------------------------------------------------------
--  DDL for Index SYS_C009072
--------------------------------------------------------

  CREATE UNIQUE INDEX "USR_CLOTHES"."SYS_C009072" ON "USR_CLOTHES"."AUTH_GROUP_PERMISSIONS" ("ID") 
  PCTFREE 10 INITRANS 2 MAXTRANS 255 
  TABLESPACE "TBS_CLOTHES" ;
--------------------------------------------------------
--  DDL for Index AUTH_GROU_GROUP_ID__0CD325B0_U
--------------------------------------------------------

  CREATE UNIQUE INDEX "USR_CLOTHES"."AUTH_GROU_GROUP_ID__0CD325B0_U" ON "USR_CLOTHES"."AUTH_GROUP_PERMISSIONS" ("GROUP_ID", "PERMISSION_ID") 
  PCTFREE 10 INITRANS 2 MAXTRANS 255 COMPUTE STATISTICS 
  TABLESPACE "TBS_CLOTHES" ;
--------------------------------------------------------
--  DDL for Index AUTH_GROUP_GROUP_ID_B120CBF9
--------------------------------------------------------

  CREATE INDEX "USR_CLOTHES"."AUTH_GROUP_GROUP_ID_B120CBF9" ON "USR_CLOTHES"."AUTH_GROUP_PERMISSIONS" ("GROUP_ID") 
  PCTFREE 10 INITRANS 2 MAXTRANS 255 COMPUTE STATISTICS 
  TABLESPACE "TBS_CLOTHES" ;
--------------------------------------------------------
--  DDL for Index AUTH_GROUP_PERMISSION_84C5C92E
--------------------------------------------------------

  CREATE INDEX "USR_CLOTHES"."AUTH_GROUP_PERMISSION_84C5C92E" ON "USR_CLOTHES"."AUTH_GROUP_PERMISSIONS" ("PERMISSION_ID") 
  PCTFREE 10 INITRANS 2 MAXTRANS 255 COMPUTE STATISTICS 
  TABLESPACE "TBS_CLOTHES" ;
--------------------------------------------------------
--  DDL for Index SYS_C009065
--------------------------------------------------------

  CREATE UNIQUE INDEX "USR_CLOTHES"."SYS_C009065" ON "USR_CLOTHES"."AUTH_PERMISSION" ("ID") 
  PCTFREE 10 INITRANS 2 MAXTRANS 255 COMPUTE STATISTICS 
  STORAGE(INITIAL 65536 NEXT 1048576 MINEXTENTS 1 MAXEXTENTS 2147483645
  PCTINCREASE 0 FREELISTS 1 FREELIST GROUPS 1
  BUFFER_POOL DEFAULT FLASH_CACHE DEFAULT CELL_FLASH_CACHE DEFAULT)
  TABLESPACE "TBS_CLOTHES" ;
--------------------------------------------------------
--  DDL for Index AUTH_PERM_CONTENT_T_01AB375A_U
--------------------------------------------------------

  CREATE UNIQUE INDEX "USR_CLOTHES"."AUTH_PERM_CONTENT_T_01AB375A_U" ON "USR_CLOTHES"."AUTH_PERMISSION" ("CONTENT_TYPE_ID", "CODENAME") 
  PCTFREE 10 INITRANS 2 MAXTRANS 255 COMPUTE STATISTICS 
  STORAGE(INITIAL 65536 NEXT 1048576 MINEXTENTS 1 MAXEXTENTS 2147483645
  PCTINCREASE 0 FREELISTS 1 FREELIST GROUPS 1
  BUFFER_POOL DEFAULT FLASH_CACHE DEFAULT CELL_FLASH_CACHE DEFAULT)
  TABLESPACE "TBS_CLOTHES" ;
--------------------------------------------------------
--  DDL for Index AUTH_PERMI_CONTENT_TY_2F476E4B
--------------------------------------------------------

  CREATE INDEX "USR_CLOTHES"."AUTH_PERMI_CONTENT_TY_2F476E4B" ON "USR_CLOTHES"."AUTH_PERMISSION" ("CONTENT_TYPE_ID") 
  PCTFREE 10 INITRANS 2 MAXTRANS 255 COMPUTE STATISTICS 
  STORAGE(INITIAL 65536 NEXT 1048576 MINEXTENTS 1 MAXEXTENTS 2147483645
  PCTINCREASE 0 FREELISTS 1 FREELIST GROUPS 1
  BUFFER_POOL DEFAULT FLASH_CACHE DEFAULT CELL_FLASH_CACHE DEFAULT)
  TABLESPACE "TBS_CLOTHES" ;
--------------------------------------------------------
--  DDL for Index SYS_C009082
--------------------------------------------------------

  CREATE UNIQUE INDEX "USR_CLOTHES"."SYS_C009082" ON "USR_CLOTHES"."AUTH_USER" ("ID") 
  PCTFREE 10 INITRANS 2 MAXTRANS 255 COMPUTE STATISTICS 
  STORAGE(INITIAL 65536 NEXT 1048576 MINEXTENTS 1 MAXEXTENTS 2147483645
  PCTINCREASE 0 FREELISTS 1 FREELIST GROUPS 1
  BUFFER_POOL DEFAULT FLASH_CACHE DEFAULT CELL_FLASH_CACHE DEFAULT)
  TABLESPACE "TBS_CLOTHES" ;
--------------------------------------------------------
--  DDL for Index SYS_C009083
--------------------------------------------------------

  CREATE UNIQUE INDEX "USR_CLOTHES"."SYS_C009083" ON "USR_CLOTHES"."AUTH_USER" ("USERNAME") 
  PCTFREE 10 INITRANS 2 MAXTRANS 255 COMPUTE STATISTICS 
  STORAGE(INITIAL 65536 NEXT 1048576 MINEXTENTS 1 MAXEXTENTS 2147483645
  PCTINCREASE 0 FREELISTS 1 FREELIST GROUPS 1
  BUFFER_POOL DEFAULT FLASH_CACHE DEFAULT CELL_FLASH_CACHE DEFAULT)
  TABLESPACE "TBS_CLOTHES" ;
--------------------------------------------------------
--  DDL for Index SYS_C009087
--------------------------------------------------------

  CREATE UNIQUE INDEX "USR_CLOTHES"."SYS_C009087" ON "USR_CLOTHES"."AUTH_USER_GROUPS" ("ID") 
  PCTFREE 10 INITRANS 2 MAXTRANS 255 
  TABLESPACE "TBS_CLOTHES" ;
--------------------------------------------------------
--  DDL for Index AUTH_USER_USER_ID_G_94350C0C_U
--------------------------------------------------------

  CREATE UNIQUE INDEX "USR_CLOTHES"."AUTH_USER_USER_ID_G_94350C0C_U" ON "USR_CLOTHES"."AUTH_USER_GROUPS" ("USER_ID", "GROUP_ID") 
  PCTFREE 10 INITRANS 2 MAXTRANS 255 COMPUTE STATISTICS 
  TABLESPACE "TBS_CLOTHES" ;
--------------------------------------------------------
--  DDL for Index AUTH_USER__USER_ID_6A12ED8B
--------------------------------------------------------

  CREATE INDEX "USR_CLOTHES"."AUTH_USER__USER_ID_6A12ED8B" ON "USR_CLOTHES"."AUTH_USER_GROUPS" ("USER_ID") 
  PCTFREE 10 INITRANS 2 MAXTRANS 255 COMPUTE STATISTICS 
  TABLESPACE "TBS_CLOTHES" ;
--------------------------------------------------------
--  DDL for Index AUTH_USER__GROUP_ID_97559544
--------------------------------------------------------

  CREATE INDEX "USR_CLOTHES"."AUTH_USER__GROUP_ID_97559544" ON "USR_CLOTHES"."AUTH_USER_GROUPS" ("GROUP_ID") 
  PCTFREE 10 INITRANS 2 MAXTRANS 255 COMPUTE STATISTICS 
  TABLESPACE "TBS_CLOTHES" ;
--------------------------------------------------------
--  DDL for Index SYS_C009091
--------------------------------------------------------

  CREATE UNIQUE INDEX "USR_CLOTHES"."SYS_C009091" ON "USR_CLOTHES"."AUTH_USER_USER_PERMISSIONS" ("ID") 
  PCTFREE 10 INITRANS 2 MAXTRANS 255 
  TABLESPACE "TBS_CLOTHES" ;
--------------------------------------------------------
--  DDL for Index AUTH_USER_USER_ID_P_14A6B632_U
--------------------------------------------------------

  CREATE UNIQUE INDEX "USR_CLOTHES"."AUTH_USER_USER_ID_P_14A6B632_U" ON "USR_CLOTHES"."AUTH_USER_USER_PERMISSIONS" ("USER_ID", "PERMISSION_ID") 
  PCTFREE 10 INITRANS 2 MAXTRANS 255 COMPUTE STATISTICS 
  TABLESPACE "TBS_CLOTHES" ;
--------------------------------------------------------
--  DDL for Index AUTH_USER__USER_ID_A95EAD1B
--------------------------------------------------------

  CREATE INDEX "USR_CLOTHES"."AUTH_USER__USER_ID_A95EAD1B" ON "USR_CLOTHES"."AUTH_USER_USER_PERMISSIONS" ("USER_ID") 
  PCTFREE 10 INITRANS 2 MAXTRANS 255 COMPUTE STATISTICS 
  TABLESPACE "TBS_CLOTHES" ;
--------------------------------------------------------
--  DDL for Index AUTH_USER__PERMISSION_1FBB5F2C
--------------------------------------------------------

  CREATE INDEX "USR_CLOTHES"."AUTH_USER__PERMISSION_1FBB5F2C" ON "USR_CLOTHES"."AUTH_USER_USER_PERMISSIONS" ("PERMISSION_ID") 
  PCTFREE 10 INITRANS 2 MAXTRANS 255 COMPUTE STATISTICS 
  TABLESPACE "TBS_CLOTHES" ;
--------------------------------------------------------
--  DDL for Index PK_CATEGORIA
--------------------------------------------------------

  CREATE UNIQUE INDEX "USR_CLOTHES"."PK_CATEGORIA" ON "USR_CLOTHES"."CATEGORIA" ("CATEGORIA_ID") 
  PCTFREE 10 INITRANS 2 MAXTRANS 255 COMPUTE STATISTICS 
  STORAGE(INITIAL 65536 NEXT 1048576 MINEXTENTS 1 MAXEXTENTS 2147483645
  PCTINCREASE 0 FREELISTS 1 FREELIST GROUPS 1
  BUFFER_POOL DEFAULT FLASH_CACHE DEFAULT CELL_FLASH_CACHE DEFAULT)
  TABLESPACE "TBS_CLOTHES" ;
--------------------------------------------------------
--  DDL for Index PK_CATEGORIA_DEPARTAMENTO
--------------------------------------------------------

  CREATE UNIQUE INDEX "USR_CLOTHES"."PK_CATEGORIA_DEPARTAMENTO" ON "USR_CLOTHES"."CATEGORIA_DEPARTAMENTO" ("ID_CATEGORIA", "DEPARTAMENTO_ID") 
  PCTFREE 10 INITRANS 2 MAXTRANS 255 COMPUTE STATISTICS 
  STORAGE(INITIAL 65536 NEXT 1048576 MINEXTENTS 1 MAXEXTENTS 2147483645
  PCTINCREASE 0 FREELISTS 1 FREELIST GROUPS 1
  BUFFER_POOL DEFAULT FLASH_CACHE DEFAULT CELL_FLASH_CACHE DEFAULT)
  TABLESPACE "TBS_CLOTHES" ;
--------------------------------------------------------
--  DDL for Index PK_DEPARTAMENTO
--------------------------------------------------------

  CREATE UNIQUE INDEX "USR_CLOTHES"."PK_DEPARTAMENTO" ON "USR_CLOTHES"."DEPARTAMENTO" ("DEPARTAMENTO_ID") 
  PCTFREE 10 INITRANS 2 MAXTRANS 255 COMPUTE STATISTICS 
  STORAGE(INITIAL 65536 NEXT 1048576 MINEXTENTS 1 MAXEXTENTS 2147483645
  PCTINCREASE 0 FREELISTS 1 FREELIST GROUPS 1
  BUFFER_POOL DEFAULT FLASH_CACHE DEFAULT CELL_FLASH_CACHE DEFAULT)
  TABLESPACE "TBS_CLOTHES" ;
--------------------------------------------------------
--  DDL for Index PK_DEVOLUCION
--------------------------------------------------------

  CREATE UNIQUE INDEX "USR_CLOTHES"."PK_DEVOLUCION" ON "USR_CLOTHES"."DETALLE_DEVOLUCION" ("DETALLE_DEVOLUCION_ID") 
  PCTFREE 10 INITRANS 2 MAXTRANS 255 COMPUTE STATISTICS 
  STORAGE(INITIAL 65536 NEXT 1048576 MINEXTENTS 1 MAXEXTENTS 2147483645
  PCTINCREASE 0 FREELISTS 1 FREELIST GROUPS 1
  BUFFER_POOL DEFAULT FLASH_CACHE DEFAULT CELL_FLASH_CACHE DEFAULT)
  TABLESPACE "TBS_CLOTHES" ;
--------------------------------------------------------
--  DDL for Index PK_DETALLE_VENTA
--------------------------------------------------------

  CREATE UNIQUE INDEX "USR_CLOTHES"."PK_DETALLE_VENTA" ON "USR_CLOTHES"."DETALLE_VENTA" ("DETALLE_VENTA_ID") 
  PCTFREE 10 INITRANS 2 MAXTRANS 255 COMPUTE STATISTICS 
  STORAGE(INITIAL 65536 NEXT 1048576 MINEXTENTS 1 MAXEXTENTS 2147483645
  PCTINCREASE 0 FREELISTS 1 FREELIST GROUPS 1
  BUFFER_POOL DEFAULT FLASH_CACHE DEFAULT CELL_FLASH_CACHE DEFAULT)
  TABLESPACE "TBS_CLOTHES" ;
--------------------------------------------------------
--  DDL for Index DJANGO_ADM_CONTENT_TY_C4BCE8EB
--------------------------------------------------------

  CREATE INDEX "USR_CLOTHES"."DJANGO_ADM_CONTENT_TY_C4BCE8EB" ON "USR_CLOTHES"."DJANGO_ADMIN_LOG" ("CONTENT_TYPE_ID") 
  PCTFREE 10 INITRANS 2 MAXTRANS 255 COMPUTE STATISTICS 
  STORAGE(INITIAL 65536 NEXT 1048576 MINEXTENTS 1 MAXEXTENTS 2147483645
  PCTINCREASE 0 FREELISTS 1 FREELIST GROUPS 1
  BUFFER_POOL DEFAULT FLASH_CACHE DEFAULT CELL_FLASH_CACHE DEFAULT)
  TABLESPACE "TBS_CLOTHES" ;
--------------------------------------------------------
--  DDL for Index DJANGO_ADM_USER_ID_C564EBA6
--------------------------------------------------------

  CREATE INDEX "USR_CLOTHES"."DJANGO_ADM_USER_ID_C564EBA6" ON "USR_CLOTHES"."DJANGO_ADMIN_LOG" ("USER_ID") 
  PCTFREE 10 INITRANS 2 MAXTRANS 255 COMPUTE STATISTICS 
  STORAGE(INITIAL 65536 NEXT 1048576 MINEXTENTS 1 MAXEXTENTS 2147483645
  PCTINCREASE 0 FREELISTS 1 FREELIST GROUPS 1
  BUFFER_POOL DEFAULT FLASH_CACHE DEFAULT CELL_FLASH_CACHE DEFAULT)
  TABLESPACE "TBS_CLOTHES" ;
--------------------------------------------------------
--  DDL for Index SYS_C009108
--------------------------------------------------------

  CREATE UNIQUE INDEX "USR_CLOTHES"."SYS_C009108" ON "USR_CLOTHES"."DJANGO_ADMIN_LOG" ("ID") 
  PCTFREE 10 INITRANS 2 MAXTRANS 255 COMPUTE STATISTICS 
  STORAGE(INITIAL 65536 NEXT 1048576 MINEXTENTS 1 MAXEXTENTS 2147483645
  PCTINCREASE 0 FREELISTS 1 FREELIST GROUPS 1
  BUFFER_POOL DEFAULT FLASH_CACHE DEFAULT CELL_FLASH_CACHE DEFAULT)
  TABLESPACE "TBS_CLOTHES" ;
--------------------------------------------------------
--  DDL for Index SYS_C009061
--------------------------------------------------------

  CREATE UNIQUE INDEX "USR_CLOTHES"."SYS_C009061" ON "USR_CLOTHES"."DJANGO_CONTENT_TYPE" ("ID") 
  PCTFREE 10 INITRANS 2 MAXTRANS 255 COMPUTE STATISTICS 
  STORAGE(INITIAL 65536 NEXT 1048576 MINEXTENTS 1 MAXEXTENTS 2147483645
  PCTINCREASE 0 FREELISTS 1 FREELIST GROUPS 1
  BUFFER_POOL DEFAULT FLASH_CACHE DEFAULT CELL_FLASH_CACHE DEFAULT)
  TABLESPACE "TBS_CLOTHES" ;
--------------------------------------------------------
--  DDL for Index DJANGO_CO_APP_LABEL_76BD3D3B_U
--------------------------------------------------------

  CREATE UNIQUE INDEX "USR_CLOTHES"."DJANGO_CO_APP_LABEL_76BD3D3B_U" ON "USR_CLOTHES"."DJANGO_CONTENT_TYPE" ("APP_LABEL", "MODEL") 
  PCTFREE 10 INITRANS 2 MAXTRANS 255 COMPUTE STATISTICS 
  STORAGE(INITIAL 65536 NEXT 1048576 MINEXTENTS 1 MAXEXTENTS 2147483645
  PCTINCREASE 0 FREELISTS 1 FREELIST GROUPS 1
  BUFFER_POOL DEFAULT FLASH_CACHE DEFAULT CELL_FLASH_CACHE DEFAULT)
  TABLESPACE "TBS_CLOTHES" ;
--------------------------------------------------------
--  DDL for Index SYS_C009059
--------------------------------------------------------

  CREATE UNIQUE INDEX "USR_CLOTHES"."SYS_C009059" ON "USR_CLOTHES"."DJANGO_MIGRATIONS" ("ID") 
  PCTFREE 10 INITRANS 2 MAXTRANS 255 COMPUTE STATISTICS 
  STORAGE(INITIAL 65536 NEXT 1048576 MINEXTENTS 1 MAXEXTENTS 2147483645
  PCTINCREASE 0 FREELISTS 1 FREELIST GROUPS 1
  BUFFER_POOL DEFAULT FLASH_CACHE DEFAULT CELL_FLASH_CACHE DEFAULT)
  TABLESPACE "TBS_CLOTHES" ;
--------------------------------------------------------
--  DDL for Index SYS_C009113
--------------------------------------------------------

  CREATE UNIQUE INDEX "USR_CLOTHES"."SYS_C009113" ON "USR_CLOTHES"."DJANGO_SESSION" ("SESSION_KEY") 
  PCTFREE 10 INITRANS 2 MAXTRANS 255 COMPUTE STATISTICS 
  STORAGE(INITIAL 65536 NEXT 1048576 MINEXTENTS 1 MAXEXTENTS 2147483645
  PCTINCREASE 0 FREELISTS 1 FREELIST GROUPS 1
  BUFFER_POOL DEFAULT FLASH_CACHE DEFAULT CELL_FLASH_CACHE DEFAULT)
  TABLESPACE "TBS_CLOTHES" ;
--------------------------------------------------------
--  DDL for Index DJANGO_SES_EXPIRE_DAT_A5C62663
--------------------------------------------------------

  CREATE INDEX "USR_CLOTHES"."DJANGO_SES_EXPIRE_DAT_A5C62663" ON "USR_CLOTHES"."DJANGO_SESSION" ("EXPIRE_DATE") 
  PCTFREE 10 INITRANS 2 MAXTRANS 255 COMPUTE STATISTICS 
  STORAGE(INITIAL 65536 NEXT 1048576 MINEXTENTS 1 MAXEXTENTS 2147483645
  PCTINCREASE 0 FREELISTS 1 FREELIST GROUPS 1
  BUFFER_POOL DEFAULT FLASH_CACHE DEFAULT CELL_FLASH_CACHE DEFAULT)
  TABLESPACE "TBS_CLOTHES" ;
--------------------------------------------------------
--  DDL for Index PK_EMPLEADO
--------------------------------------------------------

  CREATE UNIQUE INDEX "USR_CLOTHES"."PK_EMPLEADO" ON "USR_CLOTHES"."EMPLEADO" ("EMPLEADO_ID") 
  PCTFREE 10 INITRANS 2 MAXTRANS 255 COMPUTE STATISTICS 
  STORAGE(INITIAL 65536 NEXT 1048576 MINEXTENTS 1 MAXEXTENTS 2147483645
  PCTINCREASE 0 FREELISTS 1 FREELIST GROUPS 1
  BUFFER_POOL DEFAULT FLASH_CACHE DEFAULT CELL_FLASH_CACHE DEFAULT)
  TABLESPACE "TBS_CLOTHES" ;
--------------------------------------------------------
--  DDL for Index PK_MARCA
--------------------------------------------------------

  CREATE UNIQUE INDEX "USR_CLOTHES"."PK_MARCA" ON "USR_CLOTHES"."MARCA" ("MARCA_ID") 
  PCTFREE 10 INITRANS 2 MAXTRANS 255 COMPUTE STATISTICS 
  STORAGE(INITIAL 65536 NEXT 1048576 MINEXTENTS 1 MAXEXTENTS 2147483645
  PCTINCREASE 0 FREELISTS 1 FREELIST GROUPS 1
  BUFFER_POOL DEFAULT FLASH_CACHE DEFAULT CELL_FLASH_CACHE DEFAULT)
  TABLESPACE "TBS_CLOTHES" ;
--------------------------------------------------------
--  DDL for Index PK_MATERIAL
--------------------------------------------------------

  CREATE UNIQUE INDEX "USR_CLOTHES"."PK_MATERIAL" ON "USR_CLOTHES"."MATERIAL" ("MATERIAL_ID") 
  PCTFREE 10 INITRANS 2 MAXTRANS 255 COMPUTE STATISTICS 
  STORAGE(INITIAL 65536 NEXT 1048576 MINEXTENTS 1 MAXEXTENTS 2147483645
  PCTINCREASE 0 FREELISTS 1 FREELIST GROUPS 1
  BUFFER_POOL DEFAULT FLASH_CACHE DEFAULT CELL_FLASH_CACHE DEFAULT)
  TABLESPACE "TBS_CLOTHES" ;
--------------------------------------------------------
--  DDL for Index MD_ADDITIONAL_PROPERTIES_PK
--------------------------------------------------------

  CREATE UNIQUE INDEX "USR_CLOTHES"."MD_ADDITIONAL_PROPERTIES_PK" ON "USR_CLOTHES"."MD_ADDITIONAL_PROPERTIES" ("ID") 
  PCTFREE 10 INITRANS 2 MAXTRANS 255 COMPUTE STATISTICS 
  TABLESPACE "TBS_CLOTHES" ;
--------------------------------------------------------
--  DDL for Index MD_APP_FILE_TYPE_IDX
--------------------------------------------------------

  CREATE INDEX "USR_CLOTHES"."MD_APP_FILE_TYPE_IDX" ON "USR_CLOTHES"."MD_APPLICATIONFILES" ("TYPE", "ID") 
  PCTFREE 10 INITRANS 2 MAXTRANS 255 COMPUTE STATISTICS 
  TABLESPACE "TBS_CLOTHES" ;
--------------------------------------------------------
--  DDL for Index MD_STATE_TYPE__ID
--------------------------------------------------------

  CREATE INDEX "USR_CLOTHES"."MD_STATE_TYPE__ID" ON "USR_CLOTHES"."MD_APPLICATIONFILES" ("STATE", "TYPE", "ID") 
  PCTFREE 10 INITRANS 2 MAXTRANS 255 COMPUTE STATISTICS 
  TABLESPACE "TBS_CLOTHES" ;
--------------------------------------------------------
--  DDL for Index MD_APPLICATIONFILES_PK
--------------------------------------------------------

  CREATE UNIQUE INDEX "USR_CLOTHES"."MD_APPLICATIONFILES_PK" ON "USR_CLOTHES"."MD_APPLICATIONFILES" ("ID") 
  PCTFREE 10 INITRANS 2 MAXTRANS 255 COMPUTE STATISTICS 
  TABLESPACE "TBS_CLOTHES" ;
--------------------------------------------------------
--  DDL for Index MD_APPLICATIONS_PK
--------------------------------------------------------

  CREATE UNIQUE INDEX "USR_CLOTHES"."MD_APPLICATIONS_PK" ON "USR_CLOTHES"."MD_APPLICATIONS" ("ID") 
  PCTFREE 10 INITRANS 2 MAXTRANS 255 COMPUTE STATISTICS 
  TABLESPACE "TBS_CLOTHES" ;
--------------------------------------------------------
--  DDL for Index MD_CATALOGS_PK
--------------------------------------------------------

  CREATE UNIQUE INDEX "USR_CLOTHES"."MD_CATALOGS_PK" ON "USR_CLOTHES"."MD_CATALOGS" ("ID") 
  PCTFREE 10 INITRANS 2 MAXTRANS 255 COMPUTE STATISTICS 
  TABLESPACE "TBS_CLOTHES" ;
--------------------------------------------------------
--  DDL for Index MD_COLUMNS_PK
--------------------------------------------------------

  CREATE UNIQUE INDEX "USR_CLOTHES"."MD_COLUMNS_PK" ON "USR_CLOTHES"."MD_COLUMNS" ("ID") 
  PCTFREE 10 INITRANS 2 MAXTRANS 255 COMPUTE STATISTICS 
  TABLESPACE "TBS_CLOTHES" ;
--------------------------------------------------------
--  DDL for Index MD_CONNECTIONS_PK
--------------------------------------------------------

  CREATE UNIQUE INDEX "USR_CLOTHES"."MD_CONNECTIONS_PK" ON "USR_CLOTHES"."MD_CONNECTIONS" ("ID") 
  PCTFREE 10 INITRANS 2 MAXTRANS 255 COMPUTE STATISTICS 
  TABLESPACE "TBS_CLOTHES" ;
--------------------------------------------------------
--  DDL for Index MD_CONSTRAINTS_PK
--------------------------------------------------------

  CREATE UNIQUE INDEX "USR_CLOTHES"."MD_CONSTRAINTS_PK" ON "USR_CLOTHES"."MD_CONSTRAINTS" ("ID") 
  PCTFREE 10 INITRANS 2 MAXTRANS 255 COMPUTE STATISTICS 
  TABLESPACE "TBS_CLOTHES" ;
--------------------------------------------------------
--  DDL for Index MD_CONSTRAINT_DETAILS_PK
--------------------------------------------------------

  CREATE UNIQUE INDEX "USR_CLOTHES"."MD_CONSTRAINT_DETAILS_PK" ON "USR_CLOTHES"."MD_CONSTRAINT_DETAILS" ("ID") 
  PCTFREE 10 INITRANS 2 MAXTRANS 255 COMPUTE STATISTICS 
  TABLESPACE "TBS_CLOTHES" ;
--------------------------------------------------------
--  DDL for Index MIGRDREIVATIVES_PK
--------------------------------------------------------

  CREATE UNIQUE INDEX "USR_CLOTHES"."MIGRDREIVATIVES_PK" ON "USR_CLOTHES"."MD_DERIVATIVES" ("ID") 
  PCTFREE 10 INITRANS 2 MAXTRANS 255 COMPUTE STATISTICS 
  TABLESPACE "TBS_CLOTHES" ;
--------------------------------------------------------
--  DDL for Index MD_FILE_ARTIFACTS_PK
--------------------------------------------------------

  CREATE UNIQUE INDEX "USR_CLOTHES"."MD_FILE_ARTIFACTS_PK" ON "USR_CLOTHES"."MD_FILE_ARTIFACTS" ("ID") 
  PCTFREE 10 INITRANS 2 MAXTRANS 255 COMPUTE STATISTICS 
  TABLESPACE "TBS_CLOTHES" ;
--------------------------------------------------------
--  DDL for Index MD_GROUPS_PK
--------------------------------------------------------

  CREATE UNIQUE INDEX "USR_CLOTHES"."MD_GROUPS_PK" ON "USR_CLOTHES"."MD_GROUPS" ("ID") 
  PCTFREE 10 INITRANS 2 MAXTRANS 255 COMPUTE STATISTICS 
  TABLESPACE "TBS_CLOTHES" ;
--------------------------------------------------------
--  DDL for Index MD_GROUP_MEMBERS_PK
--------------------------------------------------------

  CREATE UNIQUE INDEX "USR_CLOTHES"."MD_GROUP_MEMBERS_PK" ON "USR_CLOTHES"."MD_GROUP_MEMBERS" ("ID") 
  PCTFREE 10 INITRANS 2 MAXTRANS 255 COMPUTE STATISTICS 
  TABLESPACE "TBS_CLOTHES" ;
--------------------------------------------------------
--  DDL for Index MD_GROUP_PRIVILEGES_PK
--------------------------------------------------------

  CREATE UNIQUE INDEX "USR_CLOTHES"."MD_GROUP_PRIVILEGES_PK" ON "USR_CLOTHES"."MD_GROUP_PRIVILEGES" ("ID") 
  PCTFREE 10 INITRANS 2 MAXTRANS 255 COMPUTE STATISTICS 
  TABLESPACE "TBS_CLOTHES" ;
--------------------------------------------------------
--  DDL for Index MD_INDEXES_PK
--------------------------------------------------------

  CREATE UNIQUE INDEX "USR_CLOTHES"."MD_INDEXES_PK" ON "USR_CLOTHES"."MD_INDEXES" ("ID") 
  PCTFREE 10 INITRANS 2 MAXTRANS 255 COMPUTE STATISTICS 
  TABLESPACE "TBS_CLOTHES" ;
--------------------------------------------------------
--  DDL for Index MD_INDEX_DETAILS_PK
--------------------------------------------------------

  CREATE UNIQUE INDEX "USR_CLOTHES"."MD_INDEX_DETAILS_PK" ON "USR_CLOTHES"."MD_INDEX_DETAILS" ("ID") 
  PCTFREE 10 INITRANS 2 MAXTRANS 255 COMPUTE STATISTICS 
  TABLESPACE "TBS_CLOTHES" ;
--------------------------------------------------------
--  DDL for Index MIGR_DEPENDENCY_PK
--------------------------------------------------------

  CREATE UNIQUE INDEX "USR_CLOTHES"."MIGR_DEPENDENCY_PK" ON "USR_CLOTHES"."MD_MIGR_DEPENDENCY" ("ID") 
  PCTFREE 10 INITRANS 2 MAXTRANS 255 COMPUTE STATISTICS 
  TABLESPACE "TBS_CLOTHES" ;
--------------------------------------------------------
--  DDL for Index MIGR_PARAMETER_PK
--------------------------------------------------------

  CREATE UNIQUE INDEX "USR_CLOTHES"."MIGR_PARAMETER_PK" ON "USR_CLOTHES"."MD_MIGR_PARAMETER" ("ID") 
  PCTFREE 10 INITRANS 2 MAXTRANS 255 COMPUTE STATISTICS 
  TABLESPACE "TBS_CLOTHES" ;
--------------------------------------------------------
--  DDL for Index MIGR_WEAKDEP_PK
--------------------------------------------------------

  CREATE UNIQUE INDEX "USR_CLOTHES"."MIGR_WEAKDEP_PK" ON "USR_CLOTHES"."MD_MIGR_WEAKDEP" ("ID") 
  PCTFREE 10 INITRANS 2 MAXTRANS 255 COMPUTE STATISTICS 
  TABLESPACE "TBS_CLOTHES" ;
--------------------------------------------------------
--  DDL for Index MD_OTHER_OBJECTS_PK
--------------------------------------------------------

  CREATE UNIQUE INDEX "USR_CLOTHES"."MD_OTHER_OBJECTS_PK" ON "USR_CLOTHES"."MD_OTHER_OBJECTS" ("ID") 
  PCTFREE 10 INITRANS 2 MAXTRANS 255 COMPUTE STATISTICS 
  TABLESPACE "TBS_CLOTHES" ;
--------------------------------------------------------
--  DDL for Index MD_PACKAGES_PK
--------------------------------------------------------

  CREATE UNIQUE INDEX "USR_CLOTHES"."MD_PACKAGES_PK" ON "USR_CLOTHES"."MD_PACKAGES" ("ID") 
  PCTFREE 10 INITRANS 2 MAXTRANS 255 COMPUTE STATISTICS 
  TABLESPACE "TBS_CLOTHES" ;
--------------------------------------------------------
--  DDL for Index MD_PARTITIONS_PK
--------------------------------------------------------

  CREATE UNIQUE INDEX "USR_CLOTHES"."MD_PARTITIONS_PK" ON "USR_CLOTHES"."MD_PARTITIONS" ("ID") 
  PCTFREE 10 INITRANS 2 MAXTRANS 255 COMPUTE STATISTICS 
  TABLESPACE "TBS_CLOTHES" ;
--------------------------------------------------------
--  DDL for Index MD_PRIVILEGES_PK
--------------------------------------------------------

  CREATE UNIQUE INDEX "USR_CLOTHES"."MD_PRIVILEGES_PK" ON "USR_CLOTHES"."MD_PRIVILEGES" ("ID") 
  PCTFREE 10 INITRANS 2 MAXTRANS 255 COMPUTE STATISTICS 
  TABLESPACE "TBS_CLOTHES" ;
--------------------------------------------------------
--  DDL for Index MD_PROJECTS_PK
--------------------------------------------------------

  CREATE UNIQUE INDEX "USR_CLOTHES"."MD_PROJECTS_PK" ON "USR_CLOTHES"."MD_PROJECTS" ("ID") 
  PCTFREE 10 INITRANS 2 MAXTRANS 255 COMPUTE STATISTICS 
  TABLESPACE "TBS_CLOTHES" ;
--------------------------------------------------------
--  DDL for Index MD_REGISTRY_PK
--------------------------------------------------------

  CREATE UNIQUE INDEX "USR_CLOTHES"."MD_REGISTRY_PK" ON "USR_CLOTHES"."MD_REGISTRY" ("OBJECT_TYPE", "OBJECT_NAME") 
  PCTFREE 10 INITRANS 2 MAXTRANS 255 COMPUTE STATISTICS 
  TABLESPACE "TBS_CLOTHES" ;
--------------------------------------------------------
--  DDL for Index MD_SCHEMAS_PK
--------------------------------------------------------

  CREATE UNIQUE INDEX "USR_CLOTHES"."MD_SCHEMAS_PK" ON "USR_CLOTHES"."MD_SCHEMAS" ("ID") 
  PCTFREE 10 INITRANS 2 MAXTRANS 255 COMPUTE STATISTICS 
  TABLESPACE "TBS_CLOTHES" ;
--------------------------------------------------------
--  DDL for Index MD_SEQUENCES_PK
--------------------------------------------------------

  CREATE UNIQUE INDEX "USR_CLOTHES"."MD_SEQUENCES_PK" ON "USR_CLOTHES"."MD_SEQUENCES" ("ID") 
  PCTFREE 10 INITRANS 2 MAXTRANS 255 COMPUTE STATISTICS 
  TABLESPACE "TBS_CLOTHES" ;
--------------------------------------------------------
--  DDL for Index MD_STORED_PROGRAMS_PK
--------------------------------------------------------

  CREATE UNIQUE INDEX "USR_CLOTHES"."MD_STORED_PROGRAMS_PK" ON "USR_CLOTHES"."MD_STORED_PROGRAMS" ("ID") 
  PCTFREE 10 INITRANS 2 MAXTRANS 255 COMPUTE STATISTICS 
  TABLESPACE "TBS_CLOTHES" ;
--------------------------------------------------------
--  DDL for Index MD_SYNONYMS_PK
--------------------------------------------------------

  CREATE UNIQUE INDEX "USR_CLOTHES"."MD_SYNONYMS_PK" ON "USR_CLOTHES"."MD_SYNONYMS" ("ID") 
  PCTFREE 10 INITRANS 2 MAXTRANS 255 COMPUTE STATISTICS 
  TABLESPACE "TBS_CLOTHES" ;
--------------------------------------------------------
--  DDL for Index MD_TABLES_PK
--------------------------------------------------------

  CREATE UNIQUE INDEX "USR_CLOTHES"."MD_TABLES_PK" ON "USR_CLOTHES"."MD_TABLES" ("ID") 
  PCTFREE 10 INITRANS 2 MAXTRANS 255 COMPUTE STATISTICS 
  TABLESPACE "TBS_CLOTHES" ;
--------------------------------------------------------
--  DDL for Index MD_TABLESPACES_PK
--------------------------------------------------------

  CREATE UNIQUE INDEX "USR_CLOTHES"."MD_TABLESPACES_PK" ON "USR_CLOTHES"."MD_TABLESPACES" ("ID") 
  PCTFREE 10 INITRANS 2 MAXTRANS 255 COMPUTE STATISTICS 
  TABLESPACE "TBS_CLOTHES" ;
--------------------------------------------------------
--  DDL for Index PK_PRENDA
--------------------------------------------------------

  CREATE UNIQUE INDEX "USR_CLOTHES"."PK_PRENDA" ON "USR_CLOTHES"."PRENDA" ("PRENDA_ID") 
  PCTFREE 10 INITRANS 2 MAXTRANS 255 COMPUTE STATISTICS 
  STORAGE(INITIAL 65536 NEXT 1048576 MINEXTENTS 1 MAXEXTENTS 2147483645
  PCTINCREASE 0 FREELISTS 1 FREELIST GROUPS 1
  BUFFER_POOL DEFAULT FLASH_CACHE DEFAULT CELL_FLASH_CACHE DEFAULT)
  TABLESPACE "TBS_CLOTHES" ;
--------------------------------------------------------
--  DDL for Index PK_PRENDA_PROVEEDOR
--------------------------------------------------------

  CREATE UNIQUE INDEX "USR_CLOTHES"."PK_PRENDA_PROVEEDOR" ON "USR_CLOTHES"."PRENDA_PROVEEDOR" ("PRENDA_ID", "PROVEEDOR_ID") 
  PCTFREE 10 INITRANS 2 MAXTRANS 255 COMPUTE STATISTICS 
  STORAGE(INITIAL 65536 NEXT 1048576 MINEXTENTS 1 MAXEXTENTS 2147483645
  PCTINCREASE 0 FREELISTS 1 FREELIST GROUPS 1
  BUFFER_POOL DEFAULT FLASH_CACHE DEFAULT CELL_FLASH_CACHE DEFAULT)
  TABLESPACE "TBS_CLOTHES" ;
--------------------------------------------------------
--  DDL for Index PK_PRENDA_TALLA
--------------------------------------------------------

  CREATE UNIQUE INDEX "USR_CLOTHES"."PK_PRENDA_TALLA" ON "USR_CLOTHES"."PRENDA_TALLA" ("PRENDA_ID", "TALLA_ID") 
  PCTFREE 10 INITRANS 2 MAXTRANS 255 COMPUTE STATISTICS 
  STORAGE(INITIAL 65536 NEXT 1048576 MINEXTENTS 1 MAXEXTENTS 2147483645
  PCTINCREASE 0 FREELISTS 1 FREELIST GROUPS 1
  BUFFER_POOL DEFAULT FLASH_CACHE DEFAULT CELL_FLASH_CACHE DEFAULT)
  TABLESPACE "TBS_CLOTHES" ;
--------------------------------------------------------
--  DDL for Index PK_PROVEEDOR
--------------------------------------------------------

  CREATE UNIQUE INDEX "USR_CLOTHES"."PK_PROVEEDOR" ON "USR_CLOTHES"."PROVEEDOR" ("PROVEEDOR_ID") 
  PCTFREE 10 INITRANS 2 MAXTRANS 255 COMPUTE STATISTICS 
  STORAGE(INITIAL 65536 NEXT 1048576 MINEXTENTS 1 MAXEXTENTS 2147483645
  PCTINCREASE 0 FREELISTS 1 FREELIST GROUPS 1
  BUFFER_POOL DEFAULT FLASH_CACHE DEFAULT CELL_FLASH_CACHE DEFAULT)
  TABLESPACE "TBS_CLOTHES" ;
--------------------------------------------------------
--  DDL for Index PK_TALLA
--------------------------------------------------------

  CREATE UNIQUE INDEX "USR_CLOTHES"."PK_TALLA" ON "USR_CLOTHES"."TALLA" ("TALLA_ID") 
  PCTFREE 10 INITRANS 2 MAXTRANS 255 COMPUTE STATISTICS 
  STORAGE(INITIAL 65536 NEXT 1048576 MINEXTENTS 1 MAXEXTENTS 2147483645
  PCTINCREASE 0 FREELISTS 1 FREELIST GROUPS 1
  BUFFER_POOL DEFAULT FLASH_CACHE DEFAULT CELL_FLASH_CACHE DEFAULT)
  TABLESPACE "TBS_CLOTHES" ;
--------------------------------------------------------
--  DDL for Index PK_VENTA_PRENDA
--------------------------------------------------------

  CREATE UNIQUE INDEX "USR_CLOTHES"."PK_VENTA_PRENDA" ON "USR_CLOTHES"."VENTA_PRENDA" ("PRENDA_ID", "DETALLE_VENTA_ID") 
  PCTFREE 10 INITRANS 2 MAXTRANS 255 COMPUTE STATISTICS 
  STORAGE(INITIAL 65536 NEXT 1048576 MINEXTENTS 1 MAXEXTENTS 2147483645
  PCTINCREASE 0 FREELISTS 1 FREELIST GROUPS 1
  BUFFER_POOL DEFAULT FLASH_CACHE DEFAULT CELL_FLASH_CACHE DEFAULT)
  TABLESPACE "TBS_CLOTHES" ;
--------------------------------------------------------
--  Constraints for Table AUTH_GROUP
--------------------------------------------------------

  ALTER TABLE "USR_CLOTHES"."AUTH_GROUP" MODIFY ("ID" NOT NULL ENABLE);
  ALTER TABLE "USR_CLOTHES"."AUTH_GROUP" ADD PRIMARY KEY ("ID")
  USING INDEX PCTFREE 10 INITRANS 2 MAXTRANS 255 
  TABLESPACE "TBS_CLOTHES"  ENABLE;
  ALTER TABLE "USR_CLOTHES"."AUTH_GROUP" ADD UNIQUE ("NAME")
  USING INDEX PCTFREE 10 INITRANS 2 MAXTRANS 255 
  TABLESPACE "TBS_CLOTHES"  ENABLE;
--------------------------------------------------------
--  Constraints for Table AUTH_GROUP_PERMISSIONS
--------------------------------------------------------

  ALTER TABLE "USR_CLOTHES"."AUTH_GROUP_PERMISSIONS" MODIFY ("ID" NOT NULL ENABLE);
  ALTER TABLE "USR_CLOTHES"."AUTH_GROUP_PERMISSIONS" MODIFY ("GROUP_ID" NOT NULL ENABLE);
  ALTER TABLE "USR_CLOTHES"."AUTH_GROUP_PERMISSIONS" MODIFY ("PERMISSION_ID" NOT NULL ENABLE);
  ALTER TABLE "USR_CLOTHES"."AUTH_GROUP_PERMISSIONS" ADD PRIMARY KEY ("ID")
  USING INDEX PCTFREE 10 INITRANS 2 MAXTRANS 255 
  TABLESPACE "TBS_CLOTHES"  ENABLE;
  ALTER TABLE "USR_CLOTHES"."AUTH_GROUP_PERMISSIONS" ADD CONSTRAINT "AUTH_GROU_GROUP_ID__0CD325B0_U" UNIQUE ("GROUP_ID", "PERMISSION_ID")
  USING INDEX PCTFREE 10 INITRANS 2 MAXTRANS 255 COMPUTE STATISTICS 
  TABLESPACE "TBS_CLOTHES"  ENABLE;
--------------------------------------------------------
--  Constraints for Table AUTH_PERMISSION
--------------------------------------------------------

  ALTER TABLE "USR_CLOTHES"."AUTH_PERMISSION" MODIFY ("ID" NOT NULL ENABLE);
  ALTER TABLE "USR_CLOTHES"."AUTH_PERMISSION" MODIFY ("CONTENT_TYPE_ID" NOT NULL ENABLE);
  ALTER TABLE "USR_CLOTHES"."AUTH_PERMISSION" ADD PRIMARY KEY ("ID")
  USING INDEX PCTFREE 10 INITRANS 2 MAXTRANS 255 COMPUTE STATISTICS 
  STORAGE(INITIAL 65536 NEXT 1048576 MINEXTENTS 1 MAXEXTENTS 2147483645
  PCTINCREASE 0 FREELISTS 1 FREELIST GROUPS 1
  BUFFER_POOL DEFAULT FLASH_CACHE DEFAULT CELL_FLASH_CACHE DEFAULT)
  TABLESPACE "TBS_CLOTHES"  ENABLE;
  ALTER TABLE "USR_CLOTHES"."AUTH_PERMISSION" ADD CONSTRAINT "AUTH_PERM_CONTENT_T_01AB375A_U" UNIQUE ("CONTENT_TYPE_ID", "CODENAME")
  USING INDEX PCTFREE 10 INITRANS 2 MAXTRANS 255 COMPUTE STATISTICS 
  STORAGE(INITIAL 65536 NEXT 1048576 MINEXTENTS 1 MAXEXTENTS 2147483645
  PCTINCREASE 0 FREELISTS 1 FREELIST GROUPS 1
  BUFFER_POOL DEFAULT FLASH_CACHE DEFAULT CELL_FLASH_CACHE DEFAULT)
  TABLESPACE "TBS_CLOTHES"  ENABLE;
--------------------------------------------------------
--  Constraints for Table AUTH_USER
--------------------------------------------------------

  ALTER TABLE "USR_CLOTHES"."AUTH_USER" MODIFY ("ID" NOT NULL ENABLE);
  ALTER TABLE "USR_CLOTHES"."AUTH_USER" MODIFY ("IS_SUPERUSER" NOT NULL ENABLE);
  ALTER TABLE "USR_CLOTHES"."AUTH_USER" MODIFY ("IS_STAFF" NOT NULL ENABLE);
  ALTER TABLE "USR_CLOTHES"."AUTH_USER" MODIFY ("IS_ACTIVE" NOT NULL ENABLE);
  ALTER TABLE "USR_CLOTHES"."AUTH_USER" MODIFY ("DATE_JOINED" NOT NULL ENABLE);
  ALTER TABLE "USR_CLOTHES"."AUTH_USER" ADD CHECK ("IS_SUPERUSER" IN (0,1)) ENABLE;
  ALTER TABLE "USR_CLOTHES"."AUTH_USER" ADD CHECK ("IS_STAFF" IN (0,1)) ENABLE;
  ALTER TABLE "USR_CLOTHES"."AUTH_USER" ADD CHECK ("IS_ACTIVE" IN (0,1)) ENABLE;
  ALTER TABLE "USR_CLOTHES"."AUTH_USER" ADD PRIMARY KEY ("ID")
  USING INDEX PCTFREE 10 INITRANS 2 MAXTRANS 255 COMPUTE STATISTICS 
  STORAGE(INITIAL 65536 NEXT 1048576 MINEXTENTS 1 MAXEXTENTS 2147483645
  PCTINCREASE 0 FREELISTS 1 FREELIST GROUPS 1
  BUFFER_POOL DEFAULT FLASH_CACHE DEFAULT CELL_FLASH_CACHE DEFAULT)
  TABLESPACE "TBS_CLOTHES"  ENABLE;
  ALTER TABLE "USR_CLOTHES"."AUTH_USER" ADD UNIQUE ("USERNAME")
  USING INDEX PCTFREE 10 INITRANS 2 MAXTRANS 255 COMPUTE STATISTICS 
  STORAGE(INITIAL 65536 NEXT 1048576 MINEXTENTS 1 MAXEXTENTS 2147483645
  PCTINCREASE 0 FREELISTS 1 FREELIST GROUPS 1
  BUFFER_POOL DEFAULT FLASH_CACHE DEFAULT CELL_FLASH_CACHE DEFAULT)
  TABLESPACE "TBS_CLOTHES"  ENABLE;
--------------------------------------------------------
--  Constraints for Table AUTH_USER_GROUPS
--------------------------------------------------------

  ALTER TABLE "USR_CLOTHES"."AUTH_USER_GROUPS" MODIFY ("ID" NOT NULL ENABLE);
  ALTER TABLE "USR_CLOTHES"."AUTH_USER_GROUPS" MODIFY ("USER_ID" NOT NULL ENABLE);
  ALTER TABLE "USR_CLOTHES"."AUTH_USER_GROUPS" MODIFY ("GROUP_ID" NOT NULL ENABLE);
  ALTER TABLE "USR_CLOTHES"."AUTH_USER_GROUPS" ADD PRIMARY KEY ("ID")
  USING INDEX PCTFREE 10 INITRANS 2 MAXTRANS 255 
  TABLESPACE "TBS_CLOTHES"  ENABLE;
  ALTER TABLE "USR_CLOTHES"."AUTH_USER_GROUPS" ADD CONSTRAINT "AUTH_USER_USER_ID_G_94350C0C_U" UNIQUE ("USER_ID", "GROUP_ID")
  USING INDEX PCTFREE 10 INITRANS 2 MAXTRANS 255 COMPUTE STATISTICS 
  TABLESPACE "TBS_CLOTHES"  ENABLE;
--------------------------------------------------------
--  Constraints for Table AUTH_USER_USER_PERMISSIONS
--------------------------------------------------------

  ALTER TABLE "USR_CLOTHES"."AUTH_USER_USER_PERMISSIONS" MODIFY ("ID" NOT NULL ENABLE);
  ALTER TABLE "USR_CLOTHES"."AUTH_USER_USER_PERMISSIONS" MODIFY ("USER_ID" NOT NULL ENABLE);
  ALTER TABLE "USR_CLOTHES"."AUTH_USER_USER_PERMISSIONS" MODIFY ("PERMISSION_ID" NOT NULL ENABLE);
  ALTER TABLE "USR_CLOTHES"."AUTH_USER_USER_PERMISSIONS" ADD PRIMARY KEY ("ID")
  USING INDEX PCTFREE 10 INITRANS 2 MAXTRANS 255 
  TABLESPACE "TBS_CLOTHES"  ENABLE;
  ALTER TABLE "USR_CLOTHES"."AUTH_USER_USER_PERMISSIONS" ADD CONSTRAINT "AUTH_USER_USER_ID_P_14A6B632_U" UNIQUE ("USER_ID", "PERMISSION_ID")
  USING INDEX PCTFREE 10 INITRANS 2 MAXTRANS 255 COMPUTE STATISTICS 
  TABLESPACE "TBS_CLOTHES"  ENABLE;
--------------------------------------------------------
--  Constraints for Table CATEGORIA
--------------------------------------------------------

  ALTER TABLE "USR_CLOTHES"."CATEGORIA" MODIFY ("CATEGORIA_ID" NOT NULL ENABLE);
  ALTER TABLE "USR_CLOTHES"."CATEGORIA" MODIFY ("NOMBRE_CATEGORIA" NOT NULL ENABLE);
  ALTER TABLE "USR_CLOTHES"."CATEGORIA" ADD CONSTRAINT "PK_CATEGORIA" PRIMARY KEY ("CATEGORIA_ID")
  USING INDEX PCTFREE 10 INITRANS 2 MAXTRANS 255 COMPUTE STATISTICS 
  STORAGE(INITIAL 65536 NEXT 1048576 MINEXTENTS 1 MAXEXTENTS 2147483645
  PCTINCREASE 0 FREELISTS 1 FREELIST GROUPS 1
  BUFFER_POOL DEFAULT FLASH_CACHE DEFAULT CELL_FLASH_CACHE DEFAULT)
  TABLESPACE "TBS_CLOTHES"  ENABLE;
--------------------------------------------------------
--  Constraints for Table CATEGORIA_DEPARTAMENTO
--------------------------------------------------------

  ALTER TABLE "USR_CLOTHES"."CATEGORIA_DEPARTAMENTO" MODIFY ("ID_CATEGORIA" NOT NULL ENABLE);
  ALTER TABLE "USR_CLOTHES"."CATEGORIA_DEPARTAMENTO" MODIFY ("DEPARTAMENTO_ID" NOT NULL ENABLE);
  ALTER TABLE "USR_CLOTHES"."CATEGORIA_DEPARTAMENTO" ADD CONSTRAINT "PK_CATEGORIA_DEPARTAMENTO" PRIMARY KEY ("ID_CATEGORIA", "DEPARTAMENTO_ID")
  USING INDEX PCTFREE 10 INITRANS 2 MAXTRANS 255 COMPUTE STATISTICS 
  STORAGE(INITIAL 65536 NEXT 1048576 MINEXTENTS 1 MAXEXTENTS 2147483645
  PCTINCREASE 0 FREELISTS 1 FREELIST GROUPS 1
  BUFFER_POOL DEFAULT FLASH_CACHE DEFAULT CELL_FLASH_CACHE DEFAULT)
  TABLESPACE "TBS_CLOTHES"  ENABLE;
--------------------------------------------------------
--  Constraints for Table DEPARTAMENTO
--------------------------------------------------------

  ALTER TABLE "USR_CLOTHES"."DEPARTAMENTO" MODIFY ("DEPARTAMENTO_ID" NOT NULL ENABLE);
  ALTER TABLE "USR_CLOTHES"."DEPARTAMENTO" MODIFY ("NOMBRE_DEPARTAMENTO" NOT NULL ENABLE);
  ALTER TABLE "USR_CLOTHES"."DEPARTAMENTO" ADD CONSTRAINT "PK_DEPARTAMENTO" PRIMARY KEY ("DEPARTAMENTO_ID")
  USING INDEX PCTFREE 10 INITRANS 2 MAXTRANS 255 COMPUTE STATISTICS 
  STORAGE(INITIAL 65536 NEXT 1048576 MINEXTENTS 1 MAXEXTENTS 2147483645
  PCTINCREASE 0 FREELISTS 1 FREELIST GROUPS 1
  BUFFER_POOL DEFAULT FLASH_CACHE DEFAULT CELL_FLASH_CACHE DEFAULT)
  TABLESPACE "TBS_CLOTHES"  ENABLE;
--------------------------------------------------------
--  Constraints for Table DETALLE_DEVOLUCION
--------------------------------------------------------

  ALTER TABLE "USR_CLOTHES"."DETALLE_DEVOLUCION" MODIFY ("DETALLE_DEVOLUCION_ID" NOT NULL ENABLE);
  ALTER TABLE "USR_CLOTHES"."DETALLE_DEVOLUCION" MODIFY ("FECHA_DEVOLUCION" NOT NULL ENABLE);
  ALTER TABLE "USR_CLOTHES"."DETALLE_DEVOLUCION" MODIFY ("MOTIVO" NOT NULL ENABLE);
  ALTER TABLE "USR_CLOTHES"."DETALLE_DEVOLUCION" MODIFY ("CANTIDAD" NOT NULL ENABLE);
  ALTER TABLE "USR_CLOTHES"."DETALLE_DEVOLUCION" MODIFY ("PRENDA_ID" NOT NULL ENABLE);
  ALTER TABLE "USR_CLOTHES"."DETALLE_DEVOLUCION" MODIFY ("DETALLE_VENTA_ID" NOT NULL ENABLE);
  ALTER TABLE "USR_CLOTHES"."DETALLE_DEVOLUCION" ADD CONSTRAINT "PK_DEVOLUCION" PRIMARY KEY ("DETALLE_DEVOLUCION_ID")
  USING INDEX PCTFREE 10 INITRANS 2 MAXTRANS 255 COMPUTE STATISTICS 
  STORAGE(INITIAL 65536 NEXT 1048576 MINEXTENTS 1 MAXEXTENTS 2147483645
  PCTINCREASE 0 FREELISTS 1 FREELIST GROUPS 1
  BUFFER_POOL DEFAULT FLASH_CACHE DEFAULT CELL_FLASH_CACHE DEFAULT)
  TABLESPACE "TBS_CLOTHES"  ENABLE;
--------------------------------------------------------
--  Constraints for Table DETALLE_VENTA
--------------------------------------------------------

  ALTER TABLE "USR_CLOTHES"."DETALLE_VENTA" MODIFY ("DETALLE_VENTA_ID" NOT NULL ENABLE);
  ALTER TABLE "USR_CLOTHES"."DETALLE_VENTA" MODIFY ("TOTAL" NOT NULL ENABLE);
  ALTER TABLE "USR_CLOTHES"."DETALLE_VENTA" MODIFY ("FECHA" NOT NULL ENABLE);
  ALTER TABLE "USR_CLOTHES"."DETALLE_VENTA" MODIFY ("EMPLEADO_ID" NOT NULL ENABLE);
  ALTER TABLE "USR_CLOTHES"."DETALLE_VENTA" ADD CONSTRAINT "PK_DETALLE_VENTA" PRIMARY KEY ("DETALLE_VENTA_ID")
  USING INDEX PCTFREE 10 INITRANS 2 MAXTRANS 255 COMPUTE STATISTICS 
  STORAGE(INITIAL 65536 NEXT 1048576 MINEXTENTS 1 MAXEXTENTS 2147483645
  PCTINCREASE 0 FREELISTS 1 FREELIST GROUPS 1
  BUFFER_POOL DEFAULT FLASH_CACHE DEFAULT CELL_FLASH_CACHE DEFAULT)
  TABLESPACE "TBS_CLOTHES"  ENABLE;
--------------------------------------------------------
--  Constraints for Table DJANGO_ADMIN_LOG
--------------------------------------------------------

  ALTER TABLE "USR_CLOTHES"."DJANGO_ADMIN_LOG" MODIFY ("ID" NOT NULL ENABLE);
  ALTER TABLE "USR_CLOTHES"."DJANGO_ADMIN_LOG" MODIFY ("ACTION_TIME" NOT NULL ENABLE);
  ALTER TABLE "USR_CLOTHES"."DJANGO_ADMIN_LOG" MODIFY ("ACTION_FLAG" NOT NULL ENABLE);
  ALTER TABLE "USR_CLOTHES"."DJANGO_ADMIN_LOG" MODIFY ("USER_ID" NOT NULL ENABLE);
  ALTER TABLE "USR_CLOTHES"."DJANGO_ADMIN_LOG" ADD CHECK ("ACTION_FLAG" >= 0) ENABLE;
  ALTER TABLE "USR_CLOTHES"."DJANGO_ADMIN_LOG" ADD PRIMARY KEY ("ID")
  USING INDEX PCTFREE 10 INITRANS 2 MAXTRANS 255 COMPUTE STATISTICS 
  STORAGE(INITIAL 65536 NEXT 1048576 MINEXTENTS 1 MAXEXTENTS 2147483645
  PCTINCREASE 0 FREELISTS 1 FREELIST GROUPS 1
  BUFFER_POOL DEFAULT FLASH_CACHE DEFAULT CELL_FLASH_CACHE DEFAULT)
  TABLESPACE "TBS_CLOTHES"  ENABLE;
--------------------------------------------------------
--  Constraints for Table DJANGO_CONTENT_TYPE
--------------------------------------------------------

  ALTER TABLE "USR_CLOTHES"."DJANGO_CONTENT_TYPE" MODIFY ("ID" NOT NULL ENABLE);
  ALTER TABLE "USR_CLOTHES"."DJANGO_CONTENT_TYPE" ADD PRIMARY KEY ("ID")
  USING INDEX PCTFREE 10 INITRANS 2 MAXTRANS 255 COMPUTE STATISTICS 
  STORAGE(INITIAL 65536 NEXT 1048576 MINEXTENTS 1 MAXEXTENTS 2147483645
  PCTINCREASE 0 FREELISTS 1 FREELIST GROUPS 1
  BUFFER_POOL DEFAULT FLASH_CACHE DEFAULT CELL_FLASH_CACHE DEFAULT)
  TABLESPACE "TBS_CLOTHES"  ENABLE;
  ALTER TABLE "USR_CLOTHES"."DJANGO_CONTENT_TYPE" ADD CONSTRAINT "DJANGO_CO_APP_LABEL_76BD3D3B_U" UNIQUE ("APP_LABEL", "MODEL")
  USING INDEX PCTFREE 10 INITRANS 2 MAXTRANS 255 COMPUTE STATISTICS 
  STORAGE(INITIAL 65536 NEXT 1048576 MINEXTENTS 1 MAXEXTENTS 2147483645
  PCTINCREASE 0 FREELISTS 1 FREELIST GROUPS 1
  BUFFER_POOL DEFAULT FLASH_CACHE DEFAULT CELL_FLASH_CACHE DEFAULT)
  TABLESPACE "TBS_CLOTHES"  ENABLE;
--------------------------------------------------------
--  Constraints for Table DJANGO_MIGRATIONS
--------------------------------------------------------

  ALTER TABLE "USR_CLOTHES"."DJANGO_MIGRATIONS" MODIFY ("ID" NOT NULL ENABLE);
  ALTER TABLE "USR_CLOTHES"."DJANGO_MIGRATIONS" MODIFY ("APPLIED" NOT NULL ENABLE);
  ALTER TABLE "USR_CLOTHES"."DJANGO_MIGRATIONS" ADD PRIMARY KEY ("ID")
  USING INDEX PCTFREE 10 INITRANS 2 MAXTRANS 255 COMPUTE STATISTICS 
  STORAGE(INITIAL 65536 NEXT 1048576 MINEXTENTS 1 MAXEXTENTS 2147483645
  PCTINCREASE 0 FREELISTS 1 FREELIST GROUPS 1
  BUFFER_POOL DEFAULT FLASH_CACHE DEFAULT CELL_FLASH_CACHE DEFAULT)
  TABLESPACE "TBS_CLOTHES"  ENABLE;
--------------------------------------------------------
--  Constraints for Table DJANGO_SESSION
--------------------------------------------------------

  ALTER TABLE "USR_CLOTHES"."DJANGO_SESSION" MODIFY ("SESSION_KEY" NOT NULL ENABLE);
  ALTER TABLE "USR_CLOTHES"."DJANGO_SESSION" MODIFY ("EXPIRE_DATE" NOT NULL ENABLE);
  ALTER TABLE "USR_CLOTHES"."DJANGO_SESSION" ADD PRIMARY KEY ("SESSION_KEY")
  USING INDEX PCTFREE 10 INITRANS 2 MAXTRANS 255 COMPUTE STATISTICS 
  STORAGE(INITIAL 65536 NEXT 1048576 MINEXTENTS 1 MAXEXTENTS 2147483645
  PCTINCREASE 0 FREELISTS 1 FREELIST GROUPS 1
  BUFFER_POOL DEFAULT FLASH_CACHE DEFAULT CELL_FLASH_CACHE DEFAULT)
  TABLESPACE "TBS_CLOTHES"  ENABLE;
--------------------------------------------------------
--  Constraints for Table EMPLEADO
--------------------------------------------------------

  ALTER TABLE "USR_CLOTHES"."EMPLEADO" MODIFY ("EMPLEADO_ID" NOT NULL ENABLE);
  ALTER TABLE "USR_CLOTHES"."EMPLEADO" MODIFY ("NOMBRE" NOT NULL ENABLE);
  ALTER TABLE "USR_CLOTHES"."EMPLEADO" MODIFY ("APELLIDO_PATERNO" NOT NULL ENABLE);
  ALTER TABLE "USR_CLOTHES"."EMPLEADO" MODIFY ("APELLIDO_MATERNO" NOT NULL ENABLE);
  ALTER TABLE "USR_CLOTHES"."EMPLEADO" MODIFY ("TELEFONO" NOT NULL ENABLE);
  ALTER TABLE "USR_CLOTHES"."EMPLEADO" MODIFY ("EMAIL" NOT NULL ENABLE);
  ALTER TABLE "USR_CLOTHES"."EMPLEADO" MODIFY ("DIRECCION" NOT NULL ENABLE);
  ALTER TABLE "USR_CLOTHES"."EMPLEADO" MODIFY ("FECHA_CONTRATACION" NOT NULL ENABLE);
  ALTER TABLE "USR_CLOTHES"."EMPLEADO" ADD CONSTRAINT "PK_EMPLEADO" PRIMARY KEY ("EMPLEADO_ID")
  USING INDEX PCTFREE 10 INITRANS 2 MAXTRANS 255 COMPUTE STATISTICS 
  STORAGE(INITIAL 65536 NEXT 1048576 MINEXTENTS 1 MAXEXTENTS 2147483645
  PCTINCREASE 0 FREELISTS 1 FREELIST GROUPS 1
  BUFFER_POOL DEFAULT FLASH_CACHE DEFAULT CELL_FLASH_CACHE DEFAULT)
  TABLESPACE "TBS_CLOTHES"  ENABLE;
--------------------------------------------------------
--  Constraints for Table MARCA
--------------------------------------------------------

  ALTER TABLE "USR_CLOTHES"."MARCA" MODIFY ("MARCA_ID" NOT NULL ENABLE);
  ALTER TABLE "USR_CLOTHES"."MARCA" MODIFY ("NOMBRE_MARCA" NOT NULL ENABLE);
  ALTER TABLE "USR_CLOTHES"."MARCA" ADD CONSTRAINT "PK_MARCA" PRIMARY KEY ("MARCA_ID")
  USING INDEX PCTFREE 10 INITRANS 2 MAXTRANS 255 COMPUTE STATISTICS 
  STORAGE(INITIAL 65536 NEXT 1048576 MINEXTENTS 1 MAXEXTENTS 2147483645
  PCTINCREASE 0 FREELISTS 1 FREELIST GROUPS 1
  BUFFER_POOL DEFAULT FLASH_CACHE DEFAULT CELL_FLASH_CACHE DEFAULT)
  TABLESPACE "TBS_CLOTHES"  ENABLE;
--------------------------------------------------------
--  Constraints for Table MATERIAL
--------------------------------------------------------

  ALTER TABLE "USR_CLOTHES"."MATERIAL" MODIFY ("MATERIAL_ID" NOT NULL ENABLE);
  ALTER TABLE "USR_CLOTHES"."MATERIAL" MODIFY ("NOMBRE_MATERIAL" NOT NULL ENABLE);
  ALTER TABLE "USR_CLOTHES"."MATERIAL" ADD CONSTRAINT "PK_MATERIAL" PRIMARY KEY ("MATERIAL_ID")
  USING INDEX PCTFREE 10 INITRANS 2 MAXTRANS 255 COMPUTE STATISTICS 
  STORAGE(INITIAL 65536 NEXT 1048576 MINEXTENTS 1 MAXEXTENTS 2147483645
  PCTINCREASE 0 FREELISTS 1 FREELIST GROUPS 1
  BUFFER_POOL DEFAULT FLASH_CACHE DEFAULT CELL_FLASH_CACHE DEFAULT)
  TABLESPACE "TBS_CLOTHES"  ENABLE;
--------------------------------------------------------
--  Constraints for Table MD_ADDITIONAL_PROPERTIES
--------------------------------------------------------

  ALTER TABLE "USR_CLOTHES"."MD_ADDITIONAL_PROPERTIES" MODIFY ("ID" NOT NULL ENABLE);
  ALTER TABLE "USR_CLOTHES"."MD_ADDITIONAL_PROPERTIES" MODIFY ("CONNECTION_ID_FK" NOT NULL ENABLE);
  ALTER TABLE "USR_CLOTHES"."MD_ADDITIONAL_PROPERTIES" MODIFY ("REF_ID_FK" NOT NULL ENABLE);
  ALTER TABLE "USR_CLOTHES"."MD_ADDITIONAL_PROPERTIES" MODIFY ("REF_TYPE" NOT NULL ENABLE);
  ALTER TABLE "USR_CLOTHES"."MD_ADDITIONAL_PROPERTIES" MODIFY ("PROP_KEY" NOT NULL ENABLE);
  ALTER TABLE "USR_CLOTHES"."MD_ADDITIONAL_PROPERTIES" MODIFY ("SECURITY_GROUP_ID" NOT NULL ENABLE);
  ALTER TABLE "USR_CLOTHES"."MD_ADDITIONAL_PROPERTIES" MODIFY ("CREATED_ON" NOT NULL ENABLE);
  ALTER TABLE "USR_CLOTHES"."MD_ADDITIONAL_PROPERTIES" ADD CONSTRAINT "MD_ADDITIONAL_PROPERTIES_PK" PRIMARY KEY ("ID")
  USING INDEX PCTFREE 10 INITRANS 2 MAXTRANS 255 COMPUTE STATISTICS 
  TABLESPACE "TBS_CLOTHES"  ENABLE;
--------------------------------------------------------
--  Constraints for Table MD_APPLICATIONFILES
--------------------------------------------------------

  ALTER TABLE "USR_CLOTHES"."MD_APPLICATIONFILES" MODIFY ("ID" NOT NULL ENABLE);
  ALTER TABLE "USR_CLOTHES"."MD_APPLICATIONFILES" MODIFY ("APPLICATIONS_ID_FK" NOT NULL ENABLE);
  ALTER TABLE "USR_CLOTHES"."MD_APPLICATIONFILES" MODIFY ("NAME" NOT NULL ENABLE);
  ALTER TABLE "USR_CLOTHES"."MD_APPLICATIONFILES" MODIFY ("URI" NOT NULL ENABLE);
  ALTER TABLE "USR_CLOTHES"."MD_APPLICATIONFILES" MODIFY ("TYPE" NOT NULL ENABLE);
  ALTER TABLE "USR_CLOTHES"."MD_APPLICATIONFILES" MODIFY ("STATE" NOT NULL ENABLE);
  ALTER TABLE "USR_CLOTHES"."MD_APPLICATIONFILES" MODIFY ("SECURITY_GROUP_ID" NOT NULL ENABLE);
  ALTER TABLE "USR_CLOTHES"."MD_APPLICATIONFILES" MODIFY ("CREATED_ON" NOT NULL ENABLE);
  ALTER TABLE "USR_CLOTHES"."MD_APPLICATIONFILES" ADD CONSTRAINT "MD_APPLICATIONFILES_PK" PRIMARY KEY ("ID")
  USING INDEX PCTFREE 10 INITRANS 2 MAXTRANS 255 COMPUTE STATISTICS 
  TABLESPACE "TBS_CLOTHES"  ENABLE;
--------------------------------------------------------
--  Constraints for Table MD_APPLICATIONS
--------------------------------------------------------

  ALTER TABLE "USR_CLOTHES"."MD_APPLICATIONS" MODIFY ("ID" NOT NULL ENABLE);
  ALTER TABLE "USR_CLOTHES"."MD_APPLICATIONS" MODIFY ("PROJECT_ID_FK" NOT NULL ENABLE);
  ALTER TABLE "USR_CLOTHES"."MD_APPLICATIONS" MODIFY ("SECURITY_GROUP_ID" NOT NULL ENABLE);
  ALTER TABLE "USR_CLOTHES"."MD_APPLICATIONS" MODIFY ("CREATED_ON" NOT NULL ENABLE);
  ALTER TABLE "USR_CLOTHES"."MD_APPLICATIONS" ADD CONSTRAINT "MD_APPLICATIONS_PK" PRIMARY KEY ("ID")
  USING INDEX PCTFREE 10 INITRANS 2 MAXTRANS 255 COMPUTE STATISTICS 
  TABLESPACE "TBS_CLOTHES"  ENABLE;
--------------------------------------------------------
--  Constraints for Table MD_CATALOGS
--------------------------------------------------------

  ALTER TABLE "USR_CLOTHES"."MD_CATALOGS" MODIFY ("ID" NOT NULL ENABLE);
  ALTER TABLE "USR_CLOTHES"."MD_CATALOGS" MODIFY ("CONNECTION_ID_FK" NOT NULL ENABLE);
  ALTER TABLE "USR_CLOTHES"."MD_CATALOGS" MODIFY ("SECURITY_GROUP_ID" NOT NULL ENABLE);
  ALTER TABLE "USR_CLOTHES"."MD_CATALOGS" MODIFY ("CREATED_ON" NOT NULL ENABLE);
  ALTER TABLE "USR_CLOTHES"."MD_CATALOGS" ADD CONSTRAINT "MD_CATALOGS_PK" PRIMARY KEY ("ID")
  USING INDEX PCTFREE 10 INITRANS 2 MAXTRANS 255 COMPUTE STATISTICS 
  TABLESPACE "TBS_CLOTHES"  ENABLE;
--------------------------------------------------------
--  Constraints for Table MD_COLUMNS
--------------------------------------------------------

  ALTER TABLE "USR_CLOTHES"."MD_COLUMNS" MODIFY ("ID" NOT NULL ENABLE);
  ALTER TABLE "USR_CLOTHES"."MD_COLUMNS" MODIFY ("TABLE_ID_FK" NOT NULL ENABLE);
  ALTER TABLE "USR_CLOTHES"."MD_COLUMNS" MODIFY ("COLUMN_NAME" NOT NULL ENABLE);
  ALTER TABLE "USR_CLOTHES"."MD_COLUMNS" MODIFY ("COLUMN_ORDER" NOT NULL ENABLE);
  ALTER TABLE "USR_CLOTHES"."MD_COLUMNS" MODIFY ("NULLABLE" NOT NULL ENABLE);
  ALTER TABLE "USR_CLOTHES"."MD_COLUMNS" MODIFY ("SECURITY_GROUP_ID" NOT NULL ENABLE);
  ALTER TABLE "USR_CLOTHES"."MD_COLUMNS" MODIFY ("CREATED_ON" NOT NULL ENABLE);
  ALTER TABLE "USR_CLOTHES"."MD_COLUMNS" ADD CONSTRAINT "MD_COLUMNS_PK" PRIMARY KEY ("ID")
  USING INDEX PCTFREE 10 INITRANS 2 MAXTRANS 255 COMPUTE STATISTICS 
  TABLESPACE "TBS_CLOTHES"  ENABLE;
  ALTER TABLE "USR_CLOTHES"."MD_COLUMNS" ADD CONSTRAINT "MD_COLUMNS_NULLABLE_Y_N" CHECK ((UPPER(NULLABLE) IN ('Y','N'))) ENABLE;
--------------------------------------------------------
--  Constraints for Table MD_CONNECTIONS
--------------------------------------------------------

  ALTER TABLE "USR_CLOTHES"."MD_CONNECTIONS" MODIFY ("ID" NOT NULL ENABLE);
  ALTER TABLE "USR_CLOTHES"."MD_CONNECTIONS" MODIFY ("PROJECT_ID_FK" NOT NULL ENABLE);
  ALTER TABLE "USR_CLOTHES"."MD_CONNECTIONS" MODIFY ("SECURITY_GROUP_ID" NOT NULL ENABLE);
  ALTER TABLE "USR_CLOTHES"."MD_CONNECTIONS" MODIFY ("CREATED_ON" NOT NULL ENABLE);
  ALTER TABLE "USR_CLOTHES"."MD_CONNECTIONS" ADD CONSTRAINT "MD_CONNECTIONS_PK" PRIMARY KEY ("ID")
  USING INDEX PCTFREE 10 INITRANS 2 MAXTRANS 255 COMPUTE STATISTICS 
  TABLESPACE "TBS_CLOTHES"  ENABLE;
--------------------------------------------------------
--  Constraints for Table MD_CONSTRAINTS
--------------------------------------------------------

  ALTER TABLE "USR_CLOTHES"."MD_CONSTRAINTS" MODIFY ("ID" NOT NULL ENABLE);
  ALTER TABLE "USR_CLOTHES"."MD_CONSTRAINTS" MODIFY ("TABLE_ID_FK" NOT NULL ENABLE);
  ALTER TABLE "USR_CLOTHES"."MD_CONSTRAINTS" MODIFY ("LANGUAGE" NOT NULL ENABLE);
  ALTER TABLE "USR_CLOTHES"."MD_CONSTRAINTS" MODIFY ("SECURITY_GROUP_ID" NOT NULL ENABLE);
  ALTER TABLE "USR_CLOTHES"."MD_CONSTRAINTS" MODIFY ("CREATED_ON" NOT NULL ENABLE);
  ALTER TABLE "USR_CLOTHES"."MD_CONSTRAINTS" ADD CONSTRAINT "MD_CONSTRAINTS_PK" PRIMARY KEY ("ID")
  USING INDEX PCTFREE 10 INITRANS 2 MAXTRANS 255 COMPUTE STATISTICS 
  TABLESPACE "TBS_CLOTHES"  ENABLE;
--------------------------------------------------------
--  Constraints for Table MD_CONSTRAINT_DETAILS
--------------------------------------------------------

  ALTER TABLE "USR_CLOTHES"."MD_CONSTRAINT_DETAILS" MODIFY ("ID" NOT NULL ENABLE);
  ALTER TABLE "USR_CLOTHES"."MD_CONSTRAINT_DETAILS" MODIFY ("CONSTRAINT_ID_FK" NOT NULL ENABLE);
  ALTER TABLE "USR_CLOTHES"."MD_CONSTRAINT_DETAILS" MODIFY ("DETAIL_ORDER" NOT NULL ENABLE);
  ALTER TABLE "USR_CLOTHES"."MD_CONSTRAINT_DETAILS" MODIFY ("SECURITY_GROUP_ID" NOT NULL ENABLE);
  ALTER TABLE "USR_CLOTHES"."MD_CONSTRAINT_DETAILS" MODIFY ("CREATED_ON" NOT NULL ENABLE);
  ALTER TABLE "USR_CLOTHES"."MD_CONSTRAINT_DETAILS" ADD CONSTRAINT "MD_CONSTRAINT_DETAILS_PK" PRIMARY KEY ("ID")
  USING INDEX PCTFREE 10 INITRANS 2 MAXTRANS 255 COMPUTE STATISTICS 
  TABLESPACE "TBS_CLOTHES"  ENABLE;
--------------------------------------------------------
--  Constraints for Table MD_DERIVATIVES
--------------------------------------------------------

  ALTER TABLE "USR_CLOTHES"."MD_DERIVATIVES" MODIFY ("SRC_ID" NOT NULL ENABLE);
  ALTER TABLE "USR_CLOTHES"."MD_DERIVATIVES" MODIFY ("DERIVED_ID" NOT NULL ENABLE);
  ALTER TABLE "USR_CLOTHES"."MD_DERIVATIVES" MODIFY ("DERIVED_CONNECTION_ID_FK" NOT NULL ENABLE);
  ALTER TABLE "USR_CLOTHES"."MD_DERIVATIVES" MODIFY ("SECURITY_GROUP_ID" NOT NULL ENABLE);
  ALTER TABLE "USR_CLOTHES"."MD_DERIVATIVES" MODIFY ("CREATED_ON" NOT NULL ENABLE);
  ALTER TABLE "USR_CLOTHES"."MD_DERIVATIVES" ADD CONSTRAINT "MIGRDER_CHK" CHECK (ENABLED = 'Y' OR ENABLED = 'y' OR ENABLED = 'N' OR  ENABLED = 'n') ENABLE;
  ALTER TABLE "USR_CLOTHES"."MD_DERIVATIVES" ADD CONSTRAINT "MIGRDREIVATIVES_PK" PRIMARY KEY ("ID")
  USING INDEX PCTFREE 10 INITRANS 2 MAXTRANS 255 COMPUTE STATISTICS 
  TABLESPACE "TBS_CLOTHES"  ENABLE;
  ALTER TABLE "USR_CLOTHES"."MD_DERIVATIVES" MODIFY ("ID" NOT NULL ENABLE);
--------------------------------------------------------
--  Constraints for Table MD_FILE_ARTIFACTS
--------------------------------------------------------

  ALTER TABLE "USR_CLOTHES"."MD_FILE_ARTIFACTS" MODIFY ("ID" CONSTRAINT "MD_APP_FILE_ART_NONULL" NOT NULL ENABLE);
  ALTER TABLE "USR_CLOTHES"."MD_FILE_ARTIFACTS" MODIFY ("APPLICATIONFILES_ID" CONSTRAINT "MD_APPL_FILE_FK_NONULL" NOT NULL ENABLE);
  ALTER TABLE "USR_CLOTHES"."MD_FILE_ARTIFACTS" MODIFY ("SECURITY_GROUP_ID" NOT NULL ENABLE);
  ALTER TABLE "USR_CLOTHES"."MD_FILE_ARTIFACTS" MODIFY ("CREATED_ON" NOT NULL ENABLE);
  ALTER TABLE "USR_CLOTHES"."MD_FILE_ARTIFACTS" ADD CONSTRAINT "MD_FILE_ARTIFACTS_PK" PRIMARY KEY ("ID")
  USING INDEX PCTFREE 10 INITRANS 2 MAXTRANS 255 COMPUTE STATISTICS 
  TABLESPACE "TBS_CLOTHES"  ENABLE;
--------------------------------------------------------
--  Constraints for Table MD_GROUPS
--------------------------------------------------------

  ALTER TABLE "USR_CLOTHES"."MD_GROUPS" MODIFY ("ID" NOT NULL ENABLE);
  ALTER TABLE "USR_CLOTHES"."MD_GROUPS" MODIFY ("SCHEMA_ID_FK" NOT NULL ENABLE);
  ALTER TABLE "USR_CLOTHES"."MD_GROUPS" MODIFY ("SECURITY_GROUP_ID" NOT NULL ENABLE);
  ALTER TABLE "USR_CLOTHES"."MD_GROUPS" MODIFY ("CREATED_ON" NOT NULL ENABLE);
  ALTER TABLE "USR_CLOTHES"."MD_GROUPS" ADD CONSTRAINT "MD_GROUPS_PK" PRIMARY KEY ("ID")
  USING INDEX PCTFREE 10 INITRANS 2 MAXTRANS 255 COMPUTE STATISTICS 
  TABLESPACE "TBS_CLOTHES"  ENABLE;
--------------------------------------------------------
--  Constraints for Table MD_GROUP_MEMBERS
--------------------------------------------------------

  ALTER TABLE "USR_CLOTHES"."MD_GROUP_MEMBERS" MODIFY ("ID" NOT NULL ENABLE);
  ALTER TABLE "USR_CLOTHES"."MD_GROUP_MEMBERS" MODIFY ("GROUP_ID_FK" NOT NULL ENABLE);
  ALTER TABLE "USR_CLOTHES"."MD_GROUP_MEMBERS" MODIFY ("SECURITY_GROUP_ID" NOT NULL ENABLE);
  ALTER TABLE "USR_CLOTHES"."MD_GROUP_MEMBERS" MODIFY ("CREATED_ON" NOT NULL ENABLE);
  ALTER TABLE "USR_CLOTHES"."MD_GROUP_MEMBERS" ADD CONSTRAINT "MD_GROUP_MEMBERS_PK" PRIMARY KEY ("ID")
  USING INDEX PCTFREE 10 INITRANS 2 MAXTRANS 255 COMPUTE STATISTICS 
  TABLESPACE "TBS_CLOTHES"  ENABLE;
--------------------------------------------------------
--  Constraints for Table MD_GROUP_PRIVILEGES
--------------------------------------------------------

  ALTER TABLE "USR_CLOTHES"."MD_GROUP_PRIVILEGES" MODIFY ("ID" NOT NULL ENABLE);
  ALTER TABLE "USR_CLOTHES"."MD_GROUP_PRIVILEGES" MODIFY ("GROUP_ID_FK" NOT NULL ENABLE);
  ALTER TABLE "USR_CLOTHES"."MD_GROUP_PRIVILEGES" MODIFY ("PRIVILEGE_ID_FK" NOT NULL ENABLE);
  ALTER TABLE "USR_CLOTHES"."MD_GROUP_PRIVILEGES" MODIFY ("SECURITY_GROUP_ID" NOT NULL ENABLE);
  ALTER TABLE "USR_CLOTHES"."MD_GROUP_PRIVILEGES" MODIFY ("CREATED_ON" NOT NULL ENABLE);
  ALTER TABLE "USR_CLOTHES"."MD_GROUP_PRIVILEGES" ADD CONSTRAINT "MD_GROUP_PRIVILEGES_PK" PRIMARY KEY ("ID")
  USING INDEX PCTFREE 10 INITRANS 2 MAXTRANS 255 COMPUTE STATISTICS 
  TABLESPACE "TBS_CLOTHES"  ENABLE;
--------------------------------------------------------
--  Constraints for Table MD_INDEXES
--------------------------------------------------------

  ALTER TABLE "USR_CLOTHES"."MD_INDEXES" MODIFY ("ID" NOT NULL ENABLE);
  ALTER TABLE "USR_CLOTHES"."MD_INDEXES" MODIFY ("TABLE_ID_FK" NOT NULL ENABLE);
  ALTER TABLE "USR_CLOTHES"."MD_INDEXES" MODIFY ("SECURITY_GROUP_ID" NOT NULL ENABLE);
  ALTER TABLE "USR_CLOTHES"."MD_INDEXES" MODIFY ("CREATED_ON" NOT NULL ENABLE);
  ALTER TABLE "USR_CLOTHES"."MD_INDEXES" ADD CONSTRAINT "MD_INDEXES_PK" PRIMARY KEY ("ID")
  USING INDEX PCTFREE 10 INITRANS 2 MAXTRANS 255 COMPUTE STATISTICS 
  TABLESPACE "TBS_CLOTHES"  ENABLE;
--------------------------------------------------------
--  Constraints for Table MD_INDEX_DETAILS
--------------------------------------------------------

  ALTER TABLE "USR_CLOTHES"."MD_INDEX_DETAILS" MODIFY ("ID" NOT NULL ENABLE);
  ALTER TABLE "USR_CLOTHES"."MD_INDEX_DETAILS" MODIFY ("INDEX_ID_FK" NOT NULL ENABLE);
  ALTER TABLE "USR_CLOTHES"."MD_INDEX_DETAILS" MODIFY ("COLUMN_ID_FK" NOT NULL ENABLE);
  ALTER TABLE "USR_CLOTHES"."MD_INDEX_DETAILS" MODIFY ("DETAIL_ORDER" NOT NULL ENABLE);
  ALTER TABLE "USR_CLOTHES"."MD_INDEX_DETAILS" MODIFY ("SECURITY_GROUP_ID" NOT NULL ENABLE);
  ALTER TABLE "USR_CLOTHES"."MD_INDEX_DETAILS" MODIFY ("CREATED_ON" NOT NULL ENABLE);
  ALTER TABLE "USR_CLOTHES"."MD_INDEX_DETAILS" ADD CONSTRAINT "MD_INDEX_DETAILS_PK" PRIMARY KEY ("ID")
  USING INDEX PCTFREE 10 INITRANS 2 MAXTRANS 255 COMPUTE STATISTICS 
  TABLESPACE "TBS_CLOTHES"  ENABLE;
--------------------------------------------------------
--  Constraints for Table MD_MIGR_DEPENDENCY
--------------------------------------------------------

  ALTER TABLE "USR_CLOTHES"."MD_MIGR_DEPENDENCY" MODIFY ("ID" NOT NULL ENABLE);
  ALTER TABLE "USR_CLOTHES"."MD_MIGR_DEPENDENCY" MODIFY ("CONNECTION_ID_FK" NOT NULL ENABLE);
  ALTER TABLE "USR_CLOTHES"."MD_MIGR_DEPENDENCY" MODIFY ("PARENT_ID" NOT NULL ENABLE);
  ALTER TABLE "USR_CLOTHES"."MD_MIGR_DEPENDENCY" MODIFY ("CHILD_ID" NOT NULL ENABLE);
  ALTER TABLE "USR_CLOTHES"."MD_MIGR_DEPENDENCY" MODIFY ("PARENT_OBJECT_TYPE" NOT NULL ENABLE);
  ALTER TABLE "USR_CLOTHES"."MD_MIGR_DEPENDENCY" MODIFY ("CHILD_OBJECT_TYPE" NOT NULL ENABLE);
  ALTER TABLE "USR_CLOTHES"."MD_MIGR_DEPENDENCY" MODIFY ("SECURITY_GROUP_ID" NOT NULL ENABLE);
  ALTER TABLE "USR_CLOTHES"."MD_MIGR_DEPENDENCY" MODIFY ("CREATED_ON" NOT NULL ENABLE);
  ALTER TABLE "USR_CLOTHES"."MD_MIGR_DEPENDENCY" ADD CONSTRAINT "MIGR_DEPENDENCY_PK" PRIMARY KEY ("ID")
  USING INDEX PCTFREE 10 INITRANS 2 MAXTRANS 255 COMPUTE STATISTICS 
  TABLESPACE "TBS_CLOTHES"  ENABLE;
--------------------------------------------------------
--  Constraints for Table MD_MIGR_PARAMETER
--------------------------------------------------------

  ALTER TABLE "USR_CLOTHES"."MD_MIGR_PARAMETER" MODIFY ("ID" NOT NULL ENABLE);
  ALTER TABLE "USR_CLOTHES"."MD_MIGR_PARAMETER" MODIFY ("CONNECTION_ID_FK" NOT NULL ENABLE);
  ALTER TABLE "USR_CLOTHES"."MD_MIGR_PARAMETER" MODIFY ("OBJECT_ID" NOT NULL ENABLE);
  ALTER TABLE "USR_CLOTHES"."MD_MIGR_PARAMETER" MODIFY ("OBJECT_TYPE" NOT NULL ENABLE);
  ALTER TABLE "USR_CLOTHES"."MD_MIGR_PARAMETER" MODIFY ("PARAM_EXISTING" NOT NULL ENABLE);
  ALTER TABLE "USR_CLOTHES"."MD_MIGR_PARAMETER" MODIFY ("PARAM_ORDER" NOT NULL ENABLE);
  ALTER TABLE "USR_CLOTHES"."MD_MIGR_PARAMETER" MODIFY ("PARAM_NAME" NOT NULL ENABLE);
  ALTER TABLE "USR_CLOTHES"."MD_MIGR_PARAMETER" MODIFY ("PARAM_TYPE" NOT NULL ENABLE);
  ALTER TABLE "USR_CLOTHES"."MD_MIGR_PARAMETER" MODIFY ("PARAM_DATA_TYPE" NOT NULL ENABLE);
  ALTER TABLE "USR_CLOTHES"."MD_MIGR_PARAMETER" MODIFY ("NULLABLE" NOT NULL ENABLE);
  ALTER TABLE "USR_CLOTHES"."MD_MIGR_PARAMETER" MODIFY ("SECURITY_GROUP_ID" NOT NULL ENABLE);
  ALTER TABLE "USR_CLOTHES"."MD_MIGR_PARAMETER" MODIFY ("CREATED_ON" NOT NULL ENABLE);
  ALTER TABLE "USR_CLOTHES"."MD_MIGR_PARAMETER" ADD CONSTRAINT "MIGR_PARAMETER_PK" PRIMARY KEY ("ID")
  USING INDEX PCTFREE 10 INITRANS 2 MAXTRANS 255 COMPUTE STATISTICS 
  TABLESPACE "TBS_CLOTHES"  ENABLE;
--------------------------------------------------------
--  Constraints for Table MD_MIGR_WEAKDEP
--------------------------------------------------------

  ALTER TABLE "USR_CLOTHES"."MD_MIGR_WEAKDEP" MODIFY ("ID" NOT NULL ENABLE);
  ALTER TABLE "USR_CLOTHES"."MD_MIGR_WEAKDEP" MODIFY ("CONNECTION_ID_FK" NOT NULL ENABLE);
  ALTER TABLE "USR_CLOTHES"."MD_MIGR_WEAKDEP" MODIFY ("SCHEMA_ID_FK" NOT NULL ENABLE);
  ALTER TABLE "USR_CLOTHES"."MD_MIGR_WEAKDEP" MODIFY ("PARENT_ID" NOT NULL ENABLE);
  ALTER TABLE "USR_CLOTHES"."MD_MIGR_WEAKDEP" MODIFY ("CHILD_NAME" NOT NULL ENABLE);
  ALTER TABLE "USR_CLOTHES"."MD_MIGR_WEAKDEP" MODIFY ("PARENT_TYPE" NOT NULL ENABLE);
  ALTER TABLE "USR_CLOTHES"."MD_MIGR_WEAKDEP" MODIFY ("CHILD_TYPE" NOT NULL ENABLE);
  ALTER TABLE "USR_CLOTHES"."MD_MIGR_WEAKDEP" MODIFY ("SECURITY_GROUP_ID" NOT NULL ENABLE);
  ALTER TABLE "USR_CLOTHES"."MD_MIGR_WEAKDEP" MODIFY ("CREATED_ON" NOT NULL ENABLE);
  ALTER TABLE "USR_CLOTHES"."MD_MIGR_WEAKDEP" ADD CONSTRAINT "MIGR_WEAKDEP_PK" PRIMARY KEY ("ID")
  USING INDEX PCTFREE 10 INITRANS 2 MAXTRANS 255 COMPUTE STATISTICS 
  TABLESPACE "TBS_CLOTHES"  ENABLE;
--------------------------------------------------------
--  Constraints for Table MD_OTHER_OBJECTS
--------------------------------------------------------

  ALTER TABLE "USR_CLOTHES"."MD_OTHER_OBJECTS" MODIFY ("ID" NOT NULL ENABLE);
  ALTER TABLE "USR_CLOTHES"."MD_OTHER_OBJECTS" MODIFY ("SCHEMA_ID_FK" NOT NULL ENABLE);
  ALTER TABLE "USR_CLOTHES"."MD_OTHER_OBJECTS" MODIFY ("SECURITY_GROUP_ID" NOT NULL ENABLE);
  ALTER TABLE "USR_CLOTHES"."MD_OTHER_OBJECTS" MODIFY ("CREATED_ON" NOT NULL ENABLE);
  ALTER TABLE "USR_CLOTHES"."MD_OTHER_OBJECTS" ADD CONSTRAINT "MD_OTHER_OBJECTS_PK" PRIMARY KEY ("ID")
  USING INDEX PCTFREE 10 INITRANS 2 MAXTRANS 255 COMPUTE STATISTICS 
  TABLESPACE "TBS_CLOTHES"  ENABLE;
--------------------------------------------------------
--  Constraints for Table MD_PACKAGES
--------------------------------------------------------

  ALTER TABLE "USR_CLOTHES"."MD_PACKAGES" MODIFY ("ID" NOT NULL ENABLE);
  ALTER TABLE "USR_CLOTHES"."MD_PACKAGES" MODIFY ("SCHEMA_ID_FK" NOT NULL ENABLE);
  ALTER TABLE "USR_CLOTHES"."MD_PACKAGES" MODIFY ("NAME" NOT NULL ENABLE);
  ALTER TABLE "USR_CLOTHES"."MD_PACKAGES" MODIFY ("LANGUAGE" NOT NULL ENABLE);
  ALTER TABLE "USR_CLOTHES"."MD_PACKAGES" MODIFY ("SECURITY_GROUP_ID" NOT NULL ENABLE);
  ALTER TABLE "USR_CLOTHES"."MD_PACKAGES" MODIFY ("CREATED_ON" NOT NULL ENABLE);
  ALTER TABLE "USR_CLOTHES"."MD_PACKAGES" ADD CONSTRAINT "MD_PACKAGES_PK" PRIMARY KEY ("ID")
  USING INDEX PCTFREE 10 INITRANS 2 MAXTRANS 255 COMPUTE STATISTICS 
  TABLESPACE "TBS_CLOTHES"  ENABLE;
--------------------------------------------------------
--  Constraints for Table MD_PARTITIONS
--------------------------------------------------------

  ALTER TABLE "USR_CLOTHES"."MD_PARTITIONS" MODIFY ("ID" NOT NULL ENABLE);
  ALTER TABLE "USR_CLOTHES"."MD_PARTITIONS" MODIFY ("TABLE_ID_FK" NOT NULL ENABLE);
  ALTER TABLE "USR_CLOTHES"."MD_PARTITIONS" MODIFY ("SECURITY_GROUP_ID" NOT NULL ENABLE);
  ALTER TABLE "USR_CLOTHES"."MD_PARTITIONS" MODIFY ("CREATED_ON" NOT NULL ENABLE);
  ALTER TABLE "USR_CLOTHES"."MD_PARTITIONS" ADD CONSTRAINT "MD_PARTITIONS_PK" PRIMARY KEY ("ID")
  USING INDEX PCTFREE 10 INITRANS 2 MAXTRANS 255 COMPUTE STATISTICS 
  TABLESPACE "TBS_CLOTHES"  ENABLE;
--------------------------------------------------------
--  Constraints for Table MD_PRIVILEGES
--------------------------------------------------------

  ALTER TABLE "USR_CLOTHES"."MD_PRIVILEGES" MODIFY ("ID" NOT NULL ENABLE);
  ALTER TABLE "USR_CLOTHES"."MD_PRIVILEGES" MODIFY ("SCHEMA_ID_FK" NOT NULL ENABLE);
  ALTER TABLE "USR_CLOTHES"."MD_PRIVILEGES" MODIFY ("PRIVILEGE_NAME" NOT NULL ENABLE);
  ALTER TABLE "USR_CLOTHES"."MD_PRIVILEGES" MODIFY ("PRIVELEGEOBJECTTYPE" NOT NULL ENABLE);
  ALTER TABLE "USR_CLOTHES"."MD_PRIVILEGES" MODIFY ("PRIVELEGE_TYPE" NOT NULL ENABLE);
  ALTER TABLE "USR_CLOTHES"."MD_PRIVILEGES" MODIFY ("NATIVE_SQL" NOT NULL ENABLE);
  ALTER TABLE "USR_CLOTHES"."MD_PRIVILEGES" MODIFY ("SECURITY_GROUP_ID" NOT NULL ENABLE);
  ALTER TABLE "USR_CLOTHES"."MD_PRIVILEGES" MODIFY ("CREATED_ON" NOT NULL ENABLE);
  ALTER TABLE "USR_CLOTHES"."MD_PRIVILEGES" ADD CONSTRAINT "MD_PRIVILEGES_PK" PRIMARY KEY ("ID")
  USING INDEX PCTFREE 10 INITRANS 2 MAXTRANS 255 COMPUTE STATISTICS 
  TABLESPACE "TBS_CLOTHES"  ENABLE;
--------------------------------------------------------
--  Constraints for Table MD_PROJECTS
--------------------------------------------------------

  ALTER TABLE "USR_CLOTHES"."MD_PROJECTS" MODIFY ("ID" NOT NULL ENABLE);
  ALTER TABLE "USR_CLOTHES"."MD_PROJECTS" MODIFY ("PROJECT_NAME" NOT NULL ENABLE);
  ALTER TABLE "USR_CLOTHES"."MD_PROJECTS" MODIFY ("SECURITY_GROUP_ID" NOT NULL ENABLE);
  ALTER TABLE "USR_CLOTHES"."MD_PROJECTS" MODIFY ("CREATED_ON" NOT NULL ENABLE);
  ALTER TABLE "USR_CLOTHES"."MD_PROJECTS" ADD CONSTRAINT "MD_PROJECTS_PK" PRIMARY KEY ("ID")
  USING INDEX PCTFREE 10 INITRANS 2 MAXTRANS 255 COMPUTE STATISTICS 
  TABLESPACE "TBS_CLOTHES"  ENABLE;
--------------------------------------------------------
--  Constraints for Table MD_REGISTRY
--------------------------------------------------------

  ALTER TABLE "USR_CLOTHES"."MD_REGISTRY" MODIFY ("OBJECT_TYPE" NOT NULL ENABLE);
  ALTER TABLE "USR_CLOTHES"."MD_REGISTRY" MODIFY ("OBJECT_NAME" NOT NULL ENABLE);
  ALTER TABLE "USR_CLOTHES"."MD_REGISTRY" ADD CONSTRAINT "MD_REGISTRY_PK" PRIMARY KEY ("OBJECT_TYPE", "OBJECT_NAME")
  USING INDEX PCTFREE 10 INITRANS 2 MAXTRANS 255 COMPUTE STATISTICS 
  TABLESPACE "TBS_CLOTHES"  ENABLE;
--------------------------------------------------------
--  Constraints for Table MD_REPOVERSIONS
--------------------------------------------------------

  ALTER TABLE "USR_CLOTHES"."MD_REPOVERSIONS" MODIFY ("REVISION" NOT NULL ENABLE);
--------------------------------------------------------
--  Constraints for Table MD_SCHEMAS
--------------------------------------------------------

  ALTER TABLE "USR_CLOTHES"."MD_SCHEMAS" MODIFY ("ID" NOT NULL ENABLE);
  ALTER TABLE "USR_CLOTHES"."MD_SCHEMAS" MODIFY ("CATALOG_ID_FK" NOT NULL ENABLE);
  ALTER TABLE "USR_CLOTHES"."MD_SCHEMAS" MODIFY ("SECURITY_GROUP_ID" NOT NULL ENABLE);
  ALTER TABLE "USR_CLOTHES"."MD_SCHEMAS" MODIFY ("CREATED_ON" NOT NULL ENABLE);
  ALTER TABLE "USR_CLOTHES"."MD_SCHEMAS" ADD CONSTRAINT "MD_SCHEMAS_PK" PRIMARY KEY ("ID")
  USING INDEX PCTFREE 10 INITRANS 2 MAXTRANS 255 COMPUTE STATISTICS 
  TABLESPACE "TBS_CLOTHES"  ENABLE;
--------------------------------------------------------
--  Constraints for Table MD_SEQUENCES
--------------------------------------------------------

  ALTER TABLE "USR_CLOTHES"."MD_SEQUENCES" MODIFY ("ID" NOT NULL ENABLE);
  ALTER TABLE "USR_CLOTHES"."MD_SEQUENCES" MODIFY ("SCHEMA_ID_FK" NOT NULL ENABLE);
  ALTER TABLE "USR_CLOTHES"."MD_SEQUENCES" MODIFY ("NAME" NOT NULL ENABLE);
  ALTER TABLE "USR_CLOTHES"."MD_SEQUENCES" MODIFY ("SEQ_START" NOT NULL ENABLE);
  ALTER TABLE "USR_CLOTHES"."MD_SEQUENCES" MODIFY ("INCR" NOT NULL ENABLE);
  ALTER TABLE "USR_CLOTHES"."MD_SEQUENCES" MODIFY ("SECURITY_GROUP_ID" NOT NULL ENABLE);
  ALTER TABLE "USR_CLOTHES"."MD_SEQUENCES" MODIFY ("CREATED_ON" NOT NULL ENABLE);
  ALTER TABLE "USR_CLOTHES"."MD_SEQUENCES" MODIFY ("CREATED_BY" NOT NULL ENABLE);
  ALTER TABLE "USR_CLOTHES"."MD_SEQUENCES" ADD CONSTRAINT "MD_SEQUENCES_PK" PRIMARY KEY ("ID")
  USING INDEX PCTFREE 10 INITRANS 2 MAXTRANS 255 COMPUTE STATISTICS 
  TABLESPACE "TBS_CLOTHES"  ENABLE;
--------------------------------------------------------
--  Constraints for Table MD_STORED_PROGRAMS
--------------------------------------------------------

  ALTER TABLE "USR_CLOTHES"."MD_STORED_PROGRAMS" MODIFY ("ID" NOT NULL ENABLE);
  ALTER TABLE "USR_CLOTHES"."MD_STORED_PROGRAMS" MODIFY ("SCHEMA_ID_FK" NOT NULL ENABLE);
  ALTER TABLE "USR_CLOTHES"."MD_STORED_PROGRAMS" MODIFY ("LANGUAGE" NOT NULL ENABLE);
  ALTER TABLE "USR_CLOTHES"."MD_STORED_PROGRAMS" MODIFY ("SECURITY_GROUP_ID" NOT NULL ENABLE);
  ALTER TABLE "USR_CLOTHES"."MD_STORED_PROGRAMS" MODIFY ("CREATED_ON" NOT NULL ENABLE);
  ALTER TABLE "USR_CLOTHES"."MD_STORED_PROGRAMS" ADD CONSTRAINT "MD_STORED_PROGRAMS_PK" PRIMARY KEY ("ID")
  USING INDEX PCTFREE 10 INITRANS 2 MAXTRANS 255 COMPUTE STATISTICS 
  TABLESPACE "TBS_CLOTHES"  ENABLE;
--------------------------------------------------------
--  Constraints for Table MD_SYNONYMS
--------------------------------------------------------

  ALTER TABLE "USR_CLOTHES"."MD_SYNONYMS" MODIFY ("ID" NOT NULL ENABLE);
  ALTER TABLE "USR_CLOTHES"."MD_SYNONYMS" MODIFY ("SCHEMA_ID_FK" NOT NULL ENABLE);
  ALTER TABLE "USR_CLOTHES"."MD_SYNONYMS" MODIFY ("NAME" NOT NULL ENABLE);
  ALTER TABLE "USR_CLOTHES"."MD_SYNONYMS" MODIFY ("SYNONYM_FOR_ID" NOT NULL ENABLE);
  ALTER TABLE "USR_CLOTHES"."MD_SYNONYMS" MODIFY ("FOR_OBJECT_TYPE" NOT NULL ENABLE);
  ALTER TABLE "USR_CLOTHES"."MD_SYNONYMS" MODIFY ("SECURITY_GROUP_ID" NOT NULL ENABLE);
  ALTER TABLE "USR_CLOTHES"."MD_SYNONYMS" MODIFY ("CREATED_ON" NOT NULL ENABLE);
  ALTER TABLE "USR_CLOTHES"."MD_SYNONYMS" ADD CONSTRAINT "MD_SYNONYMS_PK" PRIMARY KEY ("ID")
  USING INDEX PCTFREE 10 INITRANS 2 MAXTRANS 255 COMPUTE STATISTICS 
  TABLESPACE "TBS_CLOTHES"  ENABLE;
--------------------------------------------------------
--  Constraints for Table MD_TABLES
--------------------------------------------------------

  ALTER TABLE "USR_CLOTHES"."MD_TABLES" MODIFY ("ID" NOT NULL ENABLE);
  ALTER TABLE "USR_CLOTHES"."MD_TABLES" MODIFY ("SCHEMA_ID_FK" NOT NULL ENABLE);
  ALTER TABLE "USR_CLOTHES"."MD_TABLES" MODIFY ("TABLE_NAME" NOT NULL ENABLE);
  ALTER TABLE "USR_CLOTHES"."MD_TABLES" MODIFY ("QUALIFIED_NATIVE_NAME" NOT NULL ENABLE);
  ALTER TABLE "USR_CLOTHES"."MD_TABLES" MODIFY ("SECURITY_GROUP_ID" NOT NULL ENABLE);
  ALTER TABLE "USR_CLOTHES"."MD_TABLES" MODIFY ("CREATED_ON" NOT NULL ENABLE);
  ALTER TABLE "USR_CLOTHES"."MD_TABLES" ADD CONSTRAINT "MD_TABLES_PK" PRIMARY KEY ("ID")
  USING INDEX PCTFREE 10 INITRANS 2 MAXTRANS 255 COMPUTE STATISTICS 
  TABLESPACE "TBS_CLOTHES"  ENABLE;
--------------------------------------------------------
--  Constraints for Table MD_TABLESPACES
--------------------------------------------------------

  ALTER TABLE "USR_CLOTHES"."MD_TABLESPACES" MODIFY ("ID" NOT NULL ENABLE);
  ALTER TABLE "USR_CLOTHES"."MD_TABLESPACES" MODIFY ("SCHEMA_ID_FK" NOT NULL ENABLE);
  ALTER TABLE "USR_CLOTHES"."MD_TABLESPACES" MODIFY ("SECURITY_GROUP_ID" NOT NULL ENABLE);
  ALTER TABLE "USR_CLOTHES"."MD_TABLESPACES" MODIFY ("CREATED_ON" NOT NULL ENABLE);
  ALTER TABLE "USR_CLOTHES"."MD_TABLESPACES" ADD CONSTRAINT "MD_TABLESPACES_PK" PRIMARY KEY ("ID")
  USING INDEX PCTFREE 10 INITRANS 2 MAXTRANS 255 COMPUTE STATISTICS 
  TABLESPACE "TBS_CLOTHES"  ENABLE;
--------------------------------------------------------
--  Constraints for Table PRENDA
--------------------------------------------------------

  ALTER TABLE "USR_CLOTHES"."PRENDA" MODIFY ("PRENDA_ID" NOT NULL ENABLE);
  ALTER TABLE "USR_CLOTHES"."PRENDA" MODIFY ("NOMBRE_PRENDA" NOT NULL ENABLE);
  ALTER TABLE "USR_CLOTHES"."PRENDA" MODIFY ("PRECIO" NOT NULL ENABLE);
  ALTER TABLE "USR_CLOTHES"."PRENDA" MODIFY ("CATEGORIA_ID" NOT NULL ENABLE);
  ALTER TABLE "USR_CLOTHES"."PRENDA" MODIFY ("MATERIAL_ID" NOT NULL ENABLE);
  ALTER TABLE "USR_CLOTHES"."PRENDA" MODIFY ("MARCA_ID" NOT NULL ENABLE);
  ALTER TABLE "USR_CLOTHES"."PRENDA" ADD CONSTRAINT "PK_PRENDA" PRIMARY KEY ("PRENDA_ID")
  USING INDEX PCTFREE 10 INITRANS 2 MAXTRANS 255 COMPUTE STATISTICS 
  STORAGE(INITIAL 65536 NEXT 1048576 MINEXTENTS 1 MAXEXTENTS 2147483645
  PCTINCREASE 0 FREELISTS 1 FREELIST GROUPS 1
  BUFFER_POOL DEFAULT FLASH_CACHE DEFAULT CELL_FLASH_CACHE DEFAULT)
  TABLESPACE "TBS_CLOTHES"  ENABLE;
--------------------------------------------------------
--  Constraints for Table PRENDA_PROVEEDOR
--------------------------------------------------------

  ALTER TABLE "USR_CLOTHES"."PRENDA_PROVEEDOR" MODIFY ("PRENDA_ID" NOT NULL ENABLE);
  ALTER TABLE "USR_CLOTHES"."PRENDA_PROVEEDOR" MODIFY ("PROVEEDOR_ID" NOT NULL ENABLE);
  ALTER TABLE "USR_CLOTHES"."PRENDA_PROVEEDOR" ADD CONSTRAINT "PK_PRENDA_PROVEEDOR" PRIMARY KEY ("PRENDA_ID", "PROVEEDOR_ID")
  USING INDEX PCTFREE 10 INITRANS 2 MAXTRANS 255 COMPUTE STATISTICS 
  STORAGE(INITIAL 65536 NEXT 1048576 MINEXTENTS 1 MAXEXTENTS 2147483645
  PCTINCREASE 0 FREELISTS 1 FREELIST GROUPS 1
  BUFFER_POOL DEFAULT FLASH_CACHE DEFAULT CELL_FLASH_CACHE DEFAULT)
  TABLESPACE "TBS_CLOTHES"  ENABLE;
--------------------------------------------------------
--  Constraints for Table PRENDA_TALLA
--------------------------------------------------------

  ALTER TABLE "USR_CLOTHES"."PRENDA_TALLA" MODIFY ("PRENDA_ID" NOT NULL ENABLE);
  ALTER TABLE "USR_CLOTHES"."PRENDA_TALLA" MODIFY ("TALLA_ID" NOT NULL ENABLE);
  ALTER TABLE "USR_CLOTHES"."PRENDA_TALLA" MODIFY ("STOCK" NOT NULL ENABLE);
  ALTER TABLE "USR_CLOTHES"."PRENDA_TALLA" ADD CONSTRAINT "PK_PRENDA_TALLA" PRIMARY KEY ("PRENDA_ID", "TALLA_ID")
  USING INDEX PCTFREE 10 INITRANS 2 MAXTRANS 255 COMPUTE STATISTICS 
  STORAGE(INITIAL 65536 NEXT 1048576 MINEXTENTS 1 MAXEXTENTS 2147483645
  PCTINCREASE 0 FREELISTS 1 FREELIST GROUPS 1
  BUFFER_POOL DEFAULT FLASH_CACHE DEFAULT CELL_FLASH_CACHE DEFAULT)
  TABLESPACE "TBS_CLOTHES"  ENABLE;
--------------------------------------------------------
--  Constraints for Table PROVEEDOR
--------------------------------------------------------

  ALTER TABLE "USR_CLOTHES"."PROVEEDOR" MODIFY ("PROVEEDOR_ID" NOT NULL ENABLE);
  ALTER TABLE "USR_CLOTHES"."PROVEEDOR" MODIFY ("NOMBRE_PROVEEDOR" NOT NULL ENABLE);
  ALTER TABLE "USR_CLOTHES"."PROVEEDOR" MODIFY ("TELEFONO" NOT NULL ENABLE);
  ALTER TABLE "USR_CLOTHES"."PROVEEDOR" MODIFY ("EMAIL" NOT NULL ENABLE);
  ALTER TABLE "USR_CLOTHES"."PROVEEDOR" MODIFY ("DIRECCION" NOT NULL ENABLE);
  ALTER TABLE "USR_CLOTHES"."PROVEEDOR" ADD CONSTRAINT "PK_PROVEEDOR" PRIMARY KEY ("PROVEEDOR_ID")
  USING INDEX PCTFREE 10 INITRANS 2 MAXTRANS 255 COMPUTE STATISTICS 
  STORAGE(INITIAL 65536 NEXT 1048576 MINEXTENTS 1 MAXEXTENTS 2147483645
  PCTINCREASE 0 FREELISTS 1 FREELIST GROUPS 1
  BUFFER_POOL DEFAULT FLASH_CACHE DEFAULT CELL_FLASH_CACHE DEFAULT)
  TABLESPACE "TBS_CLOTHES"  ENABLE;
--------------------------------------------------------
--  Constraints for Table TALLA
--------------------------------------------------------

  ALTER TABLE "USR_CLOTHES"."TALLA" MODIFY ("TALLA_ID" NOT NULL ENABLE);
  ALTER TABLE "USR_CLOTHES"."TALLA" MODIFY ("NOMBRE_TALLA" NOT NULL ENABLE);
  ALTER TABLE "USR_CLOTHES"."TALLA" ADD CONSTRAINT "PK_TALLA" PRIMARY KEY ("TALLA_ID")
  USING INDEX PCTFREE 10 INITRANS 2 MAXTRANS 255 COMPUTE STATISTICS 
  STORAGE(INITIAL 65536 NEXT 1048576 MINEXTENTS 1 MAXEXTENTS 2147483645
  PCTINCREASE 0 FREELISTS 1 FREELIST GROUPS 1
  BUFFER_POOL DEFAULT FLASH_CACHE DEFAULT CELL_FLASH_CACHE DEFAULT)
  TABLESPACE "TBS_CLOTHES"  ENABLE;
--------------------------------------------------------
--  Constraints for Table VENTA_PRENDA
--------------------------------------------------------

  ALTER TABLE "USR_CLOTHES"."VENTA_PRENDA" MODIFY ("PRENDA_ID" NOT NULL ENABLE);
  ALTER TABLE "USR_CLOTHES"."VENTA_PRENDA" MODIFY ("DETALLE_VENTA_ID" NOT NULL ENABLE);
  ALTER TABLE "USR_CLOTHES"."VENTA_PRENDA" MODIFY ("CANTIDAD" NOT NULL ENABLE);
  ALTER TABLE "USR_CLOTHES"."VENTA_PRENDA" MODIFY ("PRECIO_UNITARIO" NOT NULL ENABLE);
  ALTER TABLE "USR_CLOTHES"."VENTA_PRENDA" MODIFY ("SUBTOTAL" NOT NULL ENABLE);
  ALTER TABLE "USR_CLOTHES"."VENTA_PRENDA" ADD CONSTRAINT "PK_VENTA_PRENDA" PRIMARY KEY ("PRENDA_ID", "DETALLE_VENTA_ID")
  USING INDEX PCTFREE 10 INITRANS 2 MAXTRANS 255 COMPUTE STATISTICS 
  STORAGE(INITIAL 65536 NEXT 1048576 MINEXTENTS 1 MAXEXTENTS 2147483645
  PCTINCREASE 0 FREELISTS 1 FREELIST GROUPS 1
  BUFFER_POOL DEFAULT FLASH_CACHE DEFAULT CELL_FLASH_CACHE DEFAULT)
  TABLESPACE "TBS_CLOTHES"  ENABLE;
--------------------------------------------------------
--  Ref Constraints for Table AUTH_GROUP_PERMISSIONS
--------------------------------------------------------

  ALTER TABLE "USR_CLOTHES"."AUTH_GROUP_PERMISSIONS" ADD CONSTRAINT "AUTH_GROU_GROUP_ID_B120CBF9_F" FOREIGN KEY ("GROUP_ID")
	  REFERENCES "USR_CLOTHES"."AUTH_GROUP" ("ID") DEFERRABLE INITIALLY DEFERRED ENABLE;
  ALTER TABLE "USR_CLOTHES"."AUTH_GROUP_PERMISSIONS" ADD CONSTRAINT "AUTH_GROU_PERMISSIO_84C5C92E_F" FOREIGN KEY ("PERMISSION_ID")
	  REFERENCES "USR_CLOTHES"."AUTH_PERMISSION" ("ID") DEFERRABLE INITIALLY DEFERRED ENABLE;
--------------------------------------------------------
--  Ref Constraints for Table AUTH_PERMISSION
--------------------------------------------------------

  ALTER TABLE "USR_CLOTHES"."AUTH_PERMISSION" ADD CONSTRAINT "AUTH_PERM_CONTENT_T_2F476E4B_F" FOREIGN KEY ("CONTENT_TYPE_ID")
	  REFERENCES "USR_CLOTHES"."DJANGO_CONTENT_TYPE" ("ID") DEFERRABLE INITIALLY DEFERRED ENABLE;
--------------------------------------------------------
--  Ref Constraints for Table AUTH_USER_GROUPS
--------------------------------------------------------

  ALTER TABLE "USR_CLOTHES"."AUTH_USER_GROUPS" ADD CONSTRAINT "AUTH_USER_USER_ID_6A12ED8B_F" FOREIGN KEY ("USER_ID")
	  REFERENCES "USR_CLOTHES"."AUTH_USER" ("ID") DEFERRABLE INITIALLY DEFERRED ENABLE;
  ALTER TABLE "USR_CLOTHES"."AUTH_USER_GROUPS" ADD CONSTRAINT "AUTH_USER_GROUP_ID_97559544_F" FOREIGN KEY ("GROUP_ID")
	  REFERENCES "USR_CLOTHES"."AUTH_GROUP" ("ID") DEFERRABLE INITIALLY DEFERRED ENABLE;
--------------------------------------------------------
--  Ref Constraints for Table AUTH_USER_USER_PERMISSIONS
--------------------------------------------------------

  ALTER TABLE "USR_CLOTHES"."AUTH_USER_USER_PERMISSIONS" ADD CONSTRAINT "AUTH_USER_USER_ID_A95EAD1B_F" FOREIGN KEY ("USER_ID")
	  REFERENCES "USR_CLOTHES"."AUTH_USER" ("ID") DEFERRABLE INITIALLY DEFERRED ENABLE;
  ALTER TABLE "USR_CLOTHES"."AUTH_USER_USER_PERMISSIONS" ADD CONSTRAINT "AUTH_USER_PERMISSIO_1FBB5F2C_F" FOREIGN KEY ("PERMISSION_ID")
	  REFERENCES "USR_CLOTHES"."AUTH_PERMISSION" ("ID") DEFERRABLE INITIALLY DEFERRED ENABLE;
--------------------------------------------------------
--  Ref Constraints for Table CATEGORIA_DEPARTAMENTO
--------------------------------------------------------

  ALTER TABLE "USR_CLOTHES"."CATEGORIA_DEPARTAMENTO" ADD CONSTRAINT "FK_CAT_DEP_CATEGORIA" FOREIGN KEY ("ID_CATEGORIA")
	  REFERENCES "USR_CLOTHES"."CATEGORIA" ("CATEGORIA_ID") ENABLE;
  ALTER TABLE "USR_CLOTHES"."CATEGORIA_DEPARTAMENTO" ADD CONSTRAINT "FK_CAT_DEP_DEPARTAMENTO" FOREIGN KEY ("DEPARTAMENTO_ID")
	  REFERENCES "USR_CLOTHES"."DEPARTAMENTO" ("DEPARTAMENTO_ID") ENABLE;
--------------------------------------------------------
--  Ref Constraints for Table DETALLE_DEVOLUCION
--------------------------------------------------------

  ALTER TABLE "USR_CLOTHES"."DETALLE_DEVOLUCION" ADD CONSTRAINT "FK_DEVOLUCION_VENTA_PRENDA" FOREIGN KEY ("PRENDA_ID", "DETALLE_VENTA_ID")
	  REFERENCES "USR_CLOTHES"."VENTA_PRENDA" ("PRENDA_ID", "DETALLE_VENTA_ID") ENABLE;
--------------------------------------------------------
--  Ref Constraints for Table DETALLE_VENTA
--------------------------------------------------------

  ALTER TABLE "USR_CLOTHES"."DETALLE_VENTA" ADD CONSTRAINT "FK_EMPLEADO" FOREIGN KEY ("EMPLEADO_ID")
	  REFERENCES "USR_CLOTHES"."EMPLEADO" ("EMPLEADO_ID") ENABLE;
--------------------------------------------------------
--  Ref Constraints for Table DJANGO_ADMIN_LOG
--------------------------------------------------------

  ALTER TABLE "USR_CLOTHES"."DJANGO_ADMIN_LOG" ADD CONSTRAINT "DJANGO_AD_CONTENT_T_C4BCE8EB_F" FOREIGN KEY ("CONTENT_TYPE_ID")
	  REFERENCES "USR_CLOTHES"."DJANGO_CONTENT_TYPE" ("ID") DEFERRABLE INITIALLY DEFERRED ENABLE;
  ALTER TABLE "USR_CLOTHES"."DJANGO_ADMIN_LOG" ADD CONSTRAINT "DJANGO_AD_USER_ID_C564EBA6_F" FOREIGN KEY ("USER_ID")
	  REFERENCES "USR_CLOTHES"."AUTH_USER" ("ID") DEFERRABLE INITIALLY DEFERRED ENABLE;
--------------------------------------------------------
--  Ref Constraints for Table MD_ADDITIONAL_PROPERTIES
--------------------------------------------------------

  ALTER TABLE "USR_CLOTHES"."MD_ADDITIONAL_PROPERTIES" ADD CONSTRAINT "MD_ADDITIONAL_PROPERTIES__FK1" FOREIGN KEY ("CONNECTION_ID_FK")
	  REFERENCES "USR_CLOTHES"."MD_CONNECTIONS" ("ID") ON DELETE CASCADE ENABLE;
--------------------------------------------------------
--  Ref Constraints for Table MD_APPLICATIONFILES
--------------------------------------------------------

  ALTER TABLE "USR_CLOTHES"."MD_APPLICATIONFILES" ADD CONSTRAINT "MD_FILE_APP_FK" FOREIGN KEY ("APPLICATIONS_ID_FK")
	  REFERENCES "USR_CLOTHES"."MD_APPLICATIONS" ("ID") ON DELETE CASCADE ENABLE;
--------------------------------------------------------
--  Ref Constraints for Table MD_APPLICATIONS
--------------------------------------------------------

  ALTER TABLE "USR_CLOTHES"."MD_APPLICATIONS" ADD CONSTRAINT "MD_APP_PROJ_FK" FOREIGN KEY ("PROJECT_ID_FK")
	  REFERENCES "USR_CLOTHES"."MD_PROJECTS" ("ID") ON DELETE CASCADE ENABLE;
--------------------------------------------------------
--  Ref Constraints for Table MD_CATALOGS
--------------------------------------------------------

  ALTER TABLE "USR_CLOTHES"."MD_CATALOGS" ADD CONSTRAINT "MD_CATALOGS_MD_CONNECTION_FK1" FOREIGN KEY ("CONNECTION_ID_FK")
	  REFERENCES "USR_CLOTHES"."MD_CONNECTIONS" ("ID") ON DELETE CASCADE ENABLE;
--------------------------------------------------------
--  Ref Constraints for Table MD_COLUMNS
--------------------------------------------------------

  ALTER TABLE "USR_CLOTHES"."MD_COLUMNS" ADD CONSTRAINT "MD_COLUMNS_MD_TABLES_FK1" FOREIGN KEY ("TABLE_ID_FK")
	  REFERENCES "USR_CLOTHES"."MD_TABLES" ("ID") ON DELETE CASCADE ENABLE;
--------------------------------------------------------
--  Ref Constraints for Table MD_CONNECTIONS
--------------------------------------------------------

  ALTER TABLE "USR_CLOTHES"."MD_CONNECTIONS" ADD CONSTRAINT "MD_CONNECTIONS_MD_PROJECT_FK1" FOREIGN KEY ("PROJECT_ID_FK")
	  REFERENCES "USR_CLOTHES"."MD_PROJECTS" ("ID") ON DELETE CASCADE ENABLE;
--------------------------------------------------------
--  Ref Constraints for Table MD_CONSTRAINTS
--------------------------------------------------------

  ALTER TABLE "USR_CLOTHES"."MD_CONSTRAINTS" ADD CONSTRAINT "MD_CONSTRAINTS_MD_TABLES_FK1" FOREIGN KEY ("TABLE_ID_FK")
	  REFERENCES "USR_CLOTHES"."MD_TABLES" ("ID") ON DELETE CASCADE ENABLE;
--------------------------------------------------------
--  Ref Constraints for Table MD_CONSTRAINT_DETAILS
--------------------------------------------------------

  ALTER TABLE "USR_CLOTHES"."MD_CONSTRAINT_DETAILS" ADD CONSTRAINT "MD_CONSTRAINT_DETAILS_MD__FK2" FOREIGN KEY ("COLUMN_ID_FK")
	  REFERENCES "USR_CLOTHES"."MD_COLUMNS" ("ID") ON DELETE CASCADE ENABLE;
  ALTER TABLE "USR_CLOTHES"."MD_CONSTRAINT_DETAILS" ADD CONSTRAINT "MD_CONSTRAINT_DETAILS_MD__FK1" FOREIGN KEY ("CONSTRAINT_ID_FK")
	  REFERENCES "USR_CLOTHES"."MD_CONSTRAINTS" ("ID") ON DELETE CASCADE ENABLE;
--------------------------------------------------------
--  Ref Constraints for Table MD_DERIVATIVES
--------------------------------------------------------

  ALTER TABLE "USR_CLOTHES"."MD_DERIVATIVES" ADD CONSTRAINT "MD_DERIVATIVES_MD_CONNECT_FK1" FOREIGN KEY ("DERIVED_CONNECTION_ID_FK")
	  REFERENCES "USR_CLOTHES"."MD_CONNECTIONS" ("ID") ON DELETE CASCADE ENABLE;
--------------------------------------------------------
--  Ref Constraints for Table MD_FILE_ARTIFACTS
--------------------------------------------------------

  ALTER TABLE "USR_CLOTHES"."MD_FILE_ARTIFACTS" ADD CONSTRAINT "MD_ARTIFACT_FILE_FK" FOREIGN KEY ("APPLICATIONFILES_ID")
	  REFERENCES "USR_CLOTHES"."MD_APPLICATIONFILES" ("ID") ON DELETE CASCADE ENABLE;
--------------------------------------------------------
--  Ref Constraints for Table MD_GROUPS
--------------------------------------------------------

  ALTER TABLE "USR_CLOTHES"."MD_GROUPS" ADD CONSTRAINT "MD_GROUPS_MD_SCHEMAS_FK1" FOREIGN KEY ("SCHEMA_ID_FK")
	  REFERENCES "USR_CLOTHES"."MD_SCHEMAS" ("ID") ON DELETE CASCADE ENABLE;
--------------------------------------------------------
--  Ref Constraints for Table MD_GROUP_MEMBERS
--------------------------------------------------------

  ALTER TABLE "USR_CLOTHES"."MD_GROUP_MEMBERS" ADD CONSTRAINT "MD_GROUPMEMBERS_MD_USERS_FK1" FOREIGN KEY ("USER_ID_FK")
	  REFERENCES "USR_CLOTHES"."MD_USERS" ("ID") ON DELETE CASCADE ENABLE;
  ALTER TABLE "USR_CLOTHES"."MD_GROUP_MEMBERS" ADD CONSTRAINT "MD_GROUPMEMBERS_MD_GROUPS_FK2" FOREIGN KEY ("GROUP_MEMBER_ID_FK")
	  REFERENCES "USR_CLOTHES"."MD_GROUPS" ("ID") ON DELETE CASCADE ENABLE;
  ALTER TABLE "USR_CLOTHES"."MD_GROUP_MEMBERS" ADD CONSTRAINT "MD_GROUPMEMBERS_MD_GROUPS_FK1" FOREIGN KEY ("GROUP_ID_FK")
	  REFERENCES "USR_CLOTHES"."MD_GROUPS" ("ID") ON DELETE CASCADE ENABLE;
--------------------------------------------------------
--  Ref Constraints for Table MD_GROUP_PRIVILEGES
--------------------------------------------------------

  ALTER TABLE "USR_CLOTHES"."MD_GROUP_PRIVILEGES" ADD CONSTRAINT "MD_GROUP_PRIVILEGES_MD_GR_FK1" FOREIGN KEY ("GROUP_ID_FK")
	  REFERENCES "USR_CLOTHES"."MD_GROUPS" ("ID") ON DELETE CASCADE ENABLE;
  ALTER TABLE "USR_CLOTHES"."MD_GROUP_PRIVILEGES" ADD CONSTRAINT "MD_GROUP_PRIVILEGES_MD_PR_FK1" FOREIGN KEY ("PRIVILEGE_ID_FK")
	  REFERENCES "USR_CLOTHES"."MD_PRIVILEGES" ("ID") ON DELETE CASCADE ENABLE;
--------------------------------------------------------
--  Ref Constraints for Table MD_INDEXES
--------------------------------------------------------

  ALTER TABLE "USR_CLOTHES"."MD_INDEXES" ADD CONSTRAINT "MD_INDEXES_MD_TABLES_FK1" FOREIGN KEY ("TABLE_ID_FK")
	  REFERENCES "USR_CLOTHES"."MD_TABLES" ("ID") ON DELETE CASCADE ENABLE;
--------------------------------------------------------
--  Ref Constraints for Table MD_INDEX_DETAILS
--------------------------------------------------------

  ALTER TABLE "USR_CLOTHES"."MD_INDEX_DETAILS" ADD CONSTRAINT "MD_INDEX_DETAILS_MD_COLUM_FK1" FOREIGN KEY ("COLUMN_ID_FK")
	  REFERENCES "USR_CLOTHES"."MD_COLUMNS" ("ID") ON DELETE CASCADE ENABLE;
  ALTER TABLE "USR_CLOTHES"."MD_INDEX_DETAILS" ADD CONSTRAINT "MD_INDEX_DETAILS_MD_INDEX_FK1" FOREIGN KEY ("INDEX_ID_FK")
	  REFERENCES "USR_CLOTHES"."MD_INDEXES" ("ID") ON DELETE CASCADE ENABLE;
--------------------------------------------------------
--  Ref Constraints for Table MD_MIGR_DEPENDENCY
--------------------------------------------------------

  ALTER TABLE "USR_CLOTHES"."MD_MIGR_DEPENDENCY" ADD CONSTRAINT "MIGR_DEPENDENCY_FK" FOREIGN KEY ("CONNECTION_ID_FK")
	  REFERENCES "USR_CLOTHES"."MD_CONNECTIONS" ("ID") ON DELETE CASCADE ENABLE;
--------------------------------------------------------
--  Ref Constraints for Table MD_MIGR_PARAMETER
--------------------------------------------------------

  ALTER TABLE "USR_CLOTHES"."MD_MIGR_PARAMETER" ADD CONSTRAINT "MIGR_PARAMETER_FK" FOREIGN KEY ("CONNECTION_ID_FK")
	  REFERENCES "USR_CLOTHES"."MD_CONNECTIONS" ("ID") ON DELETE CASCADE ENABLE;
--------------------------------------------------------
--  Ref Constraints for Table MD_MIGR_WEAKDEP
--------------------------------------------------------

  ALTER TABLE "USR_CLOTHES"."MD_MIGR_WEAKDEP" ADD CONSTRAINT "MIGR_WEAKDEP_FK2" FOREIGN KEY ("SCHEMA_ID_FK")
	  REFERENCES "USR_CLOTHES"."MD_SCHEMAS" ("ID") ON DELETE CASCADE ENABLE;
  ALTER TABLE "USR_CLOTHES"."MD_MIGR_WEAKDEP" ADD CONSTRAINT "MIGR_WEAKDEP_FK1" FOREIGN KEY ("CONNECTION_ID_FK")
	  REFERENCES "USR_CLOTHES"."MD_CONNECTIONS" ("ID") ON DELETE CASCADE ENABLE;
--------------------------------------------------------
--  Ref Constraints for Table MD_OTHER_OBJECTS
--------------------------------------------------------

  ALTER TABLE "USR_CLOTHES"."MD_OTHER_OBJECTS" ADD CONSTRAINT "MD_OTHER_OBJECTS_MD_SCHEM_FK1" FOREIGN KEY ("SCHEMA_ID_FK")
	  REFERENCES "USR_CLOTHES"."MD_SCHEMAS" ("ID") ON DELETE CASCADE ENABLE;
--------------------------------------------------------
--  Ref Constraints for Table MD_PACKAGES
--------------------------------------------------------

  ALTER TABLE "USR_CLOTHES"."MD_PACKAGES" ADD CONSTRAINT "MD_PACKAGES_MD_SCHEMAS_FK1" FOREIGN KEY ("SCHEMA_ID_FK")
	  REFERENCES "USR_CLOTHES"."MD_SCHEMAS" ("ID") ON DELETE CASCADE ENABLE;
--------------------------------------------------------
--  Ref Constraints for Table MD_PARTITIONS
--------------------------------------------------------

  ALTER TABLE "USR_CLOTHES"."MD_PARTITIONS" ADD CONSTRAINT "MD_PARTITIONS_MD_TABLES_FK1" FOREIGN KEY ("TABLE_ID_FK")
	  REFERENCES "USR_CLOTHES"."MD_TABLES" ("ID") ON DELETE CASCADE ENABLE;
--------------------------------------------------------
--  Ref Constraints for Table MD_PRIVILEGES
--------------------------------------------------------

  ALTER TABLE "USR_CLOTHES"."MD_PRIVILEGES" ADD CONSTRAINT "MD_PRIVILEGES_MD_SCHEMAS_FK1" FOREIGN KEY ("SCHEMA_ID_FK")
	  REFERENCES "USR_CLOTHES"."MD_SCHEMAS" ("ID") ON DELETE CASCADE ENABLE;
--------------------------------------------------------
--  Ref Constraints for Table MD_SCHEMAS
--------------------------------------------------------

  ALTER TABLE "USR_CLOTHES"."MD_SCHEMAS" ADD CONSTRAINT "MD_SCHEMAS_MD_CATALOGS_FK1" FOREIGN KEY ("CATALOG_ID_FK")
	  REFERENCES "USR_CLOTHES"."MD_CATALOGS" ("ID") ON DELETE CASCADE ENABLE;
--------------------------------------------------------
--  Ref Constraints for Table MD_SEQUENCES
--------------------------------------------------------

  ALTER TABLE "USR_CLOTHES"."MD_SEQUENCES" ADD CONSTRAINT "MD_SEQUENCES_MD_SCHEMAS_FK1" FOREIGN KEY ("SCHEMA_ID_FK")
	  REFERENCES "USR_CLOTHES"."MD_SCHEMAS" ("ID") ON DELETE CASCADE ENABLE;
--------------------------------------------------------
--  Ref Constraints for Table MD_STORED_PROGRAMS
--------------------------------------------------------

  ALTER TABLE "USR_CLOTHES"."MD_STORED_PROGRAMS" ADD CONSTRAINT "MD_STORED_PROGRAMS_MD_SCH_FK1" FOREIGN KEY ("SCHEMA_ID_FK")
	  REFERENCES "USR_CLOTHES"."MD_SCHEMAS" ("ID") ON DELETE CASCADE ENABLE;
  ALTER TABLE "USR_CLOTHES"."MD_STORED_PROGRAMS" ADD CONSTRAINT "MD_STORED_PROGRAMS_MD_PAC_FK1" FOREIGN KEY ("PACKAGE_ID_FK")
	  REFERENCES "USR_CLOTHES"."MD_PACKAGES" ("ID") ON DELETE CASCADE ENABLE;
--------------------------------------------------------
--  Ref Constraints for Table MD_SYNONYMS
--------------------------------------------------------

  ALTER TABLE "USR_CLOTHES"."MD_SYNONYMS" ADD CONSTRAINT "MD_SYNONYMS_MD_SCHEMAS_FK1" FOREIGN KEY ("SCHEMA_ID_FK")
	  REFERENCES "USR_CLOTHES"."MD_SCHEMAS" ("ID") ON DELETE CASCADE ENABLE;
--------------------------------------------------------
--  Ref Constraints for Table MD_TABLES
--------------------------------------------------------

  ALTER TABLE "USR_CLOTHES"."MD_TABLES" ADD CONSTRAINT "MD_TABLES_MD_SCHEMAS_FK1" FOREIGN KEY ("SCHEMA_ID_FK")
	  REFERENCES "USR_CLOTHES"."MD_SCHEMAS" ("ID") ON DELETE CASCADE ENABLE;
--------------------------------------------------------
--  Ref Constraints for Table MD_TABLESPACES
--------------------------------------------------------

  ALTER TABLE "USR_CLOTHES"."MD_TABLESPACES" ADD CONSTRAINT "MD_TABLESPACES_MD_SCHEMAS_FK1" FOREIGN KEY ("SCHEMA_ID_FK")
	  REFERENCES "USR_CLOTHES"."MD_SCHEMAS" ("ID") ON DELETE CASCADE ENABLE;
--------------------------------------------------------
--  Ref Constraints for Table PRENDA
--------------------------------------------------------

  ALTER TABLE "USR_CLOTHES"."PRENDA" ADD CONSTRAINT "PRENDA_CATEGORIA_B33DCDCD_F" FOREIGN KEY ("CATEGORIA_ID")
	  REFERENCES "USR_CLOTHES"."CATEGORIA" ("CATEGORIA_ID") DEFERRABLE INITIALLY DEFERRED ENABLE;
  ALTER TABLE "USR_CLOTHES"."PRENDA" ADD CONSTRAINT "FK_MATERIAL" FOREIGN KEY ("MATERIAL_ID")
	  REFERENCES "USR_CLOTHES"."MATERIAL" ("MATERIAL_ID") ENABLE;
  ALTER TABLE "USR_CLOTHES"."PRENDA" ADD CONSTRAINT "FK_MARCA" FOREIGN KEY ("MARCA_ID")
	  REFERENCES "USR_CLOTHES"."MARCA" ("MARCA_ID") ENABLE;
--------------------------------------------------------
--  Ref Constraints for Table PRENDA_PROVEEDOR
--------------------------------------------------------

  ALTER TABLE "USR_CLOTHES"."PRENDA_PROVEEDOR" ADD CONSTRAINT "FK_PRENDA" FOREIGN KEY ("PRENDA_ID")
	  REFERENCES "USR_CLOTHES"."PRENDA" ("PRENDA_ID") ENABLE;
  ALTER TABLE "USR_CLOTHES"."PRENDA_PROVEEDOR" ADD CONSTRAINT "FK_PROVEEDOR" FOREIGN KEY ("PROVEEDOR_ID")
	  REFERENCES "USR_CLOTHES"."PROVEEDOR" ("PROVEEDOR_ID") ENABLE;
--------------------------------------------------------
--  Ref Constraints for Table PRENDA_TALLA
--------------------------------------------------------

  ALTER TABLE "USR_CLOTHES"."PRENDA_TALLA" ADD CONSTRAINT "FK_PT_PRENDA" FOREIGN KEY ("PRENDA_ID")
	  REFERENCES "USR_CLOTHES"."PRENDA" ("PRENDA_ID") ENABLE;
  ALTER TABLE "USR_CLOTHES"."PRENDA_TALLA" ADD CONSTRAINT "FK_PT_TALLA" FOREIGN KEY ("TALLA_ID")
	  REFERENCES "USR_CLOTHES"."TALLA" ("TALLA_ID") ENABLE;
--------------------------------------------------------
--  Ref Constraints for Table VENTA_PRENDA
--------------------------------------------------------

  ALTER TABLE "USR_CLOTHES"."VENTA_PRENDA" ADD CONSTRAINT "FK_VP_PRENDA" FOREIGN KEY ("PRENDA_ID")
	  REFERENCES "USR_CLOTHES"."PRENDA" ("PRENDA_ID") ENABLE;
  ALTER TABLE "USR_CLOTHES"."VENTA_PRENDA" ADD CONSTRAINT "FK_VP_DETALLE_VENTA" FOREIGN KEY ("DETALLE_VENTA_ID")
	  REFERENCES "USR_CLOTHES"."DETALLE_VENTA" ("DETALLE_VENTA_ID") ENABLE;
